"Zone","Rack No.","Bin No.","Location Code","Carton No.","Lot No.","Item No.","Description","UOM","Barcode","Qty","Timestamp"
"A","R1","Bin 1","A-R1-Bin1","CTN-A-0001","LOT-A-0002","PILLOW DOCTOR","Cotton Pillow Doctor","PCS","8907144274507","12","2026-09-05T13:28:18.789Z"
"A","R1","Bin 1","A-R1-Bin1","CTN-A-0002","LOT-A-0002","PILLOW DOCTOR","Cotton Pillow Doctor","PCS","8907144274507","12","2026-09-05T13:31:42.876Z"
"A","R1","Bin 1","A-R1-Bin1","CTN-A-0003","LOT-A-0002","PILLOW DOCTOR","Cotton Pillow Doctor","PCS","8907144274507","12","2026-09-05T13:32:29.268Z"
"A","R1","Bin 1","A-R1-Bin1","CTN-A-0004","LOT-A-0002","PILLOW DOCTOR","Cotton Pillow Doctor","PCS","8907144274507","12","2026-09-05T13:32:56.487Z"
"A","R1","Bin 1","A-R1-Bin1","CTN-A-0005","LOT-A-0002","PILLOW DOCTOR","Cotton Pillow Doctor","PCS","8907144274507","12","2026-09-05T13:33:27.458Z"
"A","R1","Bin 1","A-R1-Bin1","CTN-A-0006","LOT-A-0002","PILLOW DOCTOR","Cotton Pillow Doctor","PCS","8907144274507","12","2026-09-05T13:33:53.563Z"
"A","R1","Bin 1","A-R1-Bin1","CTN-A-0007","LOT-A-0002","PILLOW DOCTOR","Cotton Pillow Doctor","PCS","8907144274507","12","2026-09-05T13:34:33.931Z"
"A","R1","Bin 1","A-R1-Bin1","CTN-A-0008","LOT-A-0002","PILLOW DOCTOR","Cotton Pillow Doctor","PCS","8907144274507","12","2026-09-05T13:34:55.259Z"
"A","R1","Bin 1","A-R1-Bin1","CTN-A-0009","LOT-A-0002","PILLOW DOCTOR","Cotton Pillow Doctor","PCS","8907144274507","12","2026-09-05T13:35:35.187Z"
"A","R1","Bin 10","A-R1-Bin10","CTN-A-0088","LOT-A-0002","PILLOW DOCTOR","Cotton Pillow Doctor","PCS","8907144274507","12","2026-09-07T06:12:40.713Z"
"A","R1","Bin 10","A-R1-Bin10","CTN-A-0089","LOT-A-0002","PILLOW DOCTOR","Cotton Pillow Doctor","PCS","8907144274507","12","2026-09-07T06:13:03.355Z"
"A","R1","Bin 10","A-R1-Bin10","CTN-A-0090","LOT-A-0002","PILLOW DOCTOR","Cotton Pillow Doctor","PCS","8907144274507","12","2026-09-07T06:13:22.203Z"
"A","R1","Bin 10","A-R1-Bin10","CTN-A-0091","LOT-A-0002","PILLOW DOCTOR","Cotton Pillow Doctor","PCS","8907144274507","12","2026-09-07T06:13:44.269Z"
"A","R1","Bin 10","A-R1-Bin10","CTN-A-0092","LOT-A-0002","PILLOW DOCTOR","Cotton Pillow Doctor","PCS","8907144274507","12","2026-09-07T06:14:03.218Z"
"A","R1","Bin 10","A-R1-Bin10","CTN-A-0093","LOT-A-0002","PILLOW DOCTOR","Cotton Pillow Doctor","PCS","8907144274507","12","2026-09-07T06:14:25.462Z"
"A","R1","Bin 10","A-R1-Bin10","CTN-A-0094","LOT-A-0002","PILLOW DOCTOR","Cotton Pillow Doctor","PCS","8907144274507","12","2026-09-07T06:14:46.416Z"
"A","R1","Bin 10","A-R1-Bin10","CTN-A-0095","LOT-A-0002","PILLOW DOCTOR","Cotton Pillow Doctor","PCS","8907144274507","12","2026-09-07T06:15:06.703Z"
"A","R1","Bin 10","A-R1-Bin10","CTN-A-0096","LOT-A-0002","PILLOW DOCTOR","Cotton Pillow Doctor","PCS","8907144274507","12","2026-09-07T06:15:27.203Z"
"A","R1","Bin 10","A-R1-Bin10","CTN-A-0097","LOT-A-0002","PILLOW DOCTOR","Cotton Pillow Doctor","PCS","8907144274507","12","2026-09-07T06:15:48.412Z"
"A","R1","Bin 10","A-R1-Bin10","CTN-A-0098","LOT-A-0002","PILLOW DOCTOR","Cotton Pillow Doctor","PCS","8907144274507","12","2026-09-07T06:16:10.535Z"
"A","R1","Bin 10","A-R1-Bin10","CTN-A-0099","LOT-A-0002","PILLOW DOCTOR","Cotton Pillow Doctor","PCS","8907144274507","12","2026-09-07T06:16:31.238Z"
"A","R1","Bin 11","A-R1-Bin11","CTN-A-0037","LOT-A-0002","PILLOW DOCTOR","Cotton Pillow Doctor","PCS","8907144274507","12","2026-09-07T05:48:08.130Z"
"A","R1","Bin 11","A-R1-Bin11","CTN-A-0038","LOT-A-0002","PILLOW DOCTOR","Cotton Pillow Doctor","PCS","8907144274507","12","2026-09-07T05:48:27.746Z"
"A","R1","Bin 11","A-R1-Bin11","CTN-A-0039","LOT-A-0002","PILLOW DOCTOR","Cotton Pillow Doctor","PCS","8907144274507","12","2026-09-07T05:49:04.816Z"
"A","R1","Bin 11","A-R1-Bin11","CTN-A-0041","LOT-A-0002","PILLOW DOCTOR","Cotton Pillow Doctor","PCS","8907144274507","12","2026-09-07T05:49:30.267Z"
"A","R1","Bin 11","A-R1-Bin11","CTN-A-0042","LOT-A-0002","PILLOW DOCTOR","Cotton Pillow Doctor","PCS","8907144274507","12","2026-09-07T05:49:54.971Z"
"A","R1","Bin 11","A-R1-Bin11","CTN-A-0176","LOT-A-0002","PILLOW MOON","Pillow Moon","PCS","8907144406229","14","2026-09-12T06:44:06.167Z"
"A","R1","Bin 14","A-R1-Bin14","CTN-A-0029","LOT-A-0002","PILLOW DOCTOR","Cotton Pillow Doctor","PCS","8907144274507","12","2026-09-05T13:50:29.146Z"
"A","R1","Bin 14","A-R1-Bin14","CTN-A-0030","LOT-A-0002","PILLOW DOCTOR","Cotton Pillow Doctor","PCS","8907144274507","12","2026-09-05T13:50:53.933Z"
"A","R1","Bin 14","A-R1-Bin14","CTN-A-0031","LOT-A-0002","PILLOW DOCTOR","Cotton Pillow Doctor","PCS","8907144274507","12","2026-09-05T13:51:20.576Z"
"A","R1","Bin 14","A-R1-Bin14","CTN-A-0032","LOT-A-0002","PILLOW DOCTOR","Cotton Pillow Doctor","PCS","8907144274507","12","2026-09-05T13:51:48.232Z"
"A","R1","Bin 14","A-R1-Bin14","CTN-A-0033","LOT-A-0002","PILLOW DOCTOR","Cotton Pillow Doctor","PCS","8907144274507","12","2026-09-05T13:52:30.324Z"
"A","R1","Bin 14","A-R1-Bin14","CTN-A-0034","LOT-A-0002","PILLOW DOCTOR","Cotton Pillow Doctor","PCS","8907144274507","12","2026-09-05T13:56:41.267Z"
"A","R1","Bin 14","A-R1-Bin14","CTN-A-0035","LOT-A-0002","PILLOW DOCTOR","Cotton Pillow Doctor","PCS","8907144274507","12","2026-09-05T13:57:07.616Z"
"A","R1","Bin 14","A-R1-Bin14","CTN-A-0036","LOT-A-0002","PILLOW DOCTOR","Cotton Pillow Doctor","PCS","8907144274507","12","2026-09-05T13:57:35.255Z"
"A","R1","Bin 15","A-R1-Bin15","CTN-A-0100","LOT-A-0002","PILLOW DOCTOR","Cotton Pillow Doctor","PCS","8907144274507","12","2026-09-07T06:17:20.692Z"
"A","R1","Bin 15","A-R1-Bin15","CTN-A-0101","LOT-A-0002","PILLOW DOCTOR","Cotton Pillow Doctor","PCS","8907144274507","12","2026-09-07T06:18:00.895Z"
"A","R1","Bin 15","A-R1-Bin15","CTN-A-0102","LOT-A-0002","PILLOW DOCTOR","Cotton Pillow Doctor","PCS","8907144274507","12","2026-09-07T06:18:24.240Z"
"A","R1","Bin 15","A-R1-Bin15","CTN-A-0103","LOT-A-0002","PILLOW DOCTOR","Cotton Pillow Doctor","PCS","8907144274507","12","2026-09-07T06:18:54.801Z"
"A","R1","Bin 15","A-R1-Bin15","CTN-A-0104","LOT-A-0002","PILLOW DOCTOR","Cotton Pillow Doctor","PCS","8907144274507","12","2026-09-07T06:19:19.233Z"
"A","R1","Bin 15","A-R1-Bin15","CTN-A-0105","LOT-A-0002","PILLOW DOCTOR","Cotton Pillow Doctor","PCS","8907144274507","12","2026-09-07T06:19:41.049Z"
"A","R1","Bin 15","A-R1-Bin15","CTN-A-0106","LOT-A-0002","PILLOW DOCTOR","Cotton Pillow Doctor","PCS","8907144274507","12","2026-09-07T06:20:06.589Z"
"A","R1","Bin 15","A-R1-Bin15","CTN-A-0107","LOT-A-0002","PILLOW DOCTOR","Cotton Pillow Doctor","PCS","8907144274507","12","2026-09-07T06:20:29.849Z"
"A","R1","Bin 2","A-R1-Bin2","CTN-A-0043","LOT-A-0002","PILLOW DOCTOR","Cotton Pillow Doctor","PCS","8907144274507","12","2026-09-07T05:50:23.857Z"
"A","R1","Bin 2","A-R1-Bin2","CTN-A-0044","LOT-A-0002","PILLOW DOCTOR","Cotton Pillow Doctor","PCS","8907144274507","12","2026-09-07T05:50:46.923Z"
"A","R1","Bin 2","A-R1-Bin2","CTN-A-0045","LOT-A-0002","PILLOW DOCTOR","Cotton Pillow Doctor","PCS","8907144274507","12","2026-09-07T05:51:09.262Z"
"A","R1","Bin 2","A-R1-Bin2","CTN-A-0046","LOT-A-0002","PILLOW DOCTOR","Cotton Pillow Doctor","PCS","8907144274507","12","2026-09-07T05:51:32.253Z"
"A","R1","Bin 2","A-R1-Bin2","CTN-A-0047","LOT-A-0002","PILLOW DOCTOR","Cotton Pillow Doctor","PCS","8907144274507","12","2026-09-07T05:51:56.539Z"
"A","R1","Bin 2","A-R1-Bin2","CTN-A-0049","LOT-A-0002","PILLOW DOCTOR","Cotton Pillow Doctor","PCS","8907144274507","12","2026-09-07T05:52:52.796Z"
"A","R1","Bin 2","A-R1-Bin2","CTN-A-0050","LOT-A-0002","PILLOW DOCTOR","Cotton Pillow Doctor","PCS","8907144274507","12","2026-09-07T05:53:24.808Z"
"A","R1","Bin 2","A-R1-Bin2","CTN-A-0051","LOT-A-0002","PILLOW DOCTOR","Cotton Pillow Doctor","PCS","8907144274507","12","2026-09-07T05:53:48.591Z"
"A","R1","Bin 3","A-R1-Bin3","CTN-A-0048","LOT-A-0002","PILLOW DOCTOR","Cotton Pillow Doctor","PCS","8907144274507","12","2026-09-07T05:54:20.281Z"
"A","R1","Bin 3","A-R1-Bin3","CTN-A-0040","LOT-A-0002","PILLOW DOCTOR","Cotton Pillow Doctor","PCS","8907144274507","12","2026-09-07T05:54:44.545Z"
"A","R1","Bin 3","A-R1-Bin3","CTN-A-0052","LOT-A-0002","PILLOW DOCTOR","Cotton Pillow Doctor","PCS","8907144274507","12","2026-09-07T05:55:50.876Z"
"A","R1","Bin 3","A-R1-Bin3","CTN-A-0053","LOT-A-0002","PILLOW DOCTOR","Cotton Pillow Doctor","PCS","8907144274507","12","2026-09-07T05:57:08.417Z"
"A","R1","Bin 3","A-R1-Bin3","CTN-A-0054","LOT-A-0002","PILLOW DOCTOR","Cotton Pillow Doctor","PCS","8907144274507","12","2026-09-07T05:58:54.873Z"
"A","R1","Bin 3","A-R1-Bin3","CTN-A-0055","LOT-A-0002","PILLOW DOCTOR","Cotton Pillow Doctor","PCS","8907144274507","12","2026-09-07T05:59:24.974Z"
"A","R1","Bin 3","A-R1-Bin3","CTN-A-0056","LOT-A-0002","PILLOW DOCTOR","Cotton Pillow Doctor","PCS","8907144274507","12","2026-09-07T05:59:55.370Z"
"A","R1","Bin 3","A-R1-Bin3","CTN-A-0057","LOT-A-0002","PILLOW DOCTOR","Cotton Pillow Doctor","PCS","8907144274507","12","2026-09-07T06:00:22.521Z"
"A","R1","Bin 3","A-R1-Bin3","CTN-A-0058","LOT-A-0002","PILLOW DOCTOR","Cotton Pillow Doctor","PCS","8907144274507","12","2026-09-07T06:00:45.437Z"
"A","R1","Bin 3","A-R1-Bin3","CTN-A-0059","LOT-A-0002","PILLOW DOCTOR","Cotton Pillow Doctor","PCS","8907144274507","12","2026-09-07T06:01:12.622Z"
"A","R1","Bin 3","A-R1-Bin3","CTN-A-0060","LOT-A-0002","PILLOW DOCTOR","Cotton Pillow Doctor","PCS","8907144274507","12","2026-09-07T06:01:37.317Z"
"A","R1","Bin 3","A-R1-Bin3","CTN-A-0061","LOT-A-0002","PILLOW DOCTOR","Cotton Pillow Doctor","PCS","8907144274507","12","2026-09-07T06:02:00.704Z"
"A","R1","Bin 4","A-R1-Bin4","CTN-A-0062","LOT-A-0002","PILLOW DOCTOR","Cotton Pillow Doctor","PCS","8907144274507","12","2026-09-07T06:02:33.288Z"
"A","R1","Bin 4","A-R1-Bin4","CTN-A-0063","LOT-A-0002","PILLOW DOCTOR","Cotton Pillow Doctor","PCS","8907144274507","12","2026-09-07T06:02:57.163Z"
"A","R1","Bin 4","A-R1-Bin4","CTN-A-0064","LOT-A-0002","PILLOW DOCTOR","Cotton Pillow Doctor","PCS","8907144274507","12","2026-09-07T06:03:41.083Z"
"A","R1","Bin 4","A-R1-Bin4","CTN-A-0065","LOT-A-0002","PILLOW DOCTOR","Cotton Pillow Doctor","PCS","8907144274507","12","2026-09-07T06:04:11.034Z"
"A","R1","Bin 4","A-R1-Bin4","CTN-A-0066","LOT-A-0002","PILLOW DOCTOR","Cotton Pillow Doctor","PCS","8907144274507","12","2026-09-07T06:04:34.414Z"
"A","R1","Bin 4","A-R1-Bin4","CTN-A-0067","LOT-A-0002","PILLOW DOCTOR","Cotton Pillow Doctor","PCS","8907144274507","12","2026-09-07T06:04:56.756Z"
"A","R1","Bin 4","A-R1-Bin4","CTN-A-0068","LOT-A-0002","PILLOW DOCTOR","Cotton Pillow Doctor","PCS","8907144274507","12","2026-09-07T06:05:20.870Z"
"A","R1","Bin 4","A-R1-Bin4","CTN-A-0069","LOT-A-0002","PILLOW DOCTOR","Cotton Pillow Doctor","PCS","8907144274507","12","2026-09-07T06:05:45.861Z"
"A","R1","Bin 4","A-R1-Bin4","CTN-A-0070","LOT-A-0002","PILLOW DOCTOR","Cotton Pillow Doctor","PCS","8907144274507","12","2026-09-07T06:06:07.733Z"
"A","R1","Bin 4","A-R1-Bin4","CTN-A-0071","LOT-A-0002","PILLOW DOCTOR","Cotton Pillow Doctor","PCS","8907144274507","12","2026-09-07T06:06:33.918Z"
"A","R1","Bin 4","A-R1-Bin4","CTN-A-0072","LOT-A-0002","PILLOW DOCTOR","Cotton Pillow Doctor","PCS","8907144274507","12","2026-09-07T06:06:56.888Z"
"A","R1","Bin 4","A-R1-Bin4","CTN-A-0073","LOT-A-0002","PILLOW DOCTOR","Cotton Pillow Doctor","PCS","8907144274507","12","2026-09-07T06:07:19.140Z"
"A","R1","Bin 4","A-R1-Bin4","CTN-A-0074","LOT-A-0002","PILLOW DOCTOR","Cotton Pillow Doctor","PCS","8907144274507","12","2026-09-07T06:07:40.930Z"
"A","R1","Bin 4","A-R1-Bin4","CTN-A-0075","LOT-A-0002","PILLOW DOCTOR","Cotton Pillow Doctor","PCS","8907144274507","12","2026-09-07T06:08:01.653Z"
"A","R1","Bin 5","A-R1-Bin5","CTN-A-0183","LOT-A-0002","PILLOW MOON","Pillow Moon","PCS","8907144406229","14","2026-09-12T06:47:04.865Z"
"A","R1","Bin 5","A-R1-Bin5","CTN-A-0184","LOT-A-0002","PILLOW MOON","Pillow Moon","PCS","8907144406229","184","2026-09-12T06:47:32.714Z"
"A","R1","Bin 5","A-R1-Bin5","CTN-A-0185","LOT-A-0002","PILLOW MOON","Pillow Moon","PCS","8907144406229","14","2026-09-12T06:56:09.245Z"
"A","R1","Bin 5","A-R1-Bin5","CTN-A-0175","LOT-A-0002","PILLOW MOON","Pillow Moon","PCS","8907144406229","14","2026-09-12T06:56:33.781Z"
"A","R1","Bin 5","A-R1-Bin5","CTN-A-0163","LOT-A-0002","PILLOW DOCTOR","Cotton Pillow Doctor","PCS","8907144274507","12","2026-09-12T06:58:21.599Z"
"A","R1","Bin 5","A-R1-Bin5","CTN-A-0164","LOT-A-0002","PILLOW DOCTOR","Cotton Pillow Doctor","PCS","8907144274507","12","2026-09-12T06:58:47.734Z"
"A","R1","Bin 5","A-R1-Bin5","CTN-A-0165","LOT-A-0002","PILLOW DOCTOR","Cotton Pillow Doctor","PCS","8907144274507","12","2026-09-12T06:59:10.219Z"
"A","R1","Bin 5","A-R1-Bin5","CTN-A-0166","LOT-A-0002","PILLOW DOCTOR","Cotton Pillow Doctor","PCS","8907144274507","12","2026-09-12T06:59:33.544Z"
"A","R1","Bin 5","A-R1-Bin5","CTN-A-0167","LOT-A-0002","PILLOW DOCTOR","Cotton Pillow Doctor","PCS","8907144274507","12","2026-09-12T07:00:01.309Z"
"A","R1","Bin 5","A-R1-Bin5","CTN-A-0168","LOT-A-0002","PILLOW DOCTOR","Cotton Pillow Doctor","PCS","8907144274507","12","2026-09-12T07:00:24.175Z"
"A","R1","Bin 5","A-R1-Bin5","CTN-A-0169","LOT-A-0002","PILLOW DOCTOR","Cotton Pillow Doctor","PCS","8907144274507","12","2026-09-12T10:02:19.485Z"
"A","R1","Bin 6","A-R1-Bin6","CTN-A-0010","LOT-A-0002","PILLOW DOCTOR","Cotton Pillow Doctor","PCS","8907144274507","12","2026-09-05T13:36:02.547Z"
"A","R1","Bin 6","A-R1-Bin6","CTN-A-0011","LOT-A-0002","PILLOW DOCTOR","Cotton Pillow Doctor","PCS","8907144274507","12","2026-09-05T13:36:42.612Z"
"A","R1","Bin 6","A-R1-Bin6","CTN-A-0012","LOT-A-0002","PILLOW DOCTOR","Cotton Pillow Doctor","PCS","8907144274507","12","2026-09-05T13:37:22.377Z"
"A","R1","Bin 6","A-R1-Bin6","CTN-A-0013","LOT-A-0002","PILLOW DOCTOR","Cotton Pillow Doctor","PCS","8907144274507","12","2026-09-05T13:37:53.565Z"
"A","R1","Bin 6","A-R1-Bin6","CTN-A-0014","LOT-A-0002","PILLOW DOCTOR","Cotton Pillow Doctor","PCS","8907144274507","12","2026-09-05T13:38:28.066Z"
"A","R1","Bin 6","A-R1-Bin6","CTN-A-0015","LOT-A-0002","PILLOW DOCTOR","Cotton Pillow Doctor","PCS","8907144274507","12","2026-09-05T13:38:51.410Z"
"A","R1","Bin 6","A-R1-Bin6","CTN-A-0016","LOT-A-0002","PILLOW DOCTOR","Cotton Pillow Doctor","PCS","8907144274507","12","2026-09-05T13:40:16.898Z"
"A","R1","Bin 6","A-R1-Bin6","CTN-A-0017","LOT-A-0002","PILLOW DOCTOR","Cotton Pillow Doctor","PCS","8907144274507","12","2026-09-05T13:41:18.746Z"
"A","R1","Bin 6","A-R1-Bin6","CTN-A-0018","LOT-A-0002","PILLOW DOCTOR","Cotton Pillow Doctor","PCS","8907144274507","12","2026-09-05T13:41:46.781Z"
"A","R1","Bin 6","A-R1-Bin6","CTN-A-0019","LOT-A-0002","PILLOW DOCTOR","Cotton Pillow Doctor","PCS","8907144274507","12","2026-09-05T13:44:58.307Z"
"A","R1","Bin 6","A-R1-Bin6","CTN-A-0020","LOT-A-0002","PILLOW DOCTOR","Cotton Pillow Doctor","PCS","8907144274507","12","2026-09-05T13:45:21.289Z"
"A","R1","Bin 6","A-R1-Bin6","CTN-A-0021","LOT-A-0002","PILLOW DOCTOR","Cotton Pillow Doctor","PCS","8907144274507","12","2026-09-05T13:45:45.598Z"
"A","R1","Bin 7","A-R1-Bin7","CTN-A-0022","LOT-A-0002","PILLOW DOCTOR","Cotton Pillow Doctor","PCS","8907144274507","12","2026-09-05T13:46:14.603Z"
"A","R1","Bin 7","A-R1-Bin7","CTN-A-0023","LOT-A-0002","PILLOW DOCTOR","Cotton Pillow Doctor","PCS","8907144274507","12","2026-09-05T13:47:12.725Z"
"A","R1","Bin 7","A-R1-Bin7","CTN-A-0024","LOT-A-0002","PILLOW DOCTOR","Cotton Pillow Doctor","PCS","8907144274507","12","2026-09-05T13:47:51.209Z"
"A","R1","Bin 7","A-R1-Bin7","CTN-A-0025","LOT-A-0002","PILLOW DOCTOR","Cotton Pillow Doctor","PCS","8907144274507","12","2026-09-05T13:48:15.201Z"
"A","R1","Bin 7","A-R1-Bin7","CTN-A-0026","LOT-A-0002","PILLOW DOCTOR","Cotton Pillow Doctor","PCS","8907144274507","12","2026-09-05T13:48:37.158Z"
"A","R1","Bin 7","A-R1-Bin7","CTN-A-0027","LOT-A-0002","PILLOW DOCTOR","Cotton Pillow Doctor","PCS","8907144274507","12","2026-09-05T13:49:47.985Z"
"A","R1","Bin 7","A-R1-Bin7","CTN-A-0028","LOT-A-0002","PILLOW DOCTOR","Cotton Pillow Doctor","PCS","8907144274507","12","2026-09-05T13:49:30.129Z"
"A","R1","Bin 8","A-R1-Bin8","CTN-A-0079","LOT-A-0002","PILLOW DOCTOR","Cotton Pillow Doctor","PCS","8907144274507","12","2026-09-07T06:09:27.798Z"
"A","R1","Bin 8","A-R1-Bin8","CTN-A-0177","LOT-A-0002","PILLOW MOON","Pillow Moon","PCS","8907144406229","14","2026-09-12T06:44:32.919Z"
"A","R1","Bin 8","A-R1-Bin8","CTN-A-0178","LOT-A-0002","PILLOW MOON","Pillow Moon","PCS","8907144406229","14","2026-09-12T06:44:56.887Z"
"A","R1","Bin 8","A-R1-Bin8","CTN-A-0179","LOT-A-0002","PILLOW MOON","Pillow Moon","PCS","8907144406229","14","2026-09-12T06:45:19.136Z"
"A","R1","Bin 8","A-R1-Bin8","CTN-A-0180","LOT-A-0002","PILLOW MOON","Pillow Moon","PCS","8907144406229","14","2026-09-12T06:52:40.484Z"
"A","R1","Bin 8","A-R1-Bin8","CTN-A-0181","LOT-A-0002","PILLOW MOON","Pillow Moon","PCS","8907144406229","14","2026-09-12T06:52:56.851Z"
"A","R1","Bin 8","A-R1-Bin8","CTN-A-0182","LOT-A-0002","PILLOW MOON","Pillow Moon","PCS","8907144406229","14","2026-09-12T06:46:35.796Z"
"A","R1","Bin 9","A-R1-Bin9","CTN-A-0076","LOT-A-0002","PILLOW DOCTOR","Cotton Pillow Doctor","PCS","8907144274507","12","2026-09-07T06:08:28.331Z"
"A","R1","Bin 9","A-R1-Bin9","CTN-A-0077","LOT-A-0002","PILLOW DOCTOR","Cotton Pillow Doctor","PCS","8907144274507","12","2026-09-07T06:08:47.350Z"
"A","R1","Bin 9","A-R1-Bin9","CTN-A-0078","LOT-A-0002","PILLOW DOCTOR","Cotton Pillow Doctor","PCS","8907144274507","12","2026-09-07T06:09:08.113Z"
"A","R1","Bin 9","A-R1-Bin9","CTN-A-0080","LOT-A-0002","PILLOW DOCTOR","Cotton Pillow Doctor","PCS","8907144274507","12","2026-09-07T06:09:47.459Z"
"A","R1","Bin 9","A-R1-Bin9","CTN-A-0081","LOT-A-0002","PILLOW DOCTOR","Cotton Pillow Doctor","PCS","8907144274507","12","2026-09-07T06:10:07.032Z"
"A","R1","Bin 9","A-R1-Bin9","CTN-A-0082","LOT-A-0002","PILLOW DOCTOR","Cotton Pillow Doctor","PCS","8907144274507","12","2026-09-07T06:10:26.553Z"
"A","R1","Bin 9","A-R1-Bin9","CTN-A-0083","LOT-A-0002","PILLOW DOCTOR","Cotton Pillow Doctor","PCS","8907144274507","12","2026-09-07T06:10:49.301Z"
"A","R1","Bin 9","A-R1-Bin9","CTN-A-0084","LOT-A-0002","PILLOW DOCTOR","Cotton Pillow Doctor","PCS","8907144274507","12","2026-09-07T06:11:10.069Z"
"A","R1","Bin 9","A-R1-Bin9","CTN-A-0085","LOT-A-0002","PILLOW DOCTOR","Cotton Pillow Doctor","PCS","8907144274507","12","2026-09-07T06:11:29.197Z"
"A","R1","Bin 9","A-R1-Bin9","CTN-A-0086","LOT-A-0002","PILLOW DOCTOR","Cotton Pillow Doctor","PCS","8907144274507","12","2026-09-07T06:11:53.080Z"
"A","R1","Bin 9","A-R1-Bin9","CTN-A-0087","LOT-A-0002","PILLOW DOCTOR","Cotton Pillow Doctor","PCS","8907144274507","12","2026-09-07T06:12:14.047Z"
"A","R10","Bin 1","A-R10-Bin1","CTN-A-0001","LOT-A-0002","ALOVERA DBL NA","QUILTED TEXTILE ALOEVERA","PCS","8907144027592","7","2026-09-15T11:45:01.530Z"
"A","R10","Bin 10","A-R10-Bin10","CTN-A-0011","LOT-A-0002","QLT SOFTELLE WSGL 05","SOFTELLE QUILT GREY LIGHT GREY","PCS","8907144387924","8","2026-09-22T05:37:49.003Z"
"A","R10","Bin 10","A-R10-Bin10","CTN-A-0009","LOT-A-0002","QLT SOFTELLE WSGL 04","SOFTELLE QUILT BEIGE IVORY","PCS","8907144387917","8","2026-09-22T05:37:12.492Z"
"A","R10","Bin 10","A-R10-Bin10","CTN-A-0010","LOT-A-0002","QLT SOFTELLE WSGL 04","SOFTELLE QUILT BEIGE IVORY","PCS","8907144387917","8","2026-09-22T05:37:29.464Z"
"A","R10","Bin 10","A-R10-Bin10","CTN-A-0011","LOT-A-0002","QLT SOFTELLE WDBL 04","SOFTELLE QUILT BEIGE IVORY","PCS","8907144387870","4","2026-09-22T05:21:55.160Z"
"A","R10","Bin 10","A-R10-Bin10","CTN-A-0014","LOT-A-0002","QLT SOFTELLE WDBL 04","SOFTELLE QUILT BEIGE IVORY","PCS","8907144387870","4","2026-09-22T05:24:21.100Z"
"A","R10","Bin 10","A-R10-Bin10","CTN-A-0012","LOT-A-0002","QLT SOFTELLE WDBL 05","SOFTELLE QUILT GREY LIGHT GREY","PCS","8907144412763","4","2026-09-22T05:25:00.922Z"
"A","R10","Bin 10","A-R10-Bin10","CTN-A-0013","LOT-A-0002","QLT SOFTELLE WDBL 05","SOFTELLE QUILT GREY LIGHT GREY","PCS","8907144412763","4","2026-09-22T05:25:34.558Z"
"A","R10","Bin 11","A-R10-Bin11","CTN-A-0001","LOT-A-0002","SOYABEAN AC DBL NA","QUILTED TEXTILE SOYABEAN DOUBLE","PCS","8907144027646","9","2026-09-21T05:27:41.143Z"
"A","R10","Bin 11","A-R10-Bin11","CTN-A-0002","LOT-A-0002","SOYABEAN AC DBL NA","QUILTED TEXTILE SOYABEAN DOUBLE","PCS","8907144027646","9","2026-09-21T05:28:04.899Z"
"A","R10","Bin 11","A-R10-Bin11","CTN-A-0003","LOT-A-0002","SOYABEAN AC DBL NA","QUILTED TEXTILE SOYABEAN DOUBLE","PCS","8907144027646","9","2026-09-21T05:28:30.100Z"
"A","R10","Bin 11","A-R10-Bin11","CTN-A-0004","LOT-A-0002","SOYABEAN AC DBL NA","QUILTED TEXTILE SOYABEAN DOUBLE","PCS","8907144027646","9","2026-09-21T05:29:00.807Z"
"A","R10","Bin 11","A-R10-Bin11","CTN-A-0005","LOT-A-0002","SOYABEAN AC DBL NA","QUILTED TEXTILE SOYABEAN DOUBLE","PCS","8907144027646","9","2026-09-21T05:29:30.007Z"
"A","R10","Bin 11","A-R10-Bin11","CTN-A-0006","LOT-A-0002","SOYABEAN AC DBL NA","QUILTED TEXTILE SOYABEAN DOUBLE","PCS","8907144027646","9","2026-09-21T05:30:01.023Z"
"A","R10","Bin 11","A-R10-Bin11","CTN-A-0007","LOT-A-0002","SOYABEAN AC DBL NA","QUILTED TEXTILE SOYABEAN DOUBLE","PCS","8907144027646","9","2026-09-21T05:30:30.052Z"
"A","R10","Bin 11","A-R10-Bin11","CTN-A-0008","LOT-A-0002","SOYABEAN AC DBL NA","QUILTED TEXTILE SOYABEAN DOUBLE","PCS","8907144027646","9","2026-09-21T05:30:59.971Z"
"A","R10","Bin 11","A-R10-Bin11","CTN-A-0009","LOT-A-0002","SOYABEAN AC DBL NA","QUILTED TEXTILE SOYABEAN DOUBLE","PCS","8907144027646","9","2026-09-21T05:31:23.839Z"
"A","R10","Bin 11","A-R10-Bin11","CTN-A-0013","LOT-A-0002","SOYABEAN AC DBL NA","QUILTED TEXTILE SOYABEAN DOUBLE","PCS","8907144027646","9","2026-09-21T05:34:57.391Z"
"A","R10","Bin 12","A-R10-Bin12","CTN-A-0014","LOT-A-0002","ALOVERA DBL NA","QUILTED TEXTILE ALOEVERA","PCS","8907144027592","7","2026-09-15T11:56:50.242Z"
"A","R10","Bin 12","A-R10-Bin12","CTN-A-0015","LOT-A-0002","ALOVERA DBL NA","QUILTED TEXTILE ALOEVERA","PCS","8907144027592","7","2026-09-15T11:57:12.673Z"
"A","R10","Bin 12","A-R10-Bin12","CTN-A-0016","LOT-A-0002","ALOVERA DBL NA","QUILTED TEXTILE ALOEVERA","PCS","8907144027592","7","2026-09-15T11:57:37.758Z"
"A","R10","Bin 12","A-R10-Bin12","CTN-A-0017","LOT-A-0002","ALOVERA DBL NA","QUILTED TEXTILE ALOEVERA","PCS","8907144027592","7","2026-09-15T11:58:10.468Z"
"A","R10","Bin 12","A-R10-Bin12","CTN-A-0018","LOT-A-0002","ALOVERA DBL NA","QUILTED TEXTILE ALOEVERA","PCS","8907144027592","7","2026-09-15T11:58:37.632Z"
"A","R10","Bin 12","A-R10-Bin12","CTN-A-0019","LOT-A-0002","ALOVERA DBL NA","QUILTED TEXTILE ALOEVERA","PCS","8907144027592","7","2026-09-15T11:59:10.531Z"
"A","R10","Bin 12","A-R10-Bin12","CTN-A-0020","LOT-A-0002","ALOVERA DBL NA","QUILTED TEXTILE ALOEVERA","PCS","8907144027592","7","2026-09-15T11:59:38.781Z"
"A","R10","Bin 13","A-R10-Bin13","CTN-A-0021","LOT-A-0002","ALOVERA DBL NA","QUILTED TEXTILE ALOEVERA","PCS","8907144027592","7","2026-09-15T12:06:48.015Z"
"A","R10","Bin 13","A-R10-Bin13","CTN-A-0022","LOT-A-0002","ALOVERA DBL NA","QUILTED TEXTILE ALOEVERA","PCS","8907144027592","7","2026-09-15T12:00:39.658Z"
"A","R10","Bin 13","A-R10-Bin13","CTN-A-0023","LOT-A-0002","ALOVERA DBL NA","QUILTED TEXTILE ALOEVERA","PCS","8907144027592","7","2026-09-15T12:01:10.575Z"
"A","R10","Bin 13","A-R10-Bin13","CTN-A-0024","LOT-A-0002","ALOVERA DBL NA","QUILTED TEXTILE ALOEVERA","PCS","8907144027592","7","2026-09-15T12:01:40.194Z"
"A","R10","Bin 13","A-R10-Bin13","CTN-A-0025","LOT-A-0002","ALOVERA DBL NA","QUILTED TEXTILE ALOEVERA","PCS","8907144027592","7","2026-09-15T12:02:09.021Z"
"A","R10","Bin 14","A-R10-Bin14","CTN-A-0010","LOT-A-0002","SOYABEAN AC DBL NA","QUILTED TEXTILE SOYABEAN DOUBLE","PCS","8907144027646","9","2026-09-21T05:31:55.895Z"
"A","R10","Bin 14","A-R10-Bin14","CTN-A-0011","LOT-A-0002","SOYABEAN AC DBL NA","QUILTED TEXTILE SOYABEAN DOUBLE","PCS","8907144027646","9","2026-09-21T05:32:37.000Z"
"A","R10","Bin 14","A-R10-Bin14","CTN-A-0012","LOT-A-0002","SOYABEAN AC DBL NA","QUILTED TEXTILE SOYABEAN DOUBLE","PCS","8907144027646","9","2026-09-21T05:34:23.787Z"
"A","R10","Bin 14","A-R10-Bin14","CTN-A-0014","LOT-A-0002","SOYABEAN AC DBL NA","QUILTED TEXTILE SOYABEAN DOUBLE","PCS","8907144027646","9","2026-09-21T05:35:39.216Z"
"A","R10","Bin 14","A-R10-Bin14","CTN-A-0020","LOT-A-0001","QLT SOFTELLE WDBL 04","SOFTELLE QUILT BEIGE IVORY","PCS","8907144387870","4","2026-09-22T05:26:44.584Z"
"A","R10","Bin 15","A-R10-Bin15","CTN-A-0002","LOT-A-0002","TENCEL AC DBL NA","QUILTED TEXTILE TENCEL DOUBLE NA","PCS","8907144027639","6","2026-09-22T05:34:12.376Z"
"A","R10","Bin 15","A-R10-Bin15","CTN-A-0011","LOT-A-0002","TENCEL AC DBL NA","QUILTED TEXTILE TENCEL DOUBLE NA","PCS","8907144027639","6","2026-09-22T05:34:24.984Z"
"A","R10","Bin 15","A-R10-Bin15","CTN-A-0012","LOT-A-0002","TENCEL AC DBL NA","QUILTED TEXTILE TENCEL DOUBLE NA","PCS","8907144027639","6","2026-09-18T05:31:54.585Z"
"A","R10","Bin 15","A-R10-Bin15","CTN-A-0013","LOT-A-0002","TENCEL AC DBL NA","QUILTED TEXTILE TENCEL DOUBLE NA","PCS","8907144027639","6","2026-09-18T05:32:24.503Z"
"A","R10","Bin 15","A-R10-Bin15","CTN-A-0014","LOT-A-0002","TENCEL AC DBL NA","QUILTED TEXTILE TENCEL DOUBLE NA","PCS","8907144027639","6","2026-09-18T05:32:56.447Z"
"A","R10","Bin 15","A-R10-Bin15","CTN-A-0015","LOT-A-0001","QLT SOFTELLE WDBL 04","SOFTELLE QUILT BEIGE IVORY","PCS","8907144387870","4","2026-09-22T05:34:49.288Z"
"A","R10","Bin 15","A-R10-Bin15","CTN-A-0021","LOT-A-0001","QLT SOFTELLE WDBL 04","SOFTELLE QUILT BEIGE IVORY","PCS","8907144387870","4","2026-09-22T05:27:24.264Z"
"A","R10","Bin 15","A-R10-Bin15","CTN-A-0023","LOT-A-0001","QLT SOFTELLE WDBL 04","SOFTELLE QUILT BEIGE IVORY","PCS","8907144387870","4","2026-09-22T05:28:24.449Z"
"A","R10","Bin 15","A-R10-Bin15","CTN-A-0024","LOT-A-0001","QLT SOFTELLE WDBL 04","SOFTELLE QUILT BEIGE IVORY","PCS","8907144387870","4","2026-09-22T05:29:18.644Z"
"A","R10","Bin 15","A-R10-Bin15","CTN-A-0016","LOT-A-0001","QLT SOFTELLE WDBL 05","SOFTELLE QUILT GREY LIGHT GREY","PCS","8907144412763","4","2026-09-22T05:30:14.482Z"
"A","R10","Bin 15","A-R10-Bin15","CTN-A-0017","LOT-A-0001","QLT SOFTELLE WDBL 05","SOFTELLE QUILT GREY LIGHT GREY","PCS","8907144412763","4","2026-09-22T05:31:11.648Z"
"A","R10","Bin 15","A-R10-Bin15","CTN-A-0018","LOT-A-0001","QLT SOFTELLE WDBL 05","SOFTELLE QUILT GREY LIGHT GREY","PCS","8907144412763","4","2026-09-22T05:32:30.041Z"
"A","R10","Bin 15","A-R10-Bin15","CTN-A-0019","LOT-A-0002","QLT SOFTELLE WDBL 05","SOFTELLE QUILT GREY LIGHT GREY","PCS","8907144412763","4","2026-09-22T05:33:03.851Z"
"A","R10","Bin 15","A-R10-Bin15","CTN-A-0022","LOT-A-0001","QLT SOFTELLE WDBL 05","SOFTELLE QUILT GREY LIGHT GREY","PCS","8907144412763","4","2026-09-22T05:33:38.704Z"
"A","R10","Bin 16","A-R10-Bin16","CTN-A-0001","LOT-A-0002","TENCEL AC DBL NA","QUILTED TEXTILE TENCEL DOUBLE NA","PCS","8907144027639","6","2026-09-18T05:19:25.943Z"
"A","R10","Bin 16","A-R10-Bin16","CTN-A-0003","LOT-A-0002","TENCEL AC DBL NA","QUILTED TEXTILE TENCEL DOUBLE NA","PCS","8907144027639","6","2026-09-18T05:20:18.904Z"
"A","R10","Bin 16","A-R10-Bin16","CTN-A-0004","LOT-A-0002","TENCEL AC DBL NA","QUILTED TEXTILE TENCEL DOUBLE NA","PCS","8907144027639","6","2026-09-18T05:20:43.439Z"
"A","R10","Bin 16","A-R10-Bin16","CTN-A-0005","LOT-A-0002","TENCEL AC DBL NA","QUILTED TEXTILE TENCEL DOUBLE NA","PCS","8907144027639","6","2026-09-18T05:21:06.913Z"
"A","R10","Bin 16","A-R10-Bin16","CTN-A-0006","LOT-A-0002","TENCEL AC DBL NA","QUILTED TEXTILE TENCEL DOUBLE NA","PCS","8907144027639","6","2026-09-18T05:21:33.656Z"
"A","R10","Bin 16","A-R10-Bin16","CTN-A-0007","LOT-A-0002","TENCEL AC DBL NA","QUILTED TEXTILE TENCEL DOUBLE NA","PCS","8907144027639","6","2026-09-18T05:21:58.869Z"
"A","R10","Bin 16","A-R10-Bin16","CTN-A-0008","LOT-A-0002","TENCEL AC DBL NA","QUILTED TEXTILE TENCEL DOUBLE NA","PCS","8907144027639","6","2026-09-18T05:22:25.631Z"
"A","R10","Bin 16","A-R10-Bin16","CTN-A-0009","LOT-A-0002","TENCEL AC DBL NA","QUILTED TEXTILE TENCEL DOUBLE NA","PCS","8907144027639","6","2026-09-18T05:23:04.523Z"
"A","R10","Bin 16","A-R10-Bin16","CTN-A-0010","LOT-A-0002","TENCEL AC DBL NA","QUILTED TEXTILE TENCEL DOUBLE NA","PCS","8907144027639","6","2026-09-18T05:23:31.566Z"
"A","R10","Bin 17","A-R10-Bin17","CTN-A-0032","LOT-A-0002","ALOVERA DBL NA","QUILTED TEXTILE ALOEVERA","PCS","8907144027592","7","2026-09-15T12:05:46.230Z"
"A","R10","Bin 17","A-R10-Bin17","CTN-A-0015","LOT-A-0002","TENCEL AC DBL NA","QUILTED TEXTILE TENCEL DOUBLE NA","PCS","8907144027639","6","2026-09-18T05:33:28.039Z"
"A","R10","Bin 17","A-R10-Bin17","CTN-A-0016","LOT-A-0002","TENCEL AC DBL NA","QUILTED TEXTILE TENCEL DOUBLE NA","PCS","8907144027639","6","2026-09-18T05:33:55.124Z"
"A","R10","Bin 17","A-R10-Bin17","CTN-A-0017","LOT-A-0002","TENCEL AC DBL NA","QUILTED TEXTILE TENCEL DOUBLE NA","PCS","8907144027639","6","2026-09-18T05:34:21.446Z"
"A","R10","Bin 18","A-R10-Bin18","CTN-A-0026","LOT-A-0002","ALOVERA DBL NA","QUILTED TEXTILE ALOEVERA","PCS","8907144027592","7","2026-09-15T12:02:37.123Z"
"A","R10","Bin 18","A-R10-Bin18","CTN-A-0027","LOT-A-0002","ALOVERA DBL NA","QUILTED TEXTILE ALOEVERA","PCS","8907144027592","7","2026-09-15T12:03:01.566Z"
"A","R10","Bin 18","A-R10-Bin18","CTN-A-0028","LOT-A-0002","ALOVERA DBL NA","QUILTED TEXTILE ALOEVERA","PCS","8907144027592","7","2026-09-15T12:03:47.979Z"
"A","R10","Bin 18","A-R10-Bin18","CTN-A-0029","LOT-A-0002","ALOVERA DBL NA","QUILTED TEXTILE ALOEVERA","PCS","8907144027592","7","2026-09-15T12:04:18.188Z"
"A","R10","Bin 18","A-R10-Bin18","CTN-A-0030","LOT-A-0002","ALOVERA DBL NA","QUILTED TEXTILE ALOEVERA","PCS","8907144027592","7","2026-09-15T12:04:46.876Z"
"A","R10","Bin 18","A-R10-Bin18","CTN-A-0031","LOT-A-0002","ALOVERA DBL NA","QUILTED TEXTILE ALOEVERA","PCS","8907144027592","7","2026-09-15T12:05:14.972Z"
"A","R10","Bin 5","A-R10-Bin5","CTN-A-0013","LOT-A-0001","LAVENDER AC DBLN","QUILTED TEXTILE LAVENDER","PCS","8907144259580","6","2026-09-21T05:14:54.594Z"
"A","R10","Bin 5","A-R10-Bin5","CTN-A-0014","LOT-A-0001","LAVENDER AC DBLN","QUILTED TEXTILE LAVENDER","PCS","8907144259580","6","2026-09-21T05:15:47.891Z"
"A","R10","Bin 5","A-R10-Bin5","CTN-A-0015","LOT-A-0001","LAVENDER AC DBLN","QUILTED TEXTILE LAVENDER","PCS","8907144259580","6","2026-09-21T05:16:20.465Z"
"A","R10","Bin 5","A-R10-Bin5","CTN-A-0016","LOT-A-0001","LAVENDER AC DBLN","QUILTED TEXTILE LAVENDER","PCS","8907144259580","6","2026-09-21T05:16:52.048Z"
"A","R10","Bin 5","A-R10-Bin5","CTN-A-0017","LOT-A-0001","LAVENDER AC DBLN","QUILTED TEXTILE LAVENDER","PCS","8907144259580","6","2026-09-21T05:18:33.335Z"
"A","R10","Bin 5","A-R10-Bin5","CTN-A-0018","LOT-A-0001","LAVENDER AC DBLN","QUILTED TEXTILE LAVENDER","PCS","8907144259580","6","2026-09-21T05:19:04.450Z"
"A","R10","Bin 5","A-R10-Bin5","CTN-A-0019","LOT-A-0001","LAVENDER AC DBLN","QUILTED TEXTILE LAVENDER","PCS","8907144259580","6","2026-09-21T05:19:43.671Z"
"A","R10","Bin 6","A-R10-Bin6","CTN-A-0002","LOT-A-0002","ALOVERA DBL NA","QUILTED TEXTILE ALOEVERA","PCS","8907144027592","7","2026-09-15T11:45:53.610Z"
"A","R10","Bin 6","A-R10-Bin6","CTN-A-0003","LOT-A-0002","ALOVERA DBL NA","QUILTED TEXTILE ALOEVERA","PCS","8907144027592","7","2026-09-15T11:46:17.722Z"
"A","R10","Bin 6","A-R10-Bin6","CTN-A-0004","LOT-A-0002","ALOVERA DBL NA","QUILTED TEXTILE ALOEVERA","PCS","8907144027592","7","2026-09-15T11:46:42.940Z"
"A","R10","Bin 6","A-R10-Bin6","CTN-A-0005","LOT-A-0002","ALOVERA DBL NA","QUILTED TEXTILE ALOEVERA","PCS","8907144027592","7","2026-09-15T11:47:09.420Z"
"A","R10","Bin 6","A-R10-Bin6","CTN-A-0006","LOT-A-0002","ALOVERA DBL NA","QUILTED TEXTILE ALOEVERA","PCS","8907144027592","7","2026-09-15T11:47:34.932Z"
"A","R10","Bin 6","A-R10-Bin6","CTN-A-0007","LOT-A-0002","ALOVERA DBL NA","QUILTED TEXTILE ALOEVERA","PCS","8907144027592","7","2026-09-15T11:47:57.382Z"
"A","R10","Bin 7","A-R10-Bin7","CTN-A-0008","LOT-A-0002","ALOVERA DBL NA","QUILTED TEXTILE ALOEVERA","PCS","8907144027592","7","2026-09-15T11:48:33.611Z"
"A","R10","Bin 7","A-R10-Bin7","CTN-A-0009","LOT-A-0002","ALOVERA DBL NA","QUILTED TEXTILE ALOEVERA","PCS","8907144027592","7","2026-09-15T11:54:35.863Z"
"A","R10","Bin 7","A-R10-Bin7","CTN-A-0010","LOT-A-0002","ALOVERA DBL NA","QUILTED TEXTILE ALOEVERA","PCS","8907144027592","7","2026-09-15T11:55:03.673Z"
"A","R10","Bin 7","A-R10-Bin7","CTN-A-0011","LOT-A-0002","ALOVERA DBL NA","QUILTED TEXTILE ALOEVERA","PCS","8907144027592","7","2026-09-15T11:55:28.823Z"
"A","R10","Bin 7","A-R10-Bin7","CTN-A-0012","LOT-A-0002","ALOVERA DBL NA","QUILTED TEXTILE ALOEVERA","PCS","8907144027592","7","2026-09-15T11:55:55.535Z"
"A","R10","Bin 7","A-R10-Bin7","CTN-A-0013","LOT-A-0002","ALOVERA DBL NA","QUILTED TEXTILE ALOEVERA","PCS","8907144027592","7","2026-09-15T11:56:23.475Z"
"A","R10","Bin 8","A-R10-Bin8","CTN-A-0001","LOT-A-0002","SOYABEAN AC SGL","QUILTED TEXTILE SOYABEAN SINGLE","PCS","8907144357644","13","2026-09-21T05:24:26.888Z"
"A","R10","Bin 8","A-R10-Bin8","CTN-A-0002","LOT-A-0002","SOYABEAN AC SGL NA","QUILTED TEXTILE SOYABEAN SINGLE","PCS","8907144027653","13","2026-09-21T05:25:08.248Z"
"A","R10","Bin 8","A-R10-Bin8","CTN-A-0003","LOT-A-0002","SOYABEAN AC SGL NA","QUILTED TEXTILE SOYABEAN SINGLE","PCS","8907144027653","13","2026-09-21T05:25:40.335Z"
"A","R10","Bin 8","A-R10-Bin8","CTN-A-0004","LOT-A-0002","SOYABEAN AC SGL NA","QUILTED TEXTILE SOYABEAN SINGLE","PCS","8907144027653","13","2026-09-21T05:26:13.415Z"
"A","R10","Bin 8","A-R10-Bin8","CTN-A-0005","LOT-A-0002","SOYABEAN AC SGL NA","QUILTED TEXTILE SOYABEAN SINGLE","PCS","8907144027653","13","2026-09-21T05:26:44.464Z"
"A","R10","Bin 9","A-R10-Bin9","CTN-A-0006","LOT-A-0002","QLT SOFTELLE WSGL 05","SOFTELLE QUILT GREY LIGHT GREY","PCS","8907144387924","8","2026-09-22T05:38:20.248Z"
"A","R10","Bin 9","A-R10-Bin9","CTN-A-0008","LOT-A-0002","QLT SOFTELLE WSGL 05","SOFTELLE QUILT GREY LIGHT GREY","PCS","8907144387924","8","2026-09-22T05:38:29.376Z"
"A","R10","Bin 9","A-R10-Bin9","CTN-A-0007","LOT-A-0002","QLT SOFTELLE WSGL 04","SOFTELLE QUILT BEIGE IVORY","PCS","8907144387917","8","2026-09-22T05:38:45.264Z"
"A","R10","Bin 9","A-R10-Bin9","CTN-A-0001","LOT-A-0002","QLT BMBJQ ACD OYS GY","Bamboo Quilt","PCS","8907144408155","1","2026-09-22T14:12:35.002Z"
"A","R10","Bin 9","A-R10-Bin9","CTN-A-0002","LOT-A-0002","QLT BMBJQ ACD OYS GY","Bamboo Quilt","PCS","8907144408155","7","2026-09-22T14:08:28.105Z"
"A","R10","Bin 9","A-R10-Bin9","CTN-A-0001","LOT-A-0002","QLT BMBJQ ACD SL SND","Bamboo Quilt","PCS","8907144408179","6","2026-09-22T14:13:21.941Z"
"A","R11","Bin 11","A-R11-Bin11","CTN-A-0001","LOT-A-0001","QLT MOONWR DBL HZLNT","QUILTED MOON WALKER HAZELNUT","PCS","8907144357309","6","2026-09-18T04:59:53.752Z"
"A","R11","Bin 11","A-R11-Bin11","CTN-A-0005","LOT-A-0001","QLT MOONWR DBL HZLNT","QUILTED MOON WALKER HAZELNUT","PCS","8907144357309","3","2026-09-18T05:01:11.411Z"
"A","R11","Bin 11","A-R11-Bin11","CTN-A-0002","LOT-A-0001","QLT MOONWR DBL WSKY","QUILTED MOON WALKER WINTER SKY","PCS","8907144357385","6","2026-09-18T05:03:09.392Z"
"A","R11","Bin 11","A-R11-Bin11","CTN-A-0003","LOT-A-0001","QLT MOONWR DBL WSMK","QUILTED MOON WALKER WOOD SMOKE","PCS","8907144357361","5","2026-09-18T05:04:04.325Z"
"A","R11","Bin 11","A-R11-Bin11","CTN-A-0004","LOT-A-0001","QLT MOONWR DBL SAND","QUILTED MOON WALKER SAND","PCS","8907144357330","6","2026-09-18T05:04:33.544Z"
"A","R11","Bin 12","A-R11-Bin12","CTN-A-0019","LOT-A-0002","PILLOW DOCTOR PRSD","Cotton Pillow Doctor President","PCS","8907144025819","12","2026-09-12T13:46:53.436Z"
"A","R11","Bin 12","A-R11-Bin12","CTN-A-0020","LOT-A-0002","PILLOW DOCTOR PRSD","Cotton Pillow Doctor President","PCS","8907144025819","12","2026-09-12T13:47:27.455Z"
"A","R11","Bin 12","A-R11-Bin12","CTN-A-0021","LOT-A-0002","PILLOW DOCTOR PRSD","Cotton Pillow Doctor President","PCS","8907144025819","12","2026-09-12T13:47:55.235Z"
"A","R11","Bin 12","A-R11-Bin12","CTN-A-0022","LOT-A-0002","PILLOW DOCTOR PRSD","Cotton Pillow Doctor President","PCS","8907144025819","12","2026-09-12T13:48:24.044Z"
"A","R11","Bin 12","A-R11-Bin12","CTN-A-0023","LOT-A-0002","PILLOW DOCTOR PRSD","Cotton Pillow Doctor President","PCS","8907144025819","12","2026-09-12T13:48:48.658Z"
"A","R11","Bin 13","A-R11-Bin13","CTN-A-0024","LOT-A-0002","PILLOW DOCTOR PRSD","Cotton Pillow Doctor President","PCS","8907144025819","12","2026-09-12T13:49:18.101Z"
"A","R11","Bin 13","A-R11-Bin13","CTN-A-0025","LOT-A-0002","PILLOW DOCTOR PRSD","Cotton Pillow Doctor President","PCS","8907144025819","12","2026-09-12T13:49:41.924Z"
"A","R11","Bin 13","A-R11-Bin13","CTN-A-0026","LOT-A-0002","PILLOW DOCTOR PRSD","Cotton Pillow Doctor President","PCS","8907144025819","12","2026-09-12T13:50:10.519Z"
"A","R11","Bin 13","A-R11-Bin13","CTN-A-0027","LOT-A-0002","PILLOW DOCTOR PRSD","Cotton Pillow Doctor President","PCS","8907144025819","12","2026-09-12T13:50:38.932Z"
"A","R11","Bin 13","A-R11-Bin13","CTN-A-0028","LOT-A-0002","PILLOW DOCTOR PRSD","Cotton Pillow Doctor President","PCS","8907144025819","12","2026-09-12T13:51:04.367Z"
"A","R11","Bin 14","A-R11-Bin14","CTN-A-0001","LOT-A-0001","QLT MOONWR SGL DVGY","QUILTED MOON WALKER DOVE GREY","PCS","8907144357408","8","2026-09-17T13:30:32.462Z"
"A","R11","Bin 14","A-R11-Bin14","CTN-A-0002","LOT-A-0001","QLT MOONWR SGL WSMK","QUILTED MOON WALKER WOOD SMOKE","PCS","8907144357477","7","2026-09-17T13:31:30.472Z"
"A","R11","Bin 14","A-R11-Bin14","CTN-A-0002","LOT-A-0001","QLT MOONWR SGL HZLNT","QUILTED MOON WALKER HAZELNUT","PCS","8907144357415","2","2026-09-17T13:32:19.349Z"
"A","R11","Bin 14","A-R11-Bin14","CTN-A-0003","LOT-A-0001","QLT MOONWR SGL WSMK","QUILTED MOON WALKER WOOD SMOKE","PCS","8907144357477","8","2026-09-18T04:58:45.371Z"
"A","R11","Bin 14","A-R11-Bin14","CTN-A-0011","LOT-A-0001","QLT MOONWR SGL HZLNT","QUILTED MOON WALKER HAZELNUT","PCS","8907144357415","1","2026-09-22T11:34:55.771Z"
"A","R11","Bin 14","A-R11-Bin14","CTN-A-0011","LOT-A-0001","QLT MOONWR SGL LTPK","QUILTED MOON WALKER LIGHT PINK","PCS","8907144357446","2","2026-09-22T11:36:19.520Z"
"A","R11","Bin 14","A-R11-Bin14","CTN-A-0011","LOT-A-0001","QLT MOONWR SGL DKGY","QUILTED MOON WALKER DARK GREY","PCS","8907144357392","1","2026-09-22T11:43:39.232Z"
"A","R11","Bin 15","A-R11-Bin15","CTN-A-0123","LOT-A-0002","PILLOW DOCTOR","Cotton Pillow Doctor","PCS","8907144274507","12","2026-09-07T06:33:41.743Z"
"A","R11","Bin 15","A-R11-Bin15","CTN-A-0124","LOT-A-0002","PILLOW DOCTOR","Cotton Pillow Doctor","PCS","8907144274507","12","2026-09-07T06:34:09.451Z"
"A","R11","Bin 15","A-R11-Bin15","CTN-A-0125","LOT-A-0002","PILLOW DOCTOR","Cotton Pillow Doctor","PCS","8907144274507","12","2026-09-07T06:35:31.594Z"
"A","R11","Bin 15","A-R11-Bin15","CTN-A-0126","LOT-A-0002","PILLOW DOCTOR","Cotton Pillow Doctor","PCS","8907144274507","12","2026-09-07T06:37:07.649Z"
"A","R11","Bin 15","A-R11-Bin15","CTN-A-0127","LOT-A-0002","PILLOW DOCTOR","Cotton Pillow Doctor","PCS","8907144274507","12","2026-09-07T06:37:32.566Z"
"A","R11","Bin 16","A-R11-Bin16","CTN-A-0108","LOT-A-0002","PILLOW DOCTOR","Cotton Pillow Doctor","PCS","8907144274507","12","2026-09-07T06:21:18.531Z"
"A","R11","Bin 16","A-R11-Bin16","CTN-A-0109","LOT-A-0002","PILLOW DOCTOR","Cotton Pillow Doctor","PCS","8907144274507","12","2026-09-07T06:21:49.304Z"
"A","R11","Bin 16","A-R11-Bin16","CTN-A-0110","LOT-A-0002","PILLOW DOCTOR","Cotton Pillow Doctor","PCS","8907144274507","12","2026-09-07T06:22:11.611Z"
"A","R11","Bin 16","A-R11-Bin16","CTN-A-0112","LOT-A-0002","PILLOW DOCTOR","Cotton Pillow Doctor","PCS","8907144274507","12","2026-09-07T06:22:41.797Z"
"A","R11","Bin 16","A-R11-Bin16","CTN-A-0111","LOT-A-0002","PILLOW DOCTOR","Cotton Pillow Doctor","PCS","8907144274507","12","2026-09-07T06:24:03.309Z"
"A","R11","Bin 16","A-R11-Bin16","CTN-A-0113","LOT-A-0002","PILLOW DOCTOR","Cotton Pillow Doctor","PCS","8907144274507","12","2026-09-07T06:24:31.604Z"
"A","R11","Bin 16","A-R11-Bin16","CTN-A-0114","LOT-A-0002","PILLOW DOCTOR","Cotton Pillow Doctor","PCS","8907144274507","12","2026-09-07T06:25:18.327Z"
"A","R11","Bin 16","A-R11-Bin16","CTN-A-0115","LOT-A-0002","PILLOW DOCTOR","Cotton Pillow Doctor","PCS","8907144274507","12","2026-09-07T06:25:42.561Z"
"A","R11","Bin 16","A-R11-Bin16","CTN-A-0116","LOT-A-0002","PILLOW DOCTOR","Cotton Pillow Doctor","PCS","8907144274507","12","2026-09-07T06:26:06.265Z"
"A","R11","Bin 16","A-R11-Bin16","CTN-A-0117","LOT-A-0002","PILLOW DOCTOR","Cotton Pillow Doctor","PCS","8907144274507","12","2026-09-07T06:26:34.653Z"
"A","R11","Bin 16","A-R11-Bin16","CTN-A-0118","LOT-A-0002","PILLOW DOCTOR","Cotton Pillow Doctor","PCS","8907144274507","12","2026-09-07T06:27:18.543Z"
"A","R11","Bin 16","A-R11-Bin16","CTN-A-0119","LOT-A-0002","PILLOW DOCTOR","Cotton Pillow Doctor","PCS","8907144274507","12","2026-09-07T06:27:56.419Z"
"A","R11","Bin 16","A-R11-Bin16","CTN-A-0120","LOT-A-0002","PILLOW DOCTOR","Cotton Pillow Doctor","PCS","8907144274507","12","2026-09-07T06:28:20.765Z"
"A","R11","Bin 16","A-R11-Bin16","CTN-A-0121","LOT-A-0002","PILLOW DOCTOR","Cotton Pillow Doctor","PCS","8907144274507","12","2026-09-07T06:32:38.990Z"
"A","R11","Bin 16","A-R11-Bin16","CTN-A-0122","LOT-A-0002","PILLOW DOCTOR","Cotton Pillow Doctor","PCS","8907144274507","12","2026-09-07T06:33:09.232Z"
"A","R11","Bin 18","A-R11-Bin18","CTN-A-0029","LOT-A-0002","PILLOW DOCTOR PRSD","Cotton Pillow Doctor President","PCS","8907144025819","12","2026-09-12T13:51:28.349Z"
"A","R11","Bin 18","A-R11-Bin18","CTN-A-0030","LOT-A-0002","PILLOW DOCTOR PRSD","Cotton Pillow Doctor President","PCS","8907144025819","12","2026-09-12T13:51:53.449Z"
"A","R11","Bin 18","A-R11-Bin18","CTN-A-0031","LOT-A-0002","PILLOW DOCTOR PRSD","Cotton Pillow Doctor President","PCS","8907144025819","12","2026-09-12T13:52:20.047Z"
"A","R11","Bin 18","A-R11-Bin18","CTN-A-0032","LOT-A-0002","PILLOW DOCTOR PRSD","Cotton Pillow Doctor President","PCS","8907144025819","12","2026-09-12T13:52:54.038Z"
"A","R11","Bin 18","A-R11-Bin18","CTN-A-0033","LOT-A-0002","PILLOW DOCTOR PRSD","Cotton Pillow Doctor President","PCS","8907144025819","12","2026-09-12T13:53:23.054Z"
"A","R11","Bin 18","A-R11-Bin18","CTN-A-0034","LOT-A-0002","PILLOW DOCTOR PRSD","Cotton Pillow Doctor President","PCS","8907144025819","12","2026-09-12T13:53:50.015Z"
"A","R11","Bin 5","A-R11-Bin5","CTN-A-0035","LOT-A-0002","PILLOW DOCTOR PRSD","Cotton Pillow Doctor President","PCS","8907144025819","12","2026-09-12T13:54:14.278Z"
"A","R11","Bin 5","A-R11-Bin5","CTN-A-0036","LOT-A-0002","PILLOW DOCTOR PRSD","Cotton Pillow Doctor President","PCS","8907144025819","12","2026-09-12T13:54:57.316Z"
"A","R11","Bin 5","A-R11-Bin5","CTN-A-0011","LOT-A-0001","QLT MOONWR DBL WSKY","QUILTED MOON WALKER WINTER SKY","PCS","8907144357385","6","2026-09-18T05:08:07.344Z"
"A","R11","Bin 7","A-R11-Bin7","CTN-A-0015","LOT-A-0002","PILLOW DOCTOR PRSD","Cotton Pillow Doctor President","PCS","8907144025819","12","2026-09-12T13:43:42.533Z"
"A","R11","Bin 7","A-R11-Bin7","CTN-A-0016","LOT-A-0002","PILLOW DOCTOR PRSD","Cotton Pillow Doctor President","PCS","8907144025819","12","2026-09-12T13:44:40.676Z"
"A","R11","Bin 7","A-R11-Bin7","CTN-A-0017","LOT-A-0002","PILLOW DOCTOR PRSD","Cotton Pillow Doctor President","PCS","8907144025819","12","2026-09-12T13:45:13.490Z"
"A","R11","Bin 7","A-R11-Bin7","CTN-A-0018","LOT-A-0002","PILLOW DOCTOR PRSD","Cotton Pillow Doctor President","PCS","8907144025819","12","2026-09-12T13:45:45.267Z"
"A","R11","Bin 8","A-R11-Bin8","CTN-A-0006","LOT-A-0001","QLT MOONWR DBL HZLNT","QUILTED MOON WALKER HAZELNUT","PCS","8907144357309","6","2026-09-18T05:04:59.212Z"
"A","R11","Bin 8","A-R11-Bin8","CTN-A-0009","LOT-A-0001","QLT MOONWR DBL HZLNT","QUILTED MOON WALKER HAZELNUT","PCS","8907144357309","3","2026-09-18T05:05:39.446Z"
"A","R11","Bin 8","A-R11-Bin8","CTN-A-0007","LOT-A-0001","QLT MOONWR DBL WSMK","QUILTED MOON WALKER WOOD SMOKE","PCS","8907144357361","6","2026-09-18T05:06:17.848Z"
"A","R11","Bin 8","A-R11-Bin8","CTN-A-0008","LOT-A-0001","QLT MOONWR DBL WSKY","QUILTED MOON WALKER WINTER SKY","PCS","8907144357385","6","2026-09-18T05:06:51.240Z"
"A","R11","Bin 8","A-R11-Bin8","CTN-A-0010","LOT-A-0001","QLT MOONWR DBL LTPK","QUILTED MOON WALKER LIGHT PINK","PCS","8907144357354","6","2026-09-18T05:07:35.927Z"
"A","R11","Bin 8","A-R11-Bin8","CTN-A-0012","LOT-A-0001","QLT MOONWR DBL WSKY","QUILTED MOON WALKER WINTER SKY","PCS","8907144357385","6","2026-09-18T05:08:40.608Z"
"A","R11","Bin 8","A-R11-Bin8","CTN-A-0013","LOT-A-0002","QLT MOONWR DBL WSMK","QUILTED MOON WALKER WOOD SMOKE","PCS","8907144357361","1","2026-09-22T11:44:44.216Z"
"A","R11","Bin 8","A-R11-Bin8","CTN-A-0013","LOT-A-0002","QLT MOONWR DBL LTPK","QUILTED MOON WALKER LIGHT PINK","PCS","8907144357354","1","2026-09-22T11:45:24.401Z"
"A","R12","Bin 10","A-R12-Bin10","CTN-A-0109","LOT-A-0002","PILLOW MUSHY","PILLOW","PCS","8907144041703","15","2026-09-12T13:03:43.213Z"
"A","R12","Bin 10","A-R12-Bin10","CTN-A-0110","LOT-A-0002","PILLOW MUSHY","PILLOW","PCS","8907144041703","15","2026-09-12T13:04:16.578Z"
"A","R12","Bin 10","A-R12-Bin10","CTN-A-0111","LOT-A-0002","PILLOW MUSHY","PILLOW","PCS","8907144041703","15","2026-09-12T13:04:46.668Z"
"A","R12","Bin 10","A-R12-Bin10","CTN-A-0112","LOT-A-0002","PILLOW MUSHY","PILLOW","PCS","8907144041703","15","2026-09-12T13:05:20.108Z"
"A","R12","Bin 10","A-R12-Bin10","CTN-A-0113","LOT-A-0002","PILLOW MUSHY","PILLOW","PCS","8907144041703","15","2026-09-12T13:05:46.163Z"
"A","R12","Bin 10","A-R12-Bin10","CTN-A-0114","LOT-A-0002","PILLOW MUSHY","PILLOW","PCS","8907144041703","15","2026-09-12T13:06:22.654Z"
"A","R12","Bin 10","A-R12-Bin10","CTN-A-0115","LOT-A-0002","PILLOW MUSHY","PILLOW","PCS","8907144041703","15","2026-09-12T13:06:52.789Z"
"A","R12","Bin 10","A-R12-Bin10","CTN-A-0116","LOT-A-0002","PILLOW MUSHY","PILLOW","PCS","8907144041703","15","2026-09-12T13:07:20.561Z"
"A","R12","Bin 10","A-R12-Bin10","CTN-A-0012","LOT-A-0002","PL MEMORY FOAM DR +","Pillow Doctor Plus","PCS","8907144259726","10","2026-09-22T13:55:45.235Z"
"A","R12","Bin 11","A-R12-Bin11","CTN-A-0017","LOT-A-0002","PILLOW ALOVERA NA","Pillow Aloevera","PCS","8907144027707","14","2026-09-18T09:08:27.232Z"
"A","R12","Bin 11","A-R12-Bin11","CTN-A-0018","LOT-A-0002","PILLOW ALOVERA NA","Pillow Aloevera","PCS","8907144027707","14","2026-09-18T09:08:35.095Z"
"A","R12","Bin 11","A-R12-Bin11","CTN-A-0019","LOT-A-0002","PILLOW ALOVERA NA","Pillow Aloevera","PCS","8907144027707","14","2026-09-18T09:08:41.979Z"
"A","R12","Bin 11","A-R12-Bin11","CTN-A-0020","LOT-A-0002","PILLOW ALOVERA NA","Pillow Aloevera","PCS","8907144027707","14","2026-09-18T09:08:49.476Z"
"A","R12","Bin 11","A-R12-Bin11","CTN-A-0021","LOT-A-0002","PILLOW ALOVERA NA","Pillow Aloevera","PCS","8907144027707","14","2026-09-18T09:09:02.731Z"
"A","R12","Bin 12","A-R12-Bin12","CTN-A-0016","LOT-A-0002","PILLOW ALOVERA PRSD","Pillow Aloevera President","PCS","8907144251300","12","2026-09-15T11:02:24.734Z"
"A","R12","Bin 12","A-R12-Bin12","CTN-A-0015","LOT-A-0002","PILLOW ALOVERA PRSD","Pillow Aloevera President","PCS","8907144251300","12","2026-09-15T11:02:49.523Z"
"A","R12","Bin 12","A-R12-Bin12","CTN-A-0014","LOT-A-0002","PILLOW ALOVERA PRSD","Pillow Aloevera President","PCS","8907144251300","12","2026-09-15T11:03:17.116Z"
"A","R12","Bin 12","A-R12-Bin12","CTN-A-0013","LOT-A-0002","PILLOW ALOVERA PRSD","Pillow Aloevera President","PCS","8907144251300","12","2026-09-15T11:03:43.869Z"
"A","R12","Bin 13","A-R12-Bin13","CTN-A-0019","LOT-A-0002","PILLOW ALOVERA PRSD","Pillow Aloevera President","PCS","8907144251300","12","2026-09-15T10:59:12.115Z"
"A","R12","Bin 13","A-R12-Bin13","CTN-A-0020","LOT-A-0002","PILLOW ALOVERA PRSD","Pillow Aloevera President","PCS","8907144251300","12","2026-09-15T10:59:50.766Z"
"A","R12","Bin 13","A-R12-Bin13","CTN-A-0018","LOT-A-0002","PILLOW ALOVERA PRSD","Pillow Aloevera President","PCS","8907144251300","12","2026-09-15T11:01:29.552Z"
"A","R12","Bin 13","A-R12-Bin13","CTN-A-0017","LOT-A-0017","PILLOW ALOVERA PRSD","Pillow Aloevera President","PCS","8907144251300","12","2026-09-15T11:01:59.811Z"
"A","R12","Bin 14","A-R12-Bin14","CTN-A-0011","LOT-A-0002","PILLOW ALOVERA NA","Pillow Aloevera","PCS","8907144027707","14","2026-09-18T09:09:12.430Z"
"A","R12","Bin 14","A-R12-Bin14","CTN-A-0012","LOT-A-0002","PILLOW ALOVERA NA","Pillow Aloevera","PCS","8907144027707","14","2026-09-18T09:09:20.124Z"
"A","R12","Bin 14","A-R12-Bin14","CTN-A-0013","LOT-A-0002","PILLOW ALOVERA NA","Pillow Aloevera","PCS","8907144027707","14","2026-09-18T09:09:27.148Z"
"A","R12","Bin 14","A-R12-Bin14","CTN-A-0014","LOT-A-0002","PILLOW ALOVERA NA","Pillow Aloevera","PCS","8907144027707","14","2026-09-18T09:09:35.394Z"
"A","R12","Bin 14","A-R12-Bin14","CTN-A-0015","LOT-A-0002","PILLOW ALOVERA NA","Pillow Aloevera","PCS","8907144027707","14","2026-09-18T09:09:42.254Z"
"A","R12","Bin 14","A-R12-Bin14","CTN-A-0016","LOT-A-0002","PILLOW ALOVERA NA","Pillow Aloevera","PCS","8907144027707","14","2026-09-18T09:09:50.844Z"
"A","R12","Bin 15","A-R12-Bin15","CTN-A-0101","LOT-A-0002","PILLOW MUSHY","PILLOW","PCS","8907144041703","15","2026-09-12T12:13:44.122Z"
"A","R12","Bin 15","A-R12-Bin15","CTN-A-0102","LOT-A-0002","PILLOW MUSHY","PILLOW","PCS","8907144041703","15","2026-09-12T12:14:17.363Z"
"A","R12","Bin 15","A-R12-Bin15","CTN-A-0103","LOT-A-0002","PILLOW MUSHY","PILLOW","PCS","8907144041703","15","2026-09-12T12:14:45.887Z"
"A","R12","Bin 15","A-R12-Bin15","CTN-A-0104","LOT-A-0002","PILLOW MUSHY","PILLOW","PCS","8907144041703","16","2026-09-12T12:15:28.187Z"
"A","R12","Bin 15","A-R12-Bin15","CTN-A-0105","LOT-A-0002","PILLOW MUSHY","PILLOW","PCS","8907144041703","15","2026-09-12T12:59:47.995Z"
"A","R12","Bin 15","A-R12-Bin15","CTN-A-0106","LOT-A-0002","PILLOW MUSHY","PILLOW","PCS","8907144041703","15","2026-09-12T13:00:24.028Z"
"A","R12","Bin 15","A-R12-Bin15","CTN-A-0107","LOT-A-0002","PILLOW MUSHY","PILLOW","PCS","8907144041703","15","2026-09-12T13:00:50.971Z"
"A","R12","Bin 15","A-R12-Bin15","CTN-A-0108","LOT-A-0002","PILLOW MUSHY","PILLOW","PCS","8907144041703","15","2026-09-12T13:01:27.373Z"
"A","R12","Bin 16","A-R12-Bin16","CTN-A-0089","LOT-A-0002","PILLOW MUSHY","PILLOW","PCS","8907144041703","15","2026-09-12T11:57:21.377Z"
"A","R12","Bin 16","A-R12-Bin16","CTN-A-0090","LOT-A-0002","PILLOW MUSHY","PILLOW","PCS","8907144041703","15","2026-09-12T11:57:39.352Z"
"A","R12","Bin 16","A-R12-Bin16","CTN-A-0091","LOT-A-0002","PILLOW MUSHY","PILLOW","PCS","8907144041703","15","2026-09-12T11:57:49.001Z"
"A","R12","Bin 16","A-R12-Bin16","CTN-A-0092","LOT-A-0002","PILLOW MUSHY","PILLOW","PCS","8907144041703","15","2026-09-12T11:57:56.710Z"
"A","R12","Bin 16","A-R12-Bin16","CTN-A-0093","LOT-A-0002","PILLOW MUSHY","PILLOW","PCS","8907144041703","15","2026-09-12T11:58:06.337Z"
"A","R12","Bin 16","A-R12-Bin16","CTN-A-0094","LOT-A-0002","PILLOW MUSHY","PILLOW","PCS","8907144041703","15","2026-09-12T11:58:58.463Z"
"A","R12","Bin 16","A-R12-Bin16","CTN-A-0095","LOT-A-0002","PILLOW MUSHY","PILLOW","PCS","8907144041703","15","2026-09-12T11:59:31.526Z"
"A","R12","Bin 16","A-R12-Bin16","CTN-A-0096","LOT-A-0002","PILLOW MUSHY","PILLOW","PCS","8907144041703","15","2026-09-12T12:00:05.339Z"
"A","R12","Bin 16","A-R12-Bin16","CTN-A-0097","LOT-A-0002","PILLOW MUSHY","PILLOW","PCS","8907144041703","15","2026-09-12T12:00:35.811Z"
"A","R12","Bin 16","A-R12-Bin16","CTN-A-0098","LOT-A-0002","PILLOW MUSHY","PILLOW","PCS","8907144041703","15","2026-09-12T12:01:04.923Z"
"A","R12","Bin 16","A-R12-Bin16","CTN-A-0099","LOT-A-0002","PILLOW MUSHY","PILLOW","PCS","8907144041703","15","2026-09-12T12:01:33.972Z"
"A","R12","Bin 16","A-R12-Bin16","CTN-A-0100","LOT-A-0002","PILLOW MUSHY","PILLOW","PCS","8907144041703","15","2026-09-12T12:02:03.737Z"
"A","R12","Bin 17","A-R12-Bin17","CTN-A-0006","LOT-A-0002","PILLOW ALOVERA NA","Pillow Aloevera","PCS","8907144027707","14","2026-09-18T09:10:00.642Z"
"A","R12","Bin 17","A-R12-Bin17","CTN-A-0007","LOT-A-0002","PILLOW ALOVERA NA","Pillow Aloevera","PCS","8907144027707","14","2026-09-18T09:10:06.294Z"
"A","R12","Bin 17","A-R12-Bin17","CTN-A-0008","LOT-A-0002","PILLOW ALOVERA NA","Pillow Aloevera","PCS","8907144027707","14","2026-09-18T09:10:11.712Z"
"A","R12","Bin 17","A-R12-Bin17","CTN-A-0009","LOT-A-0002","PILLOW ALOVERA NA","Pillow Aloevera","PCS","8907144027707","14","2026-09-18T09:10:17.987Z"
"A","R12","Bin 17","A-R12-Bin17","CTN-A-0010","LOT-A-0002","PILLOW ALOVERA NA","Pillow Aloevera","PCS","8907144027707","14","2026-09-18T09:10:27.566Z"
"A","R12","Bin 18","A-R12-Bin18","CTN-A-0001","LOT-A-0002","PILLOW ALOVERA NA","Pillow Aloevera","PCS","8907144027707","14","2026-09-18T09:10:44.687Z"
"A","R12","Bin 18","A-R12-Bin18","CTN-A-0002","LOT-A-0002","PILLOW ALOVERA NA","Pillow Aloevera","PCS","8907144027707","14","2026-09-18T09:10:52.386Z"
"A","R12","Bin 18","A-R12-Bin18","CTN-A-0003","LOT-A-0002","PILLOW ALOVERA NA","Pillow Aloevera","PCS","8907144027707","14","2026-09-18T09:10:59.222Z"
"A","R12","Bin 18","A-R12-Bin18","CTN-A-0004","LOT-A-0002","PILLOW ALOVERA NA","Pillow Aloevera","PCS","8907144027707","14","2026-09-18T09:11:05.210Z"
"A","R12","Bin 18","A-R12-Bin18","CTN-A-0005","LOT-A-0002","PILLOW ALOVERA NA","Pillow Aloevera","PCS","8907144027707","14","2026-09-18T09:10:34.057Z"
"A","R12","Bin 3","A-R12-Bin3","CTN-A-0137","LOT-A-0002","PILLOW MUSHY","PILLOW","PCS","8907144041703","15","2026-09-12T13:20:11.245Z"
"A","R12","Bin 3","A-R12-Bin3","CTN-A-0138","LOT-A-0002","PILLOW MUSHY","PILLOW","PCS","8907144041703","15","2026-09-12T13:20:40.157Z"
"A","R12","Bin 3","A-R12-Bin3","CTN-A-0139","LOT-A-0002","PILLOW MUSHY","PILLOW","PCS","8907144041703","15","2026-09-12T13:21:09.925Z"
"A","R12","Bin 3","A-R12-Bin3","CTN-A-0140","LOT-A-0002","PILLOW MUSHY","PILLOW","PCS","8907144041703","15","2026-09-12T13:21:45.181Z"
"A","R12","Bin 3","A-R12-Bin3","CTN-A-0141","LOT-A-0002","PILLOW MUSHY","PILLOW","PCS","8907144041703","15","2026-09-12T13:22:30.671Z"
"A","R12","Bin 3","A-R12-Bin3","CTN-A-0142","LOT-A-0002","PILLOW MUSHY","PILLOW","PCS","8907144041703","15","2026-09-12T13:22:57.785Z"
"A","R12","Bin 3","A-R12-Bin3","CTN-A-0143","LOT-A-0002","PILLOW MUSHY","PILLOW","PCS","8907144041703","15","2026-09-12T13:23:36.951Z"
"A","R12","Bin 3","A-R12-Bin3","CTN-A-0144","LOT-A-0002","PILLOW MUSHY","PILLOW","PCS","8907144041703","15","2026-09-12T13:24:06.616Z"
"A","R12","Bin 3","A-R12-Bin3","CTN-A-0145","LOT-A-0002","PILLOW MUSHY","PILLOW","PCS","8907144041703","15","2026-09-12T13:24:41.067Z"
"A","R12","Bin 3","A-R12-Bin3","CTN-A-0146","LOT-A-0002","PILLOW MUSHY","PILLOW","PCS","8907144041703","15","2026-09-12T13:25:18.425Z"
"A","R12","Bin 4","A-R12-Bin4","CTN-A-0129","LOT-A-0002","PILLOW MUSHY","PILLOW","PCS","8907144041703","15","2026-09-12T13:14:58.210Z"
"A","R12","Bin 4","A-R12-Bin4","CTN-A-0130","LOT-A-0002","PILLOW MUSHY","PILLOW","PCS","8907144041703","15","2026-09-12T13:15:27.070Z"
"A","R12","Bin 4","A-R12-Bin4","CTN-A-0131","LOT-A-0002","PILLOW MUSHY","PILLOW","PCS","8907144041703","15","2026-09-12T13:15:57.931Z"
"A","R12","Bin 4","A-R12-Bin4","CTN-A-0132","LOT-A-0002","PILLOW MUSHY","PILLOW","PCS","8907144041703","15","2026-09-12T13:16:33.091Z"
"A","R12","Bin 4","A-R12-Bin4","CTN-A-0133","LOT-A-0002","PILLOW MUSHY","PILLOW","PCS","8907144041703","15","2026-09-12T13:17:14.997Z"
"A","R12","Bin 4","A-R12-Bin4","CTN-A-0134","LOT-A-0002","PILLOW MUSHY","PILLOW","PCS","8907144041703","15","2026-09-12T13:17:44.096Z"
"A","R12","Bin 4","A-R12-Bin4","CTN-A-0135","LOT-A-0002","PILLOW MUSHY","PILLOW","PCS","8907144041703","15","2026-09-12T13:18:13.946Z"
"A","R12","Bin 4","A-R12-Bin4","CTN-A-0136","LOT-A-0002","PILLOW MUSHY","PILLOW","PCS","8907144041703","15","2026-09-12T13:18:46.013Z"
"A","R12","Bin 5","A-R12-Bin5","CTN-A-0028","LOT-A-0002","PILLOW ALOVERA NA","Pillow Aloevera","PCS","8907144027707","14","2026-09-18T09:11:15.947Z"
"A","R12","Bin 5","A-R12-Bin5","CTN-A-0058","LOT-A-0002","PILLOW ALOVERA NA","Pillow Aloevera","PCS","8907144027707","14","2026-09-18T09:11:21.514Z"
"A","R12","Bin 5","A-R12-Bin5","CTN-A-0056","LOT-A-0002","PILLOW ALOVERA NA","Pillow Aloevera","PCS","8907144027707","14","2026-09-18T09:11:27.050Z"
"A","R12","Bin 5","A-R12-Bin5","CTN-A-0057","LOT-A-0002","PILLOW ALOVERA NA","Pillow Aloevera","PCS","8907144027707","14","2026-09-18T09:11:33.828Z"
"A","R12","Bin 7","A-R12-Bin7","CTN-A-0012","LOT-A-0002","PILLOW ALOVERA PRSD","Pillow Aloevera President","PCS","8907144251300","12","2026-09-15T11:04:15.325Z"
"A","R12","Bin 7","A-R12-Bin7","CTN-A-0011","LOT-A-0002","PILLOW ALOVERA PRSD","Pillow Aloevera President","PCS","8907144251300","12","2026-09-15T11:04:39.565Z"
"A","R12","Bin 8","A-R12-Bin8","CTN-A-0022","LOT-A-0002","PILLOW ALOVERA NA","Pillow Aloevera","PCS","8907144027707","14","2026-09-18T09:11:51.246Z"
"A","R12","Bin 8","A-R12-Bin8","CTN-A-0023","LOT-A-0002","PILLOW ALOVERA NA","Pillow Aloevera","PCS","8907144027707","14","2026-09-18T09:11:56.733Z"
"A","R12","Bin 8","A-R12-Bin8","CTN-A-0024","LOT-A-0002","PILLOW ALOVERA NA","Pillow Aloevera","PCS","8907144027707","14","2026-09-18T09:12:02.470Z"
"A","R12","Bin 8","A-R12-Bin8","CTN-A-0025","LOT-A-0002","PILLOW ALOVERA NA","Pillow Aloevera","PCS","8907144027707","14","2026-09-18T09:12:08.177Z"
"A","R12","Bin 8","A-R12-Bin8","CTN-A-0026","LOT-A-0002","PILLOW ALOVERA NA","Pillow Aloevera","PCS","8907144027707","14","2026-09-18T09:12:16.166Z"
"A","R12","Bin 8","A-R12-Bin8","CTN-A-0027","LOT-A-0002","PILLOW ALOVERA NA","Pillow Aloevera","PCS","8907144027707","14","2026-09-18T09:12:22.710Z"
"A","R12","Bin 9","A-R12-Bin9","CTN-A-0117","LOT-A-0002","PILLOW MUSHY","PILLOW","PCS","8907144041703","15","2026-09-12T13:07:54.918Z"
"A","R12","Bin 9","A-R12-Bin9","CTN-A-0118","LOT-A-0002","PILLOW MUSHY","PILLOW","PCS","8907144041703","15","2026-09-12T13:08:24.949Z"
"A","R12","Bin 9","A-R12-Bin9","CTN-A-0119","LOT-A-0002","PILLOW MUSHY","PILLOW","PCS","8907144041703","15","2026-09-12T13:08:56.991Z"
"A","R12","Bin 9","A-R12-Bin9","CTN-A-0120","LOT-A-0002","PILLOW MUSHY","PILLOW","PCS","8907144041703","15","2026-09-12T13:09:37.911Z"
"A","R12","Bin 9","A-R12-Bin9","CTN-A-0121","LOT-A-0002","PILLOW MUSHY","PILLOW","PCS","8907144041703","15","2026-09-12T13:10:15.168Z"
"A","R12","Bin 9","A-R12-Bin9","CTN-A-0122","LOT-A-0002","PILLOW MUSHY","PILLOW","PCS","8907144041703","15","2026-09-12T13:10:41.145Z"
"A","R12","Bin 9","A-R12-Bin9","CTN-A-0123","LOT-A-0002","PILLOW MUSHY","PILLOW","PCS","8907144041703","15","2026-09-12T13:11:20.176Z"
"A","R12","Bin 9","A-R12-Bin9","CTN-A-0124","LOT-A-0002","PILLOW MUSHY","PILLOW","PCS","8907144041703","15","2026-09-12T13:11:54.318Z"
"A","R12","Bin 9","A-R12-Bin9","CTN-A-0125","LOT-A-0002","PILLOW MUSHY","PILLOW","PCS","8907144041703","15","2026-09-12T13:12:23.569Z"
"A","R12","Bin 9","A-R12-Bin9","CTN-A-0126","LOT-A-0002","PILLOW MUSHY","PILLOW","PCS","8907144041703","15","2026-09-12T13:12:52.300Z"
"A","R12","Bin 9","A-R12-Bin9","CTN-A-0127","LOT-A-0002","PILLOW MUSHY","PILLOW","PCS","8907144041703","15","2026-09-12T13:13:28.819Z"
"A","R12","Bin 9","A-R12-Bin9","CTN-A-0128","LOT-A-0002","PILLOW MUSHY","PILLOW","PCS","8907144041703","15","2026-09-12T13:13:55.060Z"
"A","R13","Bin 10","A-R13-Bin10","CTN-A-0008","LOT-A-0002","PL MEMORY FOAM DR +","Pillow Doctor Plus","PCS","8907144259726","10","2026-09-22T13:52:54.438Z"
"A","R13","Bin 10","A-R13-Bin10","CTN-A-0009","LOT-A-0002","PL MEMORY FOAM DR +","Pillow Doctor Plus","PCS","8907144259726","10","2026-09-22T13:53:26.692Z"
"A","R13","Bin 10","A-R13-Bin10","CTN-A-0010","LOT-A-0002","PL MEMORY FOAM DR +","Pillow Doctor Plus","PCS","8907144259726","10","2026-09-22T13:54:23.561Z"
"A","R13","Bin 10","A-R13-Bin10","CTN-A-0011","LOT-A-0002","PL MEMORY FOAM DR +","Pillow Doctor Plus","PCS","8907144259726","10","2026-09-22T13:55:06.460Z"
"A","R13","Bin 10","A-R13-Bin10","CTN-A-0013","LOT-A-0002","PL MEMORY FOAM DR +","Pillow Doctor Plus","PCS","8907144259726","10","2026-09-22T13:56:15.389Z"
"A","R13","Bin 15","A-R13-Bin15","CTN-A-0014","LOT-A-0002","PL MEMORY FOAM DR +","Pillow Doctor Plus","PCS","8907144259726","10","2026-09-22T13:56:49.940Z"
"A","R13","Bin 15","A-R13-Bin15","CTN-A-0015","LOT-A-0002","PL MEMORY FOAM DR +","Pillow Doctor Plus","PCS","8907144259726","10","2026-09-22T13:57:17.798Z"
"A","R13","Bin 15","A-R13-Bin15","CTN-A-0016","LOT-A-0002","PL MEMORY FOAM DR +","Pillow Doctor Plus","PCS","8907144259726","10","2026-09-22T13:57:50.950Z"
"A","R13","Bin 15","A-R13-Bin15","CTN-A-0017","LOT-A-0002","PL MEMORY FOAM DR +","Pillow Doctor Plus","PCS","8907144259726","10","2026-09-22T13:58:19.997Z"
"A","R13","Bin 15","A-R13-Bin15","CTN-A-0018","LOT-A-0002","PL MEMORY FOAM DR +","Pillow Doctor Plus","PCS","8907144259726","10","2026-09-22T13:58:54.707Z"
"A","R13","Bin 15","A-R13-Bin15","CTN-A-0019","LOT-A-0002","PL MEMORY FOAM DR +","Pillow Doctor Plus","PCS","8907144259726","10","2026-09-22T13:59:19.908Z"
"A","R13","Bin 15","A-R13-Bin15","CTN-A-0020","LOT-A-0002","PL MEMORY FOAM DR +","Pillow Doctor Plus","PCS","8907144259726","10","2026-09-22T13:59:52.772Z"
"A","R13","Bin 15","A-R13-Bin15","CTN-A-0021","LOT-A-0002","PL MEMORY FOAM DR +","Pillow Doctor Plus","PCS","8907144259726","10","2026-09-22T14:00:23.154Z"
"A","R13","Bin 16","A-R13-Bin16","CTN-A-0022","LOT-A-0002","PL MEMORY FOAM DR +","Pillow Doctor Plus","PCS","8907144259726","10","2026-09-22T14:00:56.199Z"
"A","R13","Bin 9","A-R13-Bin9","CTN-A-0001","LOT-A-0002","PL MEMORY FOAM DR +","Pillow Doctor Plus","PCS","8907144259726","10","2026-09-22T12:17:35.939Z"
"A","R13","Bin 9","A-R13-Bin9","CTN-A-0002","LOT-A-0002","PL MEMORY FOAM DR +","Pillow Doctor Plus","PCS","8907144259726","10","2026-09-22T12:18:15.322Z"
"A","R13","Bin 9","A-R13-Bin9","CTN-A-0003","LOT-A-0002","PL MEMORY FOAM DR +","Pillow Doctor Plus","PCS","8907144259726","10","2026-09-22T13:47:58.403Z"
"A","R13","Bin 9","A-R13-Bin9","CTN-A-0004","LOT-A-0002","PL MEMORY FOAM DR +","Pillow Doctor Plus","PCS","8907144259726","10","2026-09-22T13:48:38.054Z"
"A","R13","Bin 9","A-R13-Bin9","CTN-A-0005","LOT-A-0002","PL MEMORY FOAM DR +","Pillow Doctor Plus","PCS","8907144259726","10","2026-09-22T13:49:26.500Z"
"A","R13","Bin 9","A-R13-Bin9","CTN-A-0006","LOT-A-0002","PL MEMORY FOAM DR +","Pillow Doctor Plus","PCS","8907144259726","10","2026-09-22T13:50:08.844Z"
"A","R13","Bin 9","A-R13-Bin9","CTN-A-0007","LOT-A-0002","PL MEMORY FOAM DR +","Pillow Doctor Plus","PCS","8907144259726","10","2026-09-22T13:50:40.237Z"
"A","R2","Bin 1","A-R2-Bin1","CTN-A-0001","LOT-A-0002","SLEEPLOGY AC DBL COF","QUILTED SLEEPOLOGY DOUBLE COFFEE","PCS","8907144335772","8","2026-09-04T08:29:24.992Z"
"A","R2","Bin 1","A-R2-Bin1","CTN-A-0002","LOT-A-0002","SLEEPLOGY AC DBL COF","QUILTED SLEEPOLOGY DOUBLE COFFEE","PCS","8907144335772","8","2026-09-02T08:23:10.599Z"
"A","R2","Bin 1","A-R2-Bin1","CTN-A-0005","LOT-A-0002","SLEEPLOGY AC DBL COF","QUILTED SLEEPOLOGY DOUBLE COFFEE","PCS","8907144335772","8","2026-09-02T08:24:05.754Z"
"A","R2","Bin 1","A-R2-Bin1","CTN-A-0006","LOT-A-0002","SLEEPLOGY AC DBL COF","QUILTED SLEEPOLOGY DOUBLE COFFEE","PCS","8907144335772","8","2026-09-02T08:24:29.202Z"
"A","R2","Bin 1","A-R2-Bin1","CTN-A-0007","LOT-A-0002","SLEEPLOGY AC DBL COF","QUILTED SLEEPOLOGY DOUBLE COFFEE","PCS","8907144335772","8","2026-09-02T08:25:00.505Z"
"A","R2","Bin 1","A-R2-Bin1","CTN-A-0011","LOT-A-0002","SLEEPLOGY AC DBL COF","QUILTED SLEEPOLOGY DOUBLE COFFEE","PCS","8907144335772","8","2026-09-02T08:26:55.321Z"
"A","R2","Bin 1","A-R2-Bin1","CTN-A-0012","LOT-A-0002","SLEEPLOGY AC DBL COF","QUILTED SLEEPOLOGY DOUBLE COFFEE","PCS","8907144335772","8","2026-09-02T08:27:19.250Z"
"A","R2","Bin 1","A-R2-Bin1","CTN-A-0013","LOT-A-0002","SLEEPLOGY AC DBL COF","QUILTED SLEEPOLOGY DOUBLE COFFEE","PCS","8907144335772","8","2026-09-02T08:27:48.181Z"
"A","R2","Bin 1","A-R2-Bin1","CTN-A-0014","LOT-A-0002","SLEEPLOGY AC DBL COF","QUILTED SLEEPOLOGY DOUBLE COFFEE","PCS","8907144335772","8","2026-09-02T08:28:09.761Z"
"A","R2","Bin 1","A-R2-Bin1","CTN-A-0015","LOT-A-0002","SLEEPLOGY AC DBL COF","QUILTED SLEEPOLOGY DOUBLE COFFEE","PCS","8907144335772","8","2026-09-02T08:28:31.801Z"
"A","R2","Bin 1","A-R2-Bin1","CTN-A-0043","LOT-A-0002","SLEEPLOGY ACDBL GLD","QUILTED SLEEPOLOGY DOUBLE GOLD","PCS","8907144357736","8","2026-09-02T10:58:00.517Z"
"A","R2","Bin 1","A-R2-Bin1","CTN-A-0044","LOT-A-0002","SLEEPLOGY ACDBL GLD","QUILTED SLEEPOLOGY DOUBLE GOLD","PCS","8907144357736","8","2026-09-02T10:58:23.340Z"
"A","R2","Bin 1","A-R2-Bin1","CTN-A-0045","LOT-A-0002","SLEEPLOGY ACDBL GLD","QUILTED SLEEPOLOGY DOUBLE GOLD","PCS","8907144357736","8","2026-09-02T10:59:00.486Z"
"A","R2","Bin 1","A-R2-Bin1","CTN-A-0046","LOT-A-0002","SLEEPLOGY ACDBL GLD","QUILTED SLEEPOLOGY DOUBLE GOLD","PCS","8907144357736","8","2026-09-02T10:59:24.341Z"
"A","R2","Bin 1","A-R2-Bin1","CTN-A-0168","LOT-A-0002","SLEEPLOGY ACDBL MNT","QUILTED SLEEPOLOGY DOUBLE MINT","PCS","8907144353349","8","2026-09-04T11:44:43.769Z"
"A","R2","Bin 10","A-R2-Bin10","CTN-A-0025","LOT-A-0002","PILLOW MOON","Pillow Moon","PCS","8907144406229","14","2026-09-08T13:59:36.548Z"
"A","R2","Bin 10","A-R2-Bin10","CTN-A-0026","LOT-A-0002","PILLOW MOON","Pillow Moon","PCS","8907144406229","14","2026-09-08T14:00:01.882Z"
"A","R2","Bin 10","A-R2-Bin10","CTN-A-0027","LOT-A-0002","PILLOW MOON","Pillow Moon","PCS","8907144406229","14","2026-09-08T14:00:30.899Z"
"A","R2","Bin 10","A-R2-Bin10","CTN-A-0028","LOT-A-0002","PILLOW MOON","Pillow Moon","PCS","8907144406229","14","2026-09-08T14:00:54.995Z"
"A","R2","Bin 10","A-R2-Bin10","CTN-A-0029","LOT-A-0002","PILLOW MOON","Pillow Moon","PCS","8907144406229","14","2026-09-08T14:01:17.579Z"
"A","R2","Bin 10","A-R2-Bin10","CTN-A-0030","LOT-A-0002","PILLOW MOON","Pillow Moon","PCS","8907144406229","14","2026-09-08T14:01:40.299Z"
"A","R2","Bin 10","A-R2-Bin10","CTN-A-0031","LOT-A-0002","PILLOW MOON","Pillow Moon","PCS","8907144406229","14","2026-09-08T14:02:29.996Z"
"A","R2","Bin 10","A-R2-Bin10","CTN-A-0032","LOT-A-0002","PILLOW MOON","Pillow Moon","PCS","8907144406229","14","2026-09-08T14:02:51.595Z"
"A","R2","Bin 11","A-R2-Bin11","CTN-A-0037","LOT-A-0002","TWL ROM 60X120 PK","The Roman Bath Towel","PCS","8907144257586","18","2026-09-02T07:25:59.767Z"
"A","R2","Bin 11","A-R2-Bin11","CTN-A-0042","LOT-A-0002","TWL ROM 60X120 PK","The Roman Bath Towel","PCS","8907144257586","18","2026-09-02T07:26:45.884Z"
"A","R2","Bin 11","A-R2-Bin11","CTN-A-0046","LOT-A-0002","TWL ROM 60X120 PK","The Roman Bath Towel","PCS","8907144257586","18","2026-09-02T07:27:12.642Z"
"A","R2","Bin 11","A-R2-Bin11","CTN-A-0047","LOT-A-0002","TWL ROM 60X120 PK","The Roman Bath Towel","PCS","8907144257586","18","2026-09-02T07:27:49.598Z"
"A","R2","Bin 11","A-R2-Bin11","CTN-A-0048","LOT-A-0002","TWL ROM 60X120 PK","The Roman Bath Towel","PCS","8907144257586","18","2026-09-02T07:28:22.766Z"
"A","R2","Bin 11","A-R2-Bin11","CTN-A-0050","LOT-A-0002","TWL ROM 60X120 PK","The Roman Bath Towel","PCS","8907144257586","18","2026-09-02T07:29:11.814Z"
"A","R2","Bin 11","A-R2-Bin11","CTN-A-0055","LOT-A-0002","TWL ROM 60X120 PK","The Roman Bath Towel","PCS","8907144257586","18","2026-09-02T07:30:14.574Z"
"A","R2","Bin 11","A-R2-Bin11","CTN-A-0038","LOT-A-0002","TWL ROM 60X120 CGY N","The Roman Bath Towel","PCS","8907144162545","18","2026-09-02T07:30:41.023Z"
"A","R2","Bin 11","A-R2-Bin11","CTN-A-0039","LOT-A-0002","TWL ROM 60X120 CGY N","The Roman Bath Towel","PCS","8907144162545","18","2026-09-02T07:31:13.254Z"
"A","R2","Bin 11","A-R2-Bin11","CTN-A-0040","LOT-A-0002","TWL ROM 60X120 CGY N","The Roman Bath Towel","PCS","8907144162545","18","2026-09-02T07:31:43.903Z"
"A","R2","Bin 11","A-R2-Bin11","CTN-A-0041","LOT-A-0002","TWL ROM 60X120 CGY N","The Roman Bath Towel","PCS","8907144162545","18","2026-09-02T07:32:10.646Z"
"A","R2","Bin 11","A-R2-Bin11","CTN-A-0043","LOT-A-0002","TWL ROM 60X120 CGY N","The Roman Bath Towel","PCS","8907144162545","18","2026-09-02T07:32:36.594Z"
"A","R2","Bin 11","A-R2-Bin11","CTN-A-0044","LOT-A-0002","TWL ROM 60X120 CGY N","The Roman Bath Towel","PCS","8907144162545","18","2026-09-02T07:33:02.774Z"
"A","R2","Bin 11","A-R2-Bin11","CTN-A-0045","LOT-A-0002","TWL ROM 60X120 CGY N","The Roman Bath Towel","PCS","8907144162545","17","2026-09-02T07:33:27.606Z"
"A","R2","Bin 11","A-R2-Bin11","CTN-A-0049","LOT-A-0002","TWL ROM 60X120 CR","The Roman Bath Towel","PCS","8907144257500","18","2026-09-02T07:33:57.878Z"
"A","R2","Bin 11","A-R2-Bin11","CTN-A-0052","LOT-A-0002","TWL ROM 60X120 CR","The Roman Bath Towel","PCS","8907144257500","18","2026-09-02T07:34:19.875Z"
"A","R2","Bin 11","A-R2-Bin11","CTN-A-0056","LOT-A-0002","TWL ROM 60X120 CR","The Roman Bath Towel","PCS","8907144257500","18","2026-09-02T07:34:45.502Z"
"A","R2","Bin 11","A-R2-Bin11","CTN-A-0054","LOT-A-0002","TWL ROM 60X120 CR","The Roman Bath Towel","PCS","8907144257500","18","2026-09-02T07:35:32.054Z"
"A","R2","Bin 11","A-R2-Bin11","CTN-A-0053","LOT-A-0002","TWL ROM 60X120 CR","The Roman Bath Towel","PCS","8907144257500","18","2026-09-02T07:35:58.189Z"
"A","R2","Bin 11","A-R2-Bin11","CTN-A-0050","LOT-A-0002","SLEEPLOGY ACDBL SND","QUILTED SLEEPOLOGY DOUBLE SAND","PCS","8907144357767","8","2026-09-02T11:02:39.516Z"
"A","R2","Bin 12","A-R2-Bin12","CTN-A-0047","LOT-A-0002","SLEEPLOGY AC DBL SND","QUILTED SLEEPOLOGY DOUBLE SAND","PCS","8907144335826","8","2026-09-02T11:00:32.620Z"
"A","R2","Bin 12","A-R2-Bin12","CTN-A-0048","LOT-A-0002","SLEEPLOGY ACDBL SND","QUILTED SLEEPOLOGY DOUBLE SAND","PCS","8907144357767","8","2026-09-02T11:01:35.764Z"
"A","R2","Bin 12","A-R2-Bin12","CTN-A-0049","LOT-A-0002","SLEEPLOGY ACDBL SND","QUILTED SLEEPOLOGY DOUBLE SAND","PCS","8907144357767","8","2026-09-02T11:02:15.268Z"
"A","R2","Bin 12","A-R2-Bin12","CTN-A-0051","LOT-A-0002","SLEEPLOGY ACDBL SND","QUILTED SLEEPOLOGY DOUBLE SAND","PCS","8907144357767","8","2026-09-02T11:03:01.402Z"
"A","R2","Bin 12","A-R2-Bin12","CTN-A-0052","LOT-A-0002","SLEEPLOGY ACDBL SND","QUILTED SLEEPOLOGY DOUBLE SAND","PCS","8907144357767","8","2026-09-02T11:03:27.734Z"
"A","R2","Bin 12","A-R2-Bin12","CTN-A-0053","LOT-A-0002","SLEEPLOGY ACDBL SND","QUILTED SLEEPOLOGY DOUBLE SAND","PCS","8907144357767","8","2026-09-02T11:03:51.620Z"
"A","R2","Bin 12","A-R2-Bin12","CTN-A-0054","LOT-A-0002","SLEEPLOGY ACDBL SND","QUILTED SLEEPOLOGY DOUBLE SAND","PCS","8907144357767","8","2026-09-02T11:04:23.828Z"
"A","R2","Bin 12","A-R2-Bin12","CTN-A-0055","LOT-A-0002","SLEEPLOGY ACDBL SND","QUILTED SLEEPOLOGY DOUBLE SAND","PCS","8907144357767","8","2026-09-02T11:04:47.964Z"
"A","R2","Bin 12","A-R2-Bin12","CTN-A-0056","LOT-A-0002","SLEEPLOGY ACDBL SND","QUILTED SLEEPOLOGY DOUBLE SAND","PCS","8907144357767","8","2026-09-02T11:05:12.700Z"
"A","R2","Bin 12","A-R2-Bin12","CTN-A-0057","LOT-A-0002","SLEEPLOGY ACDBL SND","QUILTED SLEEPOLOGY DOUBLE SAND","PCS","8907144357767","8","2026-09-02T11:05:37.260Z"
"A","R2","Bin 13","A-R2-Bin13","CTN-A-0061","LOT-A-0002","SLEEPLOGY ACDBL SND","QUILTED SLEEPOLOGY DOUBLE SAND","PCS","8907144357767","8","2026-09-02T11:09:33.403Z"
"A","R2","Bin 13","A-R2-Bin13","CTN-A-0062","LOT-A-0002","SLEEPLOGY ACDBL SND","QUILTED SLEEPOLOGY DOUBLE SAND","PCS","8907144357767","8","2026-09-02T11:09:55.980Z"
"A","R2","Bin 13","A-R2-Bin13","CTN-A-0065","LOT-A-0002","SLEEPLOGY ACDBL SND","QUILTED SLEEPOLOGY DOUBLE SAND","PCS","8907144357767","8","2026-09-02T11:11:08.197Z"
"A","R2","Bin 13","A-R2-Bin13","CTN-A-0066","LOT-A-0002","SLEEPLOGY ACDBL SND","QUILTED SLEEPOLOGY DOUBLE SAND","PCS","8907144357767","8","2026-09-02T11:11:34.147Z"
"A","R2","Bin 13","A-R2-Bin13","CTN-A-0067","LOT-A-0002","SLEEPLOGY ACDBL SND","QUILTED SLEEPOLOGY DOUBLE SAND","PCS","8907144357767","8","2026-09-02T11:15:29.739Z"
"A","R2","Bin 13","A-R2-Bin13","CTN-A-0071","LOT-A-0002","SLEEPLOGY ACDBL SND","QUILTED SLEEPOLOGY DOUBLE SAND","PCS","8907144357767","8","2026-09-02T11:17:04.659Z"
"A","R2","Bin 13","A-R2-Bin13","CTN-A-0072","LOT-A-0002","SLEEPLOGY ACDBL SND","QUILTED SLEEPOLOGY DOUBLE SAND","PCS","8907144357767","8","2026-09-02T11:17:26.321Z"
"A","R2","Bin 13","A-R2-Bin13","CTN-A-0073","LOT-A-0002","SLEEPLOGY ACDBL SND","QUILTED SLEEPOLOGY DOUBLE SAND","PCS","8907144357767","8","2026-09-02T11:17:48.219Z"
"A","R2","Bin 13","A-R2-Bin13","CTN-A-0074","LOT-A-0002","SLEEPLOGY ACDBL SND","QUILTED SLEEPOLOGY DOUBLE SAND","PCS","8907144357767","8","2026-09-02T11:18:12.427Z"
"A","R2","Bin 13","A-R2-Bin13","CTN-A-0075","LOT-A-0002","SLEEPLOGY AC DBL COF","QUILTED SLEEPOLOGY DOUBLE COFFEE","PCS","8907144335772","8","2026-09-02T11:18:52.098Z"
"A","R2","Bin 14","A-R2-Bin14","CTN-A-0021","LOT-A-0002","TWL ROM 60X120 WT","The Roman Bath Towel","PCS","8907144257609","18","2026-09-02T07:06:20.956Z"
"A","R2","Bin 14","A-R2-Bin14","CTN-A-0022","LOT-A-0002","TWL ROM 60X120 BR","The Roman Bath Towel","PCS","8907144257470","18","2026-09-02T07:06:56.601Z"
"A","R2","Bin 14","A-R2-Bin14","CTN-A-0025","LOT-A-0002","TWL ROM 60X120 BR","The Roman Bath Towel","PCS","8907144257470","18","2026-09-02T07:07:26.353Z"
"A","R2","Bin 14","A-R2-Bin14","CTN-A-0028","LOT-A-0002","TWL ROM 60X120 BR","The Roman Bath Towel","PCS","8907144257470","18","2026-09-02T07:07:54.568Z"
"A","R2","Bin 14","A-R2-Bin14","CTN-A-0023","LOT-A-0002","TWL ROM 60X120 MAR","The Roman Bath Towel","PCS","8907144257555","18","2026-09-02T07:08:25.809Z"
"A","R2","Bin 14","A-R2-Bin14","CTN-A-0030","LOT-A-0002","TWL ROM 60X120 MAR","The Roman Bath Towel","PCS","8907144257555","18","2026-09-02T07:08:51.537Z"
"A","R2","Bin 14","A-R2-Bin14","CTN-A-0024","LOT-A-0002","TWL ROM 60X120 BK","The Roman Bath Towel","PCS","8907144257449","18","2026-09-02T07:09:18.184Z"
"A","R2","Bin 14","A-R2-Bin14","CTN-A-0027","LOT-A-0002","TWL ROM 60X120 BK","The Roman Bath Towel","PCS","8907144257449","18","2026-09-02T07:09:49.496Z"
"A","R2","Bin 14","A-R2-Bin14","CTN-A-0029","LOT-A-0002","TWL ROM 60X120 BK","The Roman Bath Towel","PCS","8907144257449","18","2026-09-02T07:10:16.400Z"
"A","R2","Bin 14","A-R2-Bin14","CTN-A-0026","LOT-A-0002","TWL ROM 60X120 PK","The Roman Bath Towel","PCS","8907144257586","18","2026-09-02T07:11:29.512Z"
"A","R2","Bin 14","A-R2-Bin14","CTN-A-0031","LOT-A-0002","TWL ROM 60X120 CGY N","The Roman Bath Towel","PCS","8907144162545","18","2026-09-02T07:12:02.344Z"
"A","R2","Bin 14","A-R2-Bin14","CTN-A-0032","LOT-A-0002","TWL ROM 60X120 CGY N","The Roman Bath Towel","PCS","8907144162545","18","2026-09-02T07:12:34.627Z"
"A","R2","Bin 14","A-R2-Bin14","CTN-A-0033","LOT-A-0002","TWL ROM 60X120 CGY N","The Roman Bath Towel","PCS","8907144162545","18","2026-09-02T07:13:08.575Z"
"A","R2","Bin 14","A-R2-Bin14","CTN-A-0034","LOT-A-0002","TWL ROM 60X120 CGY N","The Roman Bath Towel","PCS","8907144162545","18","2026-09-02T07:13:43.323Z"
"A","R2","Bin 14","A-R2-Bin14","CTN-A-0035","LOT-A-0002","TWL ROM 60X120 CGY N","The Roman Bath Towel","PCS","8907144162545","18","2026-09-02T07:14:23.079Z"
"A","R2","Bin 14","A-R2-Bin14","CTN-A-0036","LOT-A-0002","TWL ROM 60X120 CGY N","The Roman Bath Towel","PCS","8907144162545","18","2026-09-02T07:15:14.965Z"
"A","R2","Bin 15","A-R2-Bin15","CTN-A-0013","LOT-A-0002","PILLOW MOON","Pillow Moon","PCS","8907144406229","14","2026-09-08T13:54:29.203Z"
"A","R2","Bin 15","A-R2-Bin15","CTN-A-0014","LOT-A-0002","PILLOW MOON","Pillow Moon","PCS","8907144406229","14","2026-09-08T13:54:54.549Z"
"A","R2","Bin 15","A-R2-Bin15","CTN-A-0015","LOT-A-0002","PILLOW MOON","Pillow Moon","PCS","8907144406229","14","2026-09-08T13:55:17.946Z"
"A","R2","Bin 15","A-R2-Bin15","CTN-A-0016","LOT-A-0002","PILLOW MOON","Pillow Moon","PCS","8907144406229","14","2026-09-08T13:55:44.043Z"
"A","R2","Bin 15","A-R2-Bin15","CTN-A-0017","LOT-A-0002","PILLOW MOON","Pillow Moon","PCS","8907144406229","14","2026-09-08T13:56:08.784Z"
"A","R2","Bin 15","A-R2-Bin15","CTN-A-0018","LOT-A-0002","PILLOW MOON","Pillow Moon","PCS","8907144406229","14","2026-09-08T13:56:47.579Z"
"A","R2","Bin 15","A-R2-Bin15","CTN-A-0019","LOT-A-0002","PILLOW MOON","Pillow Moon","PCS","8907144406229","14","2026-09-08T13:57:10.075Z"
"A","R2","Bin 15","A-R2-Bin15","CTN-A-0020","LOT-A-0002","PILLOW MOON","Pillow Moon","PCS","8907144406229","14","2026-09-08T13:57:33.803Z"
"A","R2","Bin 15","A-R2-Bin15","CTN-A-0021","LOT-A-0002","PILLOW MOON","Pillow Moon","PCS","8907144406229","14","2026-09-08T13:57:55.683Z"
"A","R2","Bin 15","A-R2-Bin15","CTN-A-0022","LOT-A-0002","PILLOW MOON","Pillow Moon","PCS","8907144406229","14","2026-09-08T13:58:19.620Z"
"A","R2","Bin 15","A-R2-Bin15","CTN-A-0023","LOT-A-0002","PILLOW MOON","Pillow Moon","PCS","8907144406229","14","2026-09-08T13:58:45.174Z"
"A","R2","Bin 15","A-R2-Bin15","CTN-A-0024","LOT-A-0002","PILLOW MOON","Pillow Moon","PCS","8907144406229","14","2026-09-08T13:59:07.047Z"
"A","R2","Bin 16","A-R2-Bin16","CTN-A-0001","LOT-A-0002","PILLOW MOON","Pillow Moon","PCS","8907144406229","14","2026-09-08T13:07:14.228Z"
"A","R2","Bin 16","A-R2-Bin16","CTN-A-0002","LOT-A-0002","PILLOW MOON","Pillow Moon","PCS","8907144406229","16","2026-09-08T13:08:01.475Z"
"A","R2","Bin 16","A-R2-Bin16","CTN-A-0003","LOT-A-0002","PILLOW MOON","Pillow Moon","PCS","8907144406229","14","2026-09-08T13:08:34.707Z"
"A","R2","Bin 16","A-R2-Bin16","CTN-A-0004","LOT-A-0002","PILLOW MOON","Pillow Moon","PCS","8907144406229","14","2026-09-08T13:43:11.907Z"
"A","R2","Bin 16","A-R2-Bin16","CTN-A-0005","LOT-A-0002","PILLOW MOON","Pillow Moon","PCS","8907144406229","14","2026-09-08T13:52:29.702Z"
"A","R2","Bin 16","A-R2-Bin16","CTN-A-0006","LOT-A-0002","PILLOW MOON","Pillow Moon","PCS","8907144406229","14","2026-09-08T13:45:19.302Z"
"A","R2","Bin 16","A-R2-Bin16","CTN-A-0007","LOT-A-0002","PILLOW MOON","Pillow Moon","PCS","8907144406229","14","2026-09-08T13:45:44.355Z"
"A","R2","Bin 16","A-R2-Bin16","CTN-A-0008","LOT-A-0002","PILLOW MOON","Pillow Moon","PCS","8907144406229","14","2026-09-08T13:48:14.714Z"
"A","R2","Bin 16","A-R2-Bin16","CTN-A-0009","LOT-A-0002","PILLOW MOON","Pillow Moon","PCS","8907144406229","14","2026-09-08T13:48:37.443Z"
"A","R2","Bin 16","A-R2-Bin16","CTN-A-0010","LOT-A-0002","PILLOW MOON","Pillow Moon","PCS","8907144406229","14","2026-09-08T13:49:11.165Z"
"A","R2","Bin 16","A-R2-Bin16","CTN-A-0011","LOT-A-0002","PILLOW MOON","Pillow Moon","PCS","8907144406229","14","2026-09-08T13:49:45.818Z"
"A","R2","Bin 16","A-R2-Bin16","CTN-A-0012","LOT-A-0002","PILLOW MOON","Pillow Moon","PCS","8907144406229","14","2026-09-08T13:50:11.251Z"
"A","R2","Bin 17","A-R2-Bin17","CTN-A-0001","LOT-A-0002","TWL ROM 60X120 BK","The Roman Bath Towel","PCS","8907144257449","18","2026-09-02T06:44:23.631Z"
"A","R2","Bin 17","A-R2-Bin17","CTN-A-0005","LOT-A-0002","TWL ROM 60X120 BK","The Roman Bath Towel","PCS","8907144257449","18","2026-09-02T06:44:55.842Z"
"A","R2","Bin 17","A-R2-Bin17","CTN-A-0006","LOT-A-0002","TWL ROM 60X120 BK","The Roman Bath Towel","PCS","8907144257449","18","2026-09-02T06:45:22.747Z"
"A","R2","Bin 17","A-R2-Bin17","CTN-A-0007","LOT-A-0002","TWL ROM 60X120 BK","The Roman Bath Towel","PCS","8907144257449","18","2026-09-02T06:45:57.202Z"
"A","R2","Bin 17","A-R2-Bin17","CTN-A-0010","LOT-A-0002","TWL ROM 60X120 BK","The Roman Bath Towel","PCS","8907144257449","18","2026-09-02T06:46:39.991Z"
"A","R2","Bin 17","A-R2-Bin17","CTN-A-0016","LOT-A-0002","TWL ROM 60X120 BK","The Roman Bath Towel","PCS","8907144257449","18","2026-09-02T06:47:05.962Z"
"A","R2","Bin 17","A-R2-Bin17","CTN-A-0020","LOT-A-0002","TWL ROM 60X120 BK","The Roman Bath Towel","PCS","8907144257449","18","2026-09-02T06:47:39.322Z"
"A","R2","Bin 17","A-R2-Bin17","CTN-A-0003","LOT-A-0002","TWL ROM 60X120 BR","The Roman Bath Towel","PCS","8907144257470","18","2026-09-02T06:48:08.906Z"
"A","R2","Bin 17","A-R2-Bin17","CTN-A-0013","LOT-A-0002","TWL ROM 60X120 BR","The Roman Bath Towel","PCS","8907144257470","18","2026-09-02T06:49:09.258Z"
"A","R2","Bin 17","A-R2-Bin17","CTN-A-0017","LOT-A-0002","TWL ROM 60X120 BR","The Roman Bath Towel","PCS","8907144257470","18","2026-09-02T06:49:35.937Z"
"A","R2","Bin 17","A-R2-Bin17","CTN-A-0019","LOT-A-0002","TWL ROM 60X120 BR","The Roman Bath Towel","PCS","8907144257470","18","2026-09-02T06:50:03.990Z"
"A","R2","Bin 17","A-R2-Bin17","CTN-A-0002","LOT-A-0002","TWL ROM 60X120 PK","The Roman Bath Towel","PCS","8907144257586","18","2026-09-02T06:50:31.857Z"
"A","R2","Bin 17","A-R2-Bin17","CTN-A-0004","LOT-A-0002","TWL ROM 60X120 WT","The Roman Bath Towel","PCS","8907144257609","18","2026-09-02T06:51:08.390Z"
"A","R2","Bin 17","A-R2-Bin17","CTN-A-0009","LOT-A-0002","TWL ROM 60X120 WT","The Roman Bath Towel","PCS","8907144257609","18","2026-09-02T06:51:39.874Z"
"A","R2","Bin 17","A-R2-Bin17","CTN-A-0011","LOT-A-0002","TWL ROM 60X120 WT","The Roman Bath Towel","PCS","8907144257609","18","2026-09-02T06:52:06.209Z"
"A","R2","Bin 17","A-R2-Bin17","CTN-A-0014","LOT-A-0002","TWL ROM 60X120 WT","The Roman Bath Towel","PCS","8907144257609","18","2026-09-02T06:53:02.974Z"
"A","R2","Bin 17","A-R2-Bin17","CTN-A-0015","LOT-A-0002","TWL ROM 60X120 WT","The Roman Bath Towel","PCS","8907144257609","18","2026-09-02T06:53:30.442Z"
"A","R2","Bin 17","A-R2-Bin17","CTN-A-0018","LOT-A-0002","TWL ROM 60X120 WT","The Roman Bath Towel","PCS","8907144257609","18","2026-09-02T06:53:57.633Z"
"A","R2","Bin 18","A-R2-Bin18","CTN-A-0076","LOT-A-0002","SLEEPLOGY ACDBL SBL","QUILTED SLEEPOLOGY DOUBLE SKY BLUE","PCS","8907144353301","8","2026-09-02T11:19:41.291Z"
"A","R2","Bin 18","A-R2-Bin18","CTN-A-0077","LOT-A-0002","SLEEPLOGY ACDBL SBL","QUILTED SLEEPOLOGY DOUBLE SKY BLUE","PCS","8907144353301","8","2026-09-02T11:20:29.503Z"
"A","R2","Bin 18","A-R2-Bin18","CTN-A-0078","LOT-A-0002","SLEEPLOGY ACDBL SBL","QUILTED SLEEPOLOGY DOUBLE SKY BLUE","PCS","8907144353301","8","2026-09-02T11:21:01.051Z"
"A","R2","Bin 18","A-R2-Bin18","CTN-A-0080","LOT-A-0002","SLEEPLOGY ACDBL SBL","QUILTED SLEEPOLOGY DOUBLE SKY BLUE","PCS","8907144353301","8","2026-09-02T11:21:48.379Z"
"A","R2","Bin 18","A-R2-Bin18","CTN-A-0083","LOT-A-0002","SLEEPLOGY ACDBL IVR","QUILTED SLEEPOLOGY DOUBLE IVORY","PCS","8907144353325","8","2026-09-02T11:23:24.624Z"
"A","R2","Bin 18","A-R2-Bin18","CTN-A-0085","LOT-A-0002","SLEEPLOGY ACDBL IVR","QUILTED SLEEPOLOGY DOUBLE IVORY","PCS","8907144353325","8","2026-09-02T11:24:28.458Z"
"A","R2","Bin 2","A-R2-Bin2","CTN-A-0087","LOT-A-0002","TWL ROM 60X120 GLD","The Roman Bath Towel","PCS","8907144257531","18","2026-09-02T08:04:20.102Z"
"A","R2","Bin 2","A-R2-Bin2","CTN-A-0147","LOT-A-0002","PILLOW MUSHY","PILLOW","PCS","8907144041703","15","2026-09-12T09:54:39.044Z"
"A","R2","Bin 2","A-R2-Bin2","CTN-A-0148","LOT-A-0002","PILLOW MUSHY","PILLOW","PCS","8907144041703","15","2026-09-12T09:55:03.358Z"
"A","R2","Bin 2","A-R2-Bin2","CTN-A-0149","LOT-A-0002","PILLOW MUSHY","PILLOW","PCS","8907144041703","15","2026-09-12T09:55:32.795Z"
"A","R2","Bin 2","A-R2-Bin2","CTN-A-0150","LOT-A-0002","PILLOW MUSHY","PILLOW","PCS","8907144041703","15","2026-09-12T09:56:12.346Z"
"A","R2","Bin 4","A-R2-Bin4","CTN-A-0045","LOT-A-0002","PILLOW MOON","Pillow Moon","PCS","8907144406229","14","2026-09-08T14:10:20.731Z"
"A","R2","Bin 4","A-R2-Bin4","CTN-A-0046","LOT-A-0002","PILLOW MOON","Pillow Moon","PCS","8907144406229","14","2026-09-08T14:10:42.652Z"
"A","R2","Bin 4","A-R2-Bin4","CTN-A-0047","LOT-A-0002","PILLOW MOON","Pillow Moon","PCS","8907144406229","14","2026-09-08T14:11:09.024Z"
"A","R2","Bin 4","A-R2-Bin4","CTN-A-0048","LOT-A-0002","PILLOW MOON","Pillow Moon","PCS","8907144406229","14","2026-09-08T14:11:58.088Z"
"A","R2","Bin 4","A-R2-Bin4","CTN-A-0049","LOT-A-0002","PILLOW MOON","Pillow Moon","PCS","8907144406229","14","2026-09-08T14:12:16.811Z"
"A","R2","Bin 4","A-R2-Bin4","CTN-A-0050","LOT-A-0002","PILLOW MOON","Pillow Moon","PCS","8907144406229","14","2026-09-08T14:12:36.322Z"
"A","R2","Bin 4","A-R2-Bin4","CTN-A-0051","LOT-A-0002","PILLOW MOON","Pillow Moon","PCS","8907144406229","14","2026-09-08T14:13:00.018Z"
"A","R2","Bin 4","A-R2-Bin4","CTN-A-0052","LOT-A-0002","PILLOW MOON","Pillow Moon","PCS","8907144406229","14","2026-09-08T14:13:20.617Z"
"A","R2","Bin 4","A-R2-Bin4","CTN-A-0053","LOT-A-0002","PILLOW MOON","Pillow Moon","PCS","8907144406229","14","2026-09-08T14:13:43.943Z"
"A","R2","Bin 4","A-R2-Bin4","CTN-A-0054","LOT-A-0002","PILLOW MOON","Pillow Moon","PCS","8907144406229","14","2026-09-08T14:14:18.106Z"
"A","R2","Bin 4","A-R2-Bin4","CTN-A-0055","LOT-A-0002","PILLOW MOON","Pillow Moon","PCS","8907144406229","14","2026-09-08T14:14:38.434Z"
"A","R2","Bin 4","A-R2-Bin4","CTN-A-0056","LOT-A-0002","PILLOW MOON","Pillow Moon","PCS","8907144406229","14","2026-09-08T14:15:04.002Z"
"A","R2","Bin 5","A-R2-Bin5","CTN-A-0077","LOT-A-0002","TWL ROM 60X120 MOS","The Roman Bath Towel","PCS","8907144257562","18","2026-09-02T07:56:24.657Z"
"A","R2","Bin 5","A-R2-Bin5","CTN-A-0078","LOT-A-0002","TWL ROM 60X120 MOS","The Roman Bath Towel","PCS","8907144257562","18","2026-09-02T07:56:56.311Z"
"A","R2","Bin 5","A-R2-Bin5","CTN-A-0081","LOT-A-0002","TWL ROM 60X120 MOS","The Roman Bath Towel","PCS","8907144257562","18","2026-09-02T07:57:25.196Z"
"A","R2","Bin 5","A-R2-Bin5","CTN-A-0082","LOT-A-0002","TWL ROM 60X120 MOS","The Roman Bath Towel","PCS","8907144257562","18","2026-09-02T07:57:53.304Z"
"A","R2","Bin 5","A-R2-Bin5","CTN-A-0094","LOT-A-0002","TWL ROM 60X120 MOS","The Roman Bath Towel","PCS","8907144257562","18","2026-09-02T07:58:55.612Z"
"A","R2","Bin 5","A-R2-Bin5","CTN-A-0089","LOT-A-0002","TWL ROM 60X120 MOS","The Roman Bath Towel","PCS","8907144257562","18","2026-09-02T07:59:22.804Z"
"A","R2","Bin 5","A-R2-Bin5","CTN-A-0091","LOT-A-0002","TWL ROM 60X120 MOS","The Roman Bath Towel","PCS","8907144257562","18","2026-09-02T08:00:05.693Z"
"A","R2","Bin 5","A-R2-Bin5","CTN-A-0093","LOT-A-0002","TWL ROM 60X120 MOS","The Roman Bath Towel","PCS","8907144257562","18","2026-09-02T08:00:35.368Z"
"A","R2","Bin 5","A-R2-Bin5","CTN-A-0079","LOT-A-0002","TWL ROM 60X120 GLD","The Roman Bath Towel","PCS","8907144257531","18","2026-09-02T08:01:32.107Z"
"A","R2","Bin 5","A-R2-Bin5","CTN-A-0083","LOT-A-0002","TWL ROM 60X120 GLD","The Roman Bath Towel","PCS","8907144257531","18","2026-09-02T08:02:00.384Z"
"A","R2","Bin 5","A-R2-Bin5","CTN-A-0084","LOT-A-0002","TWL ROM 60X120 GLD","The Roman Bath Towel","PCS","8907144257531","18","2026-09-02T08:02:31.660Z"
"A","R2","Bin 5","A-R2-Bin5","CTN-A-0085","LOT-A-0002","TWL ROM 60X120 GLD","The Roman Bath Towel","PCS","8907144257531","18","2026-09-02T08:03:05.003Z"
"A","R2","Bin 5","A-R2-Bin5","CTN-A-0086","LOT-A-0002","TWL ROM 60X120 GLD","The Roman Bath Towel","PCS","8907144257531","18","2026-09-02T08:03:46.573Z"
"A","R2","Bin 5","A-R2-Bin5","CTN-A-0088","LOT-A-0002","TWL ROM 60X120 GLD","The Roman Bath Towel","PCS","8907144257531","18","2026-09-02T08:04:47.981Z"
"A","R2","Bin 5","A-R2-Bin5","CTN-A-0087","LOT-A-0002","TWL ROM 60X120 GLD","The Roman Bath Towel","PCS","8907144257531","18","2026-09-02T08:14:13.397Z"
"A","R2","Bin 5","A-R2-Bin5","CTN-A-0095","LOT-A-0002","TWL ROM 60X120 GLD","The Roman Bath Towel","PCS","8907144257531","18","2026-09-02T08:14:52.226Z"
"A","R2","Bin 5","A-R2-Bin5","CTN-A-0096","LOT-A-0002","TWL ROM 60X120 GLD","The Roman Bath Towel","PCS","8907144257531","18","2026-09-02T08:15:32.411Z"
"A","R2","Bin 5","A-R2-Bin5","CTN-A-0080","LOT-A-0002","TWL ROM 60X120 MAR","The Roman Bath Towel","PCS","8907144257555","18","2026-09-02T08:16:09.369Z"
"A","R2","Bin 5","A-R2-Bin5","CTN-A-0090","LOT-A-0002","TWL ROM 60X120 BR","The Roman Bath Towel","PCS","8907144257470","18","2026-09-02T08:16:41.346Z"
"A","R2","Bin 5","A-R2-Bin5","CTN-A-0092","LOT-A-0002","TWL ROM 60X120 BR","The Roman Bath Towel","PCS","8907144257470","18","2026-09-02T08:17:15.639Z"
"A","R2","Bin 6","A-R2-Bin6","CTN-A-0016","LOT-A-0002","SLEEPLOGY AC DBL COF","QUILTED SLEEPOLOGY DOUBLE COFFEE","PCS","8907144335772","8","2026-09-02T08:34:46.529Z"
"A","R2","Bin 6","A-R2-Bin6","CTN-A-0017","LOT-A-0002","SLEEPLOGY AC DBL COF","QUILTED SLEEPOLOGY DOUBLE COFFEE","PCS","8907144335772","8","2026-09-02T08:35:08.232Z"
"A","R2","Bin 6","A-R2-Bin6","CTN-A-0018","LOT-A-0002","SLEEPLOGY AC DBL COF","QUILTED SLEEPOLOGY DOUBLE COFFEE","PCS","8907144335772","8","2026-09-02T08:35:34.797Z"
"A","R2","Bin 6","A-R2-Bin6","CTN-A-0019","LOT-A-0002","SLEEPLOGY AC DBL COF","QUILTED SLEEPOLOGY DOUBLE COFFEE","PCS","8907144335772","8","2026-09-02T08:36:06.504Z"
"A","R2","Bin 6","A-R2-Bin6","CTN-A-0020","LOT-A-0002","SLEEPLOGY AC DBL COF","QUILTED SLEEPOLOGY DOUBLE COFFEE","PCS","8907144335772","8","2026-09-02T08:36:59.934Z"
"A","R2","Bin 6","A-R2-Bin6","CTN-A-0021","LOT-A-0002","SLEEPLOGY AC DBL COF","QUILTED SLEEPOLOGY DOUBLE COFFEE","PCS","8907144335772","8","2026-09-02T08:37:24.782Z"
"A","R2","Bin 6","A-R2-Bin6","CTN-A-0022","LOT-A-0002","SLEEPLOGY AC DBL COF","QUILTED SLEEPOLOGY DOUBLE COFFEE","PCS","8907144335772","8","2026-09-02T08:38:01.441Z"
"A","R2","Bin 6","A-R2-Bin6","CTN-A-0025","LOT-A-0002","SLEEPLOGY AC DBL COF","QUILTED SLEEPOLOGY DOUBLE COFFEE","PCS","8907144335772","8","2026-09-02T08:39:11.512Z"
"A","R2","Bin 6","A-R2-Bin6","CTN-A-0026","LOT-A-0002","SLEEPLOGY AC DBL COF","QUILTED SLEEPOLOGY DOUBLE COFFEE","PCS","8907144335772","8","2026-09-02T08:39:36.107Z"
"A","R2","Bin 6","A-R2-Bin6","CTN-A-0027","LOT-A-0002","SLEEPLOGY AC DBL COF","QUILTED SLEEPOLOGY DOUBLE COFFEE","PCS","8907144335772","8","2026-09-02T08:40:02.194Z"
"A","R2","Bin 6","A-R2-Bin6","CTN-A-0028","LOT-A-0002","SLEEPLOGY AC DBL COF","QUILTED SLEEPOLOGY DOUBLE COFFEE","PCS","8907144335772","8","2026-09-02T08:40:30.976Z"
"A","R2","Bin 6","A-R2-Bin6","CTN-A-0029","LOT-A-0002","SLEEPLOGY AC DBL COF","QUILTED SLEEPOLOGY DOUBLE COFFEE","PCS","8907144335772","8","2026-09-02T08:40:51.833Z"
"A","R2","Bin 7","A-R2-Bin7","CTN-A-0031","LOT-A-0002","SLEEPLOGY ACDBL GLD","QUILTED SLEEPOLOGY DOUBLE GOLD","PCS","8907144357736","8","2026-09-02T08:43:16.216Z"
"A","R2","Bin 7","A-R2-Bin7","CTN-A-0032","LOT-A-0002","SLEEPLOGY ACDBL GLD","QUILTED SLEEPOLOGY DOUBLE GOLD","PCS","8907144357736","8","2026-09-02T08:43:50.552Z"
"A","R2","Bin 7","A-R2-Bin7","CTN-A-0036","LOT-A-0430","SLEEPLOGY ACDBL GLD","QUILTED SLEEPOLOGY DOUBLE GOLD","PCS","8907144357736","8","2026-09-02T08:44:50.080Z"
"A","R2","Bin 7","A-R2-Bin7","CTN-A-0037","LOT-A-0002","SLEEPLOGY ACDBL GLD","QUILTED SLEEPOLOGY DOUBLE GOLD","PCS","8907144357736","8","2026-09-02T08:45:10.915Z"
"A","R2","Bin 7","A-R2-Bin7","CTN-A-0038","LOT-A-0002","SLEEPLOGY ACDBL GLD","QUILTED SLEEPOLOGY DOUBLE GOLD","PCS","8907144357736","8","2026-09-02T08:45:31.824Z"
"A","R2","Bin 7","A-R2-Bin7","CTN-A-0040","LOT-A-0002","SLEEPLOGY ACDBL GLD","QUILTED SLEEPOLOGY DOUBLE GOLD","PCS","8907144357736","8","2026-09-02T08:46:35.360Z"
"A","R2","Bin 7","A-R2-Bin7","CTN-A-0041","LOT-A-0002","SLEEPLOGY ACDBL GLD","QUILTED SLEEPOLOGY DOUBLE GOLD","PCS","8907144357736","8","2026-09-02T10:57:21.229Z"
"A","R2","Bin 7","A-R2-Bin7","CTN-A-0042","LOT-A-0002","SLEEPLOGY ACDBL GLD","QUILTED SLEEPOLOGY DOUBLE GOLD","PCS","8907144357736","8","2026-09-02T10:57:07.749Z"
"A","R2","Bin 8","A-R2-Bin8","CTN-A-0057","LOT-A-0002","TWL ROM 60X120 CR","The Roman Bath Towel","PCS","8907144257500","18","2026-09-02T07:36:45.117Z"
"A","R2","Bin 8","A-R2-Bin8","CTN-A-0058","LOT-A-0002","TWL ROM 60X120 CR","The Roman Bath Towel","PCS","8907144257500","18","2026-09-02T07:37:15.318Z"
"A","R2","Bin 8","A-R2-Bin8","CTN-A-0059","LOT-A-0002","TWL ROM 60X120 CR","The Roman Bath Towel","PCS","8907144257500","18","2026-09-02T07:37:53.926Z"
"A","R2","Bin 8","A-R2-Bin8","CTN-A-0060","LOT-A-0002","TWL ROM 60X120 CR","The Roman Bath Towel","PCS","8907144257500","18","2026-09-02T07:40:20.169Z"
"A","R2","Bin 8","A-R2-Bin8","CTN-A-0061","LOT-A-0002","TWL ROM 60X120 CR","The Roman Bath Towel","PCS","8907144257500","18","2026-09-02T07:40:10.237Z"
"A","R2","Bin 8","A-R2-Bin8","CTN-A-0063","LOT-A-0002","TWL ROM 60X120 CR","The Roman Bath Towel","PCS","8907144257500","18","2026-09-02T07:39:58.086Z"
"A","R2","Bin 8","A-R2-Bin8","CTN-A-0062","LOT-A-0002","TWL ROM 60X120 MAR","The Roman Bath Towel","PCS","8907144257555","18","2026-09-02T07:42:30.455Z"
"A","R2","Bin 8","A-R2-Bin8","CTN-A-0065","LOT-A-0002","TWL ROM 60X120 MAR","The Roman Bath Towel","PCS","8907144257555","18","2026-09-02T07:42:57.302Z"
"A","R2","Bin 8","A-R2-Bin8","CTN-A-0068","LOT-A-0002","TWL ROM 60X120 MAR","The Roman Bath Towel","PCS","8907144257555","18","2026-09-02T07:43:34.125Z"
"A","R2","Bin 8","A-R2-Bin8","CTN-A-0074","LOT-A-0002","TWL ROM 60X120 MAR","The Roman Bath Towel","PCS","8907144257555","18","2026-09-02T07:44:02.045Z"
"A","R2","Bin 8","A-R2-Bin8","CTN-A-0076","LOT-A-0002","TWL ROM 60X120 GLD","The Roman Bath Towel","PCS","8907144257531","18","2026-09-02T07:44:33.831Z"
"A","R2","Bin 8","A-R2-Bin8","CTN-A-0064","LOT-A-0002","TWL ROM 60X120 MOS","The Roman Bath Towel","PCS","8907144257562","18","2026-09-02T07:45:49.349Z"
"A","R2","Bin 8","A-R2-Bin8","CTN-A-0066","LOT-A-0002","TWL ROM 60X120 MOS","The Roman Bath Towel","PCS","8907144257562","18","2026-09-02T07:50:23.977Z"
"A","R2","Bin 8","A-R2-Bin8","CTN-A-0067","LOT-A-0002","TWL ROM 60X120 MOS","The Roman Bath Towel","PCS","8907144257562","18","2026-09-02T07:51:05.373Z"
"A","R2","Bin 8","A-R2-Bin8","CTN-A-0069","LOT-A-0002","TWL ROM 60X120 MOS","The Roman Bath Towel","PCS","8907144257562","18","2026-09-02T07:51:44.298Z"
"A","R2","Bin 8","A-R2-Bin8","CTN-A-0070","LOT-A-0002","TWL ROM 60X120 MOS","The Roman Bath Towel","PCS","8907144257562","18","2026-09-02T07:52:14.600Z"
"A","R2","Bin 8","A-R2-Bin8","CTN-A-0071","LOT-A-0002","TWL ROM 60X120 MOS","The Roman Bath Towel","PCS","8907144257562","18","2026-09-02T07:52:42.444Z"
"A","R2","Bin 8","A-R2-Bin8","CTN-A-0072","LOT-A-0002","TWL ROM 60X120 MOS","The Roman Bath Towel","PCS","8907144257562","18","2026-09-02T07:53:12.009Z"
"A","R2","Bin 8","A-R2-Bin8","CTN-A-0073","LOT-A-0002","TWL ROM 60X120 MOS","The Roman Bath Towel","PCS","8907144257562","18","2026-09-02T07:53:41.854Z"
"A","R2","Bin 8","A-R2-Bin8","CTN-A-0075","LOT-A-0002","TWL ROM 60X120 MOS","The Roman Bath Towel","PCS","8907144257562","18","2026-09-02T07:55:51.564Z"
"A","R2","Bin 9","A-R2-Bin9","CTN-A-0033","LOT-A-0002","PILLOW MOON","Pillow Moon","PCS","8907144406229","14","2026-09-08T14:03:53.377Z"
"A","R2","Bin 9","A-R2-Bin9","CTN-A-0034","LOT-A-0002","PILLOW MOON","Pillow Moon","PCS","8907144406229","14","2026-09-08T14:04:14.523Z"
"A","R2","Bin 9","A-R2-Bin9","CTN-A-0034","LOT-A-0002","PILLOW MOON","Pillow Moon","PCS","8907144406229","14","2026-09-08T14:05:59.983Z"
"A","R2","Bin 9","A-R2-Bin9","CTN-A-0035","LOT-A-0002","PILLOW MOON","Pillow Moon","PCS","8907144406229","14","2026-09-08T14:06:34.601Z"
"A","R2","Bin 9","A-R2-Bin9","CTN-A-0036","LOT-A-0002","PILLOW MOON","Pillow Moon","PCS","8907144406229","14","2026-09-08T14:06:55.091Z"
"A","R2","Bin 9","A-R2-Bin9","CTN-A-0037","LOT-A-0002","PILLOW MOON","Pillow Moon","PCS","8907144406229","14","2026-09-08T14:07:19.083Z"
"A","R2","Bin 9","A-R2-Bin9","CTN-A-0038","LOT-A-0002","PILLOW MOON","Pillow Moon","PCS","8907144406229","14","2026-09-08T14:07:39.820Z"
"A","R2","Bin 9","A-R2-Bin9","CTN-A-0039","LOT-A-0002","PILLOW MOON","Pillow Moon","PCS","8907144406229","14","2026-09-08T14:08:03.983Z"
"A","R2","Bin 9","A-R2-Bin9","CTN-A-0040","LOT-A-0002","PILLOW MOON","Pillow Moon","PCS","8907144406229","14","2026-09-08T14:08:29.794Z"
"A","R2","Bin 9","A-R2-Bin9","CTN-A-0041","LOT-A-0002","PILLOW MOON","Pillow Moon","PCS","8907144406229","14","2026-09-08T14:08:48.411Z"
"A","R2","Bin 9","A-R2-Bin9","CTN-A-0042","LOT-A-0002","PILLOW MOON","Pillow Moon","PCS","8907144406229","14","2026-09-08T14:09:11.666Z"
"A","R2","Bin 9","A-R2-Bin9","CTN-A-0043","LOT-A-0002","PILLOW MOON","Pillow Moon","PCS","8907144406229","14","2026-09-08T14:09:34.555Z"
"A","R2","Bin 9","A-R2-Bin9","CTN-A-0044","LOT-A-0002","PILLOW MOON","Pillow Moon","PCS","8907144406229","14","2026-09-08T14:09:54.411Z"
"A","R3","Bin 10","A-R3-Bin10","CTN-A-0036","LOT-A-0002","PILLOW LAVENDER","Pillow Lavender","PCS","8907144259627","12","2026-09-14T14:14:47.143Z"
"A","R3","Bin 10","A-R3-Bin10","CTN-A-0037","LOT-A-0002","PILLOW LAVENDER","Pillow Lavender","PCS","8907144259627","12","2026-09-14T14:15:09.469Z"
"A","R3","Bin 10","A-R3-Bin10","CTN-A-0038","LOT-A-0002","PILLOW LAVENDER","Pillow Lavender","PCS","8907144259627","12","2026-09-14T14:15:35.085Z"
"A","R3","Bin 10","A-R3-Bin10","CTN-A-0039","LOT-A-0002","PILLOW LAVENDER","Pillow Lavender","PCS","8907144259627","12","2026-09-14T14:16:03.673Z"
"A","R3","Bin 11","A-R3-Bin11","CTN-A-0023","LOT-A-0002","TWL ROM 40X60 WT","The Roman Hand Towel","PCS","8907144270714","120","2026-09-01T10:33:00.434Z"
"A","R3","Bin 11","A-R3-Bin11","CTN-A-0031","LOT-A-0002","TWL ROM 40X60 CGY N","The Roman Hand Towel","PCS","8907144162507","120","2026-09-01T10:33:52.224Z"
"A","R3","Bin 11","A-R3-Bin11","CTN-A-0034","LOT-A-0002","TWL ROM 40X60 PK","The Roman Hand Towel","PCS","8907144270738","120","2026-09-01T10:35:22.792Z"
"A","R3","Bin 11","A-R3-Bin11","CTN-A-0024","LOT-A-0002","TWL ROM 40X60 CR","The Roman Hand Towel","PCS","8907144270790","120","2026-09-01T10:36:18.929Z"
"A","R3","Bin 11","A-R3-Bin11","CTN-A-0026","LOT-A-0002","TWL ROM 40X60 CR","The Roman Hand Towel","PCS","8907144270790","120","2026-09-01T10:37:15.266Z"
"A","R3","Bin 11","A-R3-Bin11","CTN-A-0027","LOT-A-0002","TWL ROM 40X60 CR","The Roman Hand Towel","PCS","8907144270790","120","2026-09-01T10:38:30.514Z"
"A","R3","Bin 11","A-R3-Bin11","CTN-A-0028","LOT-A-0002","TWL ROM 40X60 CR","The Roman Hand Towel","PCS","8907144270790","120","2026-09-01T10:39:10.808Z"
"A","R3","Bin 11","A-R3-Bin11","CTN-A-0029","LOT-A-0002","TWL ROM 40X60 CR","The Roman Hand Towel","PCS","8907144270790","120","2026-09-01T10:39:50.672Z"
"A","R3","Bin 11","A-R3-Bin11","CTN-A-0032","LOT-A-0002","TWL ROM 40X60 CR","The Roman Hand Towel","PCS","8907144270790","120","2026-09-01T10:41:03.466Z"
"A","R3","Bin 11","A-R3-Bin11","CTN-A-0033","LOT-A-0002","TWL ROM 40X60 CR","The Roman Hand Towel","PCS","8907144270790","120","2026-09-01T10:41:33.473Z"
"A","R3","Bin 11","A-R3-Bin11","CTN-A-0025","LOT-A-0002","TWL ROM 40X60 FUS","The Roman Hand Towel","PCS","8907144270769","120","2026-09-01T10:42:13.170Z"
"A","R3","Bin 11","A-R3-Bin11","CTN-A-0030","LOT-A-0002","TWL ROM 40X60 BK","The Roman Hand Towel","PCS","8907144270844","100","2026-09-01T10:44:06.332Z"
"A","R3","Bin 12","A-R3-Bin12","CTN-A-0067","LOT-A-0002","TWL ROM 40X60 GLD","The Roman Hand Towel","PCS","8907144270851","120","2026-09-02T05:56:06.774Z"
"A","R3","Bin 12","A-R3-Bin12","CTN-A-0068","LOT-A-0002","TWL ROM 40X60 WT","The Roman Hand Towel","PCS","8907144270714","120","2026-09-02T05:58:28.166Z"
"A","R3","Bin 12","A-R3-Bin12","CTN-A-0074","LOT-A-0002","TWL ROM 40X60 WT","The Roman Hand Towel","PCS","8907144270714","120","2026-09-02T05:58:50.687Z"
"A","R3","Bin 12","A-R3-Bin12","CTN-A-0077","LOT-A-0002","TWL ROM 40X60 BK","The Roman Hand Towel","PCS","8907144270844","120","2026-09-02T05:59:24.726Z"
"A","R3","Bin 12","A-R3-Bin12","CTN-A-0073","LOT-A-0002","TWL ROM 40X60 MARS","The Roman Hand Towel","PCS","8907144257395","120","2026-09-02T06:00:01.775Z"
"A","R3","Bin 12","A-R3-Bin12","CTN-A-0072","LOT-A-0002","TWL ROM 40X60 CR","The Roman Hand Towel","PCS","8907144270790","120","2026-09-02T06:01:23.526Z"
"A","R3","Bin 12","A-R3-Bin12","CTN-A-0069","LOT-A-0002","TWL ROM 40X60 BR","The Roman Hand Towel","PCS","8907144270813","120","2026-09-02T06:05:17.774Z"
"A","R3","Bin 12","A-R3-Bin12","CTN-A-0070","LOT-A-0002","TWL ROM 40X60 BR","The Roman Hand Towel","PCS","8907144270813","120","2026-09-02T06:05:42.137Z"
"A","R3","Bin 12","A-R3-Bin12","CTN-A-0075","LOT-A-0002","TWL ROM 40X60 BR","The Roman Hand Towel","PCS","8907144270813","120","2026-09-02T06:06:09.781Z"
"A","R3","Bin 12","A-R3-Bin12","CTN-A-0076","LOT-A-0002","TWL ROM 40X60 BR","The Roman Hand Towel","PCS","8907144270813","120","2026-09-02T06:06:48.461Z"
"A","R3","Bin 13","A-R3-Bin13","CTN-A-0059","LOT-A-0002","TWL ROM 40X60 CGY N","The Roman Hand Towel","PCS","8907144162507","120","2026-09-02T05:47:44.186Z"
"A","R3","Bin 13","A-R3-Bin13","CTN-A-0060","LOT-A-0002","TWL ROM 40X60 CGY N","The Roman Hand Towel","PCS","8907144162507","120","2026-09-02T05:48:36.375Z"
"A","R3","Bin 13","A-R3-Bin13","CTN-A-0061","LOT-A-0002","TWL ROM 40X60 CGY N","The Roman Hand Towel","PCS","8907144162507","120","2026-09-02T05:49:23.407Z"
"A","R3","Bin 13","A-R3-Bin13","CTN-A-0061","LOT-A-0002","TWL ROM 40X60 FUS","The Roman Hand Towel","PCS","8907144270769","120","2026-09-02T05:53:17.035Z"
"A","R3","Bin 13","A-R3-Bin13","CTN-A-0064","LOT-A-0002","TWL ROM 40X60 FUS","The Roman Hand Towel","PCS","8907144270769","120","2026-09-02T05:53:45.930Z"
"A","R3","Bin 13","A-R3-Bin13","CTN-A-0062","LOT-A-0002","TWL ROM 40X60 WT","The Roman Hand Towel","PCS","8907144270714","120","2026-09-02T05:54:09.799Z"
"A","R3","Bin 13","A-R3-Bin13","CTN-A-0063","LOT-A-0002","TWL ROM 40X60 WT","The Roman Hand Towel","PCS","8907144270714","120","2026-09-02T05:54:33.479Z"
"A","R3","Bin 13","A-R3-Bin13","CTN-A-0066","LOT-A-0002","TWL ROM 40X60 CR","The Roman Hand Towel","PCS","8907144270790","120","2026-09-02T05:55:37.535Z"
"A","R3","Bin 14","A-R3-Bin14","CTN-A-0011","LOT-A-0002","TWL ROM 40X60 MOS","The Roman Hand Towel","PCS","8907144270783","120","2026-09-01T10:09:45.861Z"
"A","R3","Bin 14","A-R3-Bin14","CTN-A-0012","LOT-A-0002","TWL ROM 40X60 MOS","The Roman Hand Towel","PCS","8907144270783","120","2026-09-01T10:10:22.269Z"
"A","R3","Bin 14","A-R3-Bin14","CTN-A-0022","LOT-A-0002","TWL ROM 40X60 GLD","The Roman Hand Towel","PCS","8907144270851","120","2026-09-01T10:11:04.173Z"
"A","R3","Bin 14","A-R3-Bin14","CTN-A-0013","LOT-A-0002","TWL ROM 40X60 FUS","The Roman Hand Towel","PCS","8907144270769","120","2026-09-01T10:12:01.989Z"
"A","R3","Bin 14","A-R3-Bin14","CTN-A-0017","LOT-A-0002","TWL ROM 40X60 FUS","The Roman Hand Towel","PCS","8907144270769","120","2026-09-01T10:13:07.119Z"
"A","R3","Bin 14","A-R3-Bin14","CTN-A-0015","LOT-A-0002","TWL ROM 40X60 WT","The Roman Hand Towel","PCS","8907144270714","120","2026-09-01T10:14:21.357Z"
"A","R3","Bin 14","A-R3-Bin14","CTN-A-0016","LOT-A-0002","TWL ROM 40X60 WT","The Roman Hand Towel","PCS","8907144270714","120","2026-09-01T10:14:52.965Z"
"A","R3","Bin 14","A-R3-Bin14","CTN-A-0019","LOT-A-0002","TWL ROM 40X60 WT","The Roman Hand Towel","PCS","8907144270714","120","2026-09-01T10:15:29.821Z"
"A","R3","Bin 14","A-R3-Bin14","CTN-A-0014","LOT-A-0002","TWL ROM 40X60 CR","The Roman Hand Towel","PCS","8907144270790","120","2026-09-01T10:16:35.973Z"
"A","R3","Bin 14","A-R3-Bin14","CTN-A-0021","LOT-A-0002","TWL ROM 40X60 CR","The Roman Hand Towel","PCS","8907144270790","120","2026-09-01T10:17:18.549Z"
"A","R3","Bin 14","A-R3-Bin14","CTN-A-0018","LOT-A-0002","TWL ROM 40X60 MARS","The Roman Hand Towel","PCS","8907144257395","120","2026-09-01T10:18:09.846Z"
"A","R3","Bin 14","A-R3-Bin14","CTN-A-0020","LOT-A-0002","TWL ROM 40X60 CGY N","The Roman Hand Towel","PCS","8907144162507","120","2026-09-01T10:18:48.670Z"
"A","R3","Bin 16","A-R3-Bin16","CTN-A-0007","LOT-A-0002","TWL ROM 40X60 NBL","The Roman Hand Towel","PCS","8907144270745","60","2026-09-01T10:08:24.221Z"
"A","R3","Bin 17","A-R3-Bin17","CTN-A-0001","LOT-A-0002","TWL ROM 40X60 MOS","The Roman Hand Towel","PCS","8907144270783","120","2026-09-01T10:01:18.789Z"
"A","R3","Bin 17","A-R3-Bin17","CTN-A-0003","LOT-A-0002","TWL ROM 40X60 MOS","The Roman Hand Towel","PCS","8907144270783","120","2026-09-01T10:02:04.093Z"
"A","R3","Bin 17","A-R3-Bin17","CTN-A-0005","LOT-A-0002","TWL ROM 40X60 MOS","The Roman Hand Towel","PCS","8907144270783","120","2026-09-01T10:02:47.997Z"
"A","R3","Bin 17","A-R3-Bin17","CTN-A-0008","LOT-A-0002","TWL ROM 40X60 MOS","The Roman Hand Towel","PCS","8907144270783","120","2026-09-01T10:03:21.926Z"
"A","R3","Bin 17","A-R3-Bin17","CTN-A-0009","LOT-A-0002","TWL ROM 40X60 MOS","The Roman Hand Towel","PCS","8907144270783","120","2026-09-01T10:03:54.646Z"
"A","R3","Bin 17","A-R3-Bin17","CTN-A-0002","LOT-A-0002","TWL ROM 40X60 MARS","The Roman Hand Towel","PCS","8907144257395","120","2026-09-01T10:04:37.892Z"
"A","R3","Bin 17","A-R3-Bin17","CTN-A-0004","LOT-A-0002","TWL ROM 40X60 WT","The Roman Hand Towel","PCS","8907144270714","120","2026-09-01T10:06:42.962Z"
"A","R3","Bin 17","A-R3-Bin17","CTN-A-0010","LOT-A-0002","TWL ROM 40X60 GLD","The Roman Hand Towel","PCS","8907144270851","120","2026-09-01T10:07:22.781Z"
"A","R3","Bin 17","A-R3-Bin17","CTN-A-0006","LOT-A-0002","TWL ROM 40X60 NBL","The Roman Hand Towel","PCS","8907144270745","120","2026-09-01T10:09:05.675Z"
"A","R3","Bin 17","A-R3-Bin17","CTN-A-0056","LOT-A-0002","TWL ROM 40X60 CGY N","The Roman Hand Towel","PCS","8907144162507","120","2026-09-02T05:36:55.928Z"
"A","R3","Bin 18","A-R3-Bin18","CTN-A-0047","LOT-A-0002","TWL ROM 40X60 MOS","The Roman Hand Towel","PCS","8907144270783","120","2026-09-02T05:31:04.833Z"
"A","R3","Bin 18","A-R3-Bin18","CTN-A-0048","LOT-A-0002","TWL ROM 40X60 MOS","The Roman Hand Towel","PCS","8907144270783","120","2026-09-02T05:31:37.588Z"
"A","R3","Bin 18","A-R3-Bin18","CTN-A-0049","LOT-A-0002","TWL ROM 40X60 MOS","The Roman Hand Towel","PCS","8907144270783","120","2026-09-02T05:32:14.597Z"
"A","R3","Bin 18","A-R3-Bin18","CTN-A-0050","LOT-A-0002","TWL ROM 40X60 MOS","The Roman Hand Towel","PCS","8907144270783","120","2026-09-02T05:32:41.285Z"
"A","R3","Bin 18","A-R3-Bin18","CTN-A-0051","LOT-A-0002","TWL ROM 40X60 MOS","The Roman Hand Towel","PCS","8907144270783","120","2026-09-02T05:33:27.113Z"
"A","R3","Bin 18","A-R3-Bin18","CTN-A-0053","LOT-A-0002","TWL ROM 40X60 MOS","The Roman Hand Towel","PCS","8907144270783","120","2026-09-02T05:34:49.366Z"
"A","R3","Bin 18","A-R3-Bin18","CTN-A-0057","LOT-A-0002","TWL ROM 40X60 CR","The Roman Hand Towel","PCS","8907144270790","120","2026-09-02T05:35:20.759Z"
"A","R3","Bin 18","A-R3-Bin18","CTN-A-0055","LOT-A-0002","TWL ROM 40X60 NBL","The Roman Hand Towel","PCS","8907144270745","120","2026-09-02T05:35:56.112Z"
"A","R3","Bin 18","A-R3-Bin18","CTN-A-0058","LOT-A-0002","TWL ROM 40X60 CGY N","The Roman Hand Towel","PCS","8907144162507","40","2026-09-02T05:37:24.419Z"
"A","R3","Bin 2","A-R3-Bin2","CTN-A-0006","LOT-A-0002","PILLOW ALOVERA PRSD","Pillow Aloevera President","PCS","8907144251300","12","2026-09-15T06:08:42.947Z"
"A","R3","Bin 2","A-R3-Bin2","CTN-A-0007","LOT-A-0002","PILLOW ALOVERA PRSD","Pillow Aloevera President","PCS","8907144251300","12","2026-09-15T06:09:05.077Z"
"A","R3","Bin 2","A-R3-Bin2","CTN-A-0008","LOT-A-0002","PILLOW ALOVERA PRSD","Pillow Aloevera President","PCS","8907144251300","12","2026-09-15T06:09:28.205Z"
"A","R3","Bin 2","A-R3-Bin2","CTN-A-0009","LOT-A-0002","PILLOW ALOVERA PRSD","Pillow Aloevera President","PCS","8907144251300","12","2026-09-22T07:44:17.225Z"
"A","R3","Bin 2","A-R3-Bin2","CTN-A-0010","LOT-A-0002","PILLOW ALOVERA PRSD","Pillow Aloevera President","PCS","8907144251300","12","2026-09-15T06:21:04.859Z"
"A","R3","Bin 3","A-R3-Bin3","CTN-A-0071","LOT-A-0002","TWL ROM 40X60 CR","The Roman Hand Towel","PCS","8907144270790","120","2026-09-02T06:00:45.794Z"
"A","R3","Bin 3","A-R3-Bin3","CTN-A-0001","LOT-A-0002","PILLOW MUSHY","PILLOW","PCS","8907144041703","15","2026-09-11T09:41:19.111Z"
"A","R3","Bin 3","A-R3-Bin3","CTN-A-0002","LOT-A-0002","PILLOW MUSHY","PILLOW","PCS","8907144041703","15","2026-09-11T09:42:52.597Z"
"A","R3","Bin 3","A-R3-Bin3","CTN-A-0003","LOT-A-0002","PILLOW MUSHY","PILLOW","PCS","8907144041703","16","2026-09-11T09:45:25.389Z"
"A","R3","Bin 3","A-R3-Bin3","CTN-A-0004","LOT-A-0002","PILLOW MUSHY","PILLOW","PCS","8907144041703","15","2026-09-11T09:45:55.538Z"
"A","R3","Bin 3","A-R3-Bin3","CTN-A-0005","LOT-A-0002","PILLOW MUSHY","PILLOW","PCS","8907144041703","15","2026-09-11T09:46:20.413Z"
"A","R3","Bin 3","A-R3-Bin3","CTN-A-0006","LOT-A-0002","PILLOW MUSHY","PILLOW","PCS","8907144041703","15","2026-09-11T09:46:47.931Z"
"A","R3","Bin 3","A-R3-Bin3","CTN-A-0007","LOT-A-0002","PILLOW MUSHY","PILLOW","PCS","8907144041703","15","2026-09-11T09:47:12.502Z"
"A","R3","Bin 3","A-R3-Bin3","CTN-A-0008","LOT-A-0002","PILLOW MUSHY","PILLOW","PCS","8907144041703","15","2026-09-11T09:47:36.765Z"
"A","R3","Bin 4","A-R3-Bin4","CTN-A-0009","LOT-A-0002","PILLOW MUSHY","PILLOW","PCS","8907144041703","15","2026-09-11T09:48:40.133Z"
"A","R3","Bin 4","A-R3-Bin4","CTN-A-0010","LOT-A-0002","PILLOW MUSHY","PILLOW","PCS","8907144041703","15","2026-09-11T09:49:03.982Z"
"A","R3","Bin 4","A-R3-Bin4","CTN-A-0011","LOT-A-0002","PILLOW MUSHY","PILLOW","PCS","8907144041703","15","2026-09-11T09:56:20.087Z"
"A","R3","Bin 4","A-R3-Bin4","CTN-A-0012","LOT-A-0002","PILLOW MUSHY","PILLOW","PCS","8907144041703","16","2026-09-11T10:32:06.767Z"
"A","R3","Bin 4","A-R3-Bin4","CTN-A-0013","LOT-A-0002","PILLOW MUSHY","PILLOW","PCS","8907144041703","15","2026-09-11T10:32:40.596Z"
"A","R3","Bin 4","A-R3-Bin4","CTN-A-0014","LOT-A-0002","PILLOW MUSHY","PILLOW","PCS","8907144041703","15","2026-09-11T10:33:06.856Z"
"A","R3","Bin 4","A-R3-Bin4","CTN-A-0015","LOT-A-0002","PILLOW MUSHY","PILLOW","PCS","8907144041703","15","2026-09-11T10:33:34.627Z"
"A","R3","Bin 4","A-R3-Bin4","CTN-A-0016","LOT-A-0002","PILLOW MUSHY","PILLOW","PCS","8907144041703","15","2026-09-11T10:34:07.523Z"
"A","R3","Bin 5","A-R3-Bin5","CTN-A-0011","LOT-A-0002","PILLOW ALOVERA PRSD","Pillow Aloevera President","PCS","8907144251300","12","2026-09-15T06:21:47.388Z"
"A","R3","Bin 5","A-R3-Bin5","CTN-A-0012","LOT-A-0002","PILLOW ALOVERA PRSD","Pillow Aloevera President","PCS","8907144251300","12","2026-09-15T06:22:16.204Z"
"A","R3","Bin 5","A-R3-Bin5","CTN-A-0013","LOT-A-0002","PILLOW ALOVERA PRSD","Pillow Aloevera President","PCS","8907144251300","12","2026-09-15T06:22:45.584Z"
"A","R3","Bin 7","A-R3-Bin7","CTN-A-0079","LOT-A-0002","TWL ROM 40X60 BR","The Roman Hand Towel","PCS","8907144270813","120","2026-09-02T06:07:33.949Z"
"A","R3","Bin 7","A-R3-Bin7","CTN-A-0083","LOT-A-0002","TWL ROM 40X60 BR","The Roman Hand Towel","PCS","8907144270813","120","2026-09-02T06:08:02.965Z"
"A","R3","Bin 7","A-R3-Bin7","CTN-A-0080","LOT-A-0002","TWL ROM 40X60 PK","The Roman Hand Towel","PCS","8907144270738","120","2026-09-02T06:08:59.541Z"
"A","R3","Bin 7","A-R3-Bin7","CTN-A-0088","LOT-A-0002","TWL ROM 40X60 FUS","The Roman Hand Towel","PCS","8907144270769","120","2026-09-02T06:09:24.622Z"
"A","R3","Bin 7","A-R3-Bin7","CTN-A-0081","LOT-A-0002","TWL ROM 40X60 WT","The Roman Hand Towel","PCS","8907144270714","120","2026-09-02T06:10:23.037Z"
"A","R3","Bin 7","A-R3-Bin7","CTN-A-0082","LOT-A-0002","TWL ROM 40X60 BK","The Roman Hand Towel","PCS","8907144270844","120","2026-09-02T06:11:36.040Z"
"A","R3","Bin 7","A-R3-Bin7","CTN-A-0084","LOT-A-0002","TWL ROM 40X60 BK","The Roman Hand Towel","PCS","8907144270844","120","2026-09-02T06:11:58.653Z"
"A","R3","Bin 7","A-R3-Bin7","CTN-A-0085","LOT-A-0002","TWL ROM 40X60 BK","The Roman Hand Towel","PCS","8907144270844","120","2026-09-02T06:12:27.431Z"
"A","R3","Bin 7","A-R3-Bin7","CTN-A-0086","LOT-A-0002","TWL ROM 40X60 BK","The Roman Hand Towel","PCS","8907144270844","120","2026-09-02T06:12:47.710Z"
"A","R3","Bin 7","A-R3-Bin7","CTN-A-0087","LOT-A-0002","TWL ROM 40X60 BK","The Roman Hand Towel","PCS","8907144270844","120","2026-09-02T06:13:14.277Z"
"A","R3","Bin 8","A-R3-Bin8","CTN-A-0035","LOT-A-0002","TWL ROM 40X60 CR","The Roman Hand Towel","PCS","8907144270790","120","2026-09-01T10:48:48.888Z"
"A","R3","Bin 8","A-R3-Bin8","CTN-A-0040","LOT-A-0002","TWL ROM 40X60 CR","The Roman Hand Towel","PCS","8907144270790","120","2026-09-01T10:49:18.784Z"
"A","R3","Bin 8","A-R3-Bin8","CTN-A-0041","LOT-A-0002","TWL ROM 40X60 CR","The Roman Hand Towel","PCS","8907144270790","120","2026-09-01T10:50:03.279Z"
"A","R3","Bin 8","A-R3-Bin8","CTN-A-0036","LOT-A-0002","TWL ROM 40X60 GLD","The Roman Hand Towel","PCS","8907144270851","120","2026-09-01T10:51:51.640Z"
"A","R3","Bin 8","A-R3-Bin8","CTN-A-0038","LOT-A-0002","TWL ROM 40X60 GLD","The Roman Hand Towel","PCS","8907144270851","120","2026-09-01T10:51:33.317Z"
"A","R3","Bin 8","A-R3-Bin8","CTN-A-0043","LOT-A-0002","TWL ROM 40X60 NBL","The Roman Hand Towel","PCS","8907144270745","120","2026-09-01T10:52:25.952Z"
"A","R3","Bin 8","A-R3-Bin8","CTN-A-0037","LOT-A-0002","TWL ROM 40X60 MARS","The Roman Hand Towel","PCS","8907144257395","120","2026-09-01T10:52:57.071Z"
"A","R3","Bin 8","A-R3-Bin8","CTN-A-0046","LOT-A-0002","TWL ROM 40X60 MARS","The Roman Hand Towel","PCS","8907144257395","100","2026-09-01T10:53:31.027Z"
"A","R3","Bin 8","A-R3-Bin8","CTN-A-0042","LOT-A-0002","TWL ROM 40X60 CGY N","The Roman Hand Towel","PCS","8907144162507","120","2026-09-01T10:54:16.440Z"
"A","R3","Bin 8","A-R3-Bin8","CTN-A-0039","LOT-A-0002","TWL ROM 40X60 WT","The Roman Hand Towel","PCS","8907144270714","120","2026-09-02T05:28:39.530Z"
"A","R3","Bin 8","A-R3-Bin8","CTN-A-0045","LOT-A-0002","TWL ROM 40X60 WT","The Roman Hand Towel","PCS","8907144270714","120","2026-09-02T05:29:05.171Z"
"A","R3","Bin 8","A-R3-Bin8","CTN-A-0044","LOT-A-0002","TWL ROM 40X60 MOS","The Roman Hand Towel","PCS","8907144270783","120","2026-09-02T05:30:08.881Z"
"A","R3","Bin 9","A-R3-Bin9","CTN-A-0017","LOT-A-0002","PILLOW MUSHY","PILLOW","PCS","8907144041703","15","2026-09-11T10:34:35.623Z"
"A","R3","Bin 9","A-R3-Bin9","CTN-A-0018","LOT-A-0002","PILLOW MUSHY","PILLOW","PCS","8907144041703","15","2026-09-11T10:35:07.200Z"
"A","R3","Bin 9","A-R3-Bin9","CTN-A-0026","LOT-A-0002","PILLOW LAVENDER","Pillow Lavender","PCS","8907144259627","12","2026-09-14T13:53:06.276Z"
"A","R3","Bin 9","A-R3-Bin9","CTN-A-0027","LOT-A-0002","PILLOW LAVENDER","Pillow Lavender","PCS","8907144259627","12","2026-09-14T14:10:51.454Z"
"A","R3","Bin 9","A-R3-Bin9","CTN-A-0031","LOT-A-0002","PILLOW LAVENDER","Pillow Lavender","PCS","8907144259627","12","2026-09-14T14:11:20.047Z"
"A","R3","Bin 9","A-R3-Bin9","CTN-A-0028","LOT-A-0002","PILLOW LAVENDER","Pillow Lavender","PCS","8907144259627","12","2026-09-14T14:11:45.551Z"
"A","R3","Bin 9","A-R3-Bin9","CTN-A-0029","LOT-A-0002","PILLOW LAVENDER","Pillow Lavender","PCS","8907144259627","12","2026-09-14T14:12:08.040Z"
"A","R3","Bin 9","A-R3-Bin9","CTN-A-0030","LOT-A-0002","PILLOW LAVENDER","Pillow Lavender","PCS","8907144259627","12","2026-09-14T14:12:37.679Z"
"A","R3","Bin 9","A-R3-Bin9","CTN-A-0032","LOT-A-0002","PILLOW LAVENDER","Pillow Lavender","PCS","8907144259627","12","2026-09-14T14:13:02.692Z"
"A","R3","Bin 9","A-R3-Bin9","CTN-A-0033","LOT-A-0002","PILLOW LAVENDER","Pillow Lavender","PCS","8907144259627","12","2026-09-14T14:13:33.503Z"
"A","R3","Bin 9","A-R3-Bin9","CTN-A-0034","LOT-A-0002","PILLOW LAVENDER","Pillow Lavender","PCS","8907144259627","12","2026-09-14T14:13:58.036Z"
"A","R3","Bin 9","A-R3-Bin9","CTN-A-0035","LOT-A-0002","PILLOW LAVENDER","Pillow Lavender","PCS","8907144259627","12","2026-09-14T14:14:21.645Z"
"A","R4","Bin 1","A-R4-Bin1","CTN-A-0001","LOT-A-0002","SLEEPLOGY ACSGL LAV","QUILTED SLEEPOLOGY SINGLE LAVENDER","PCS","8907144357804","10","2026-09-02T11:42:11.642Z"
"A","R4","Bin 1","A-R4-Bin1","CTN-A-0002","LOT-A-0002","SLEEPLOGY ACSGL LAV","QUILTED SLEEPOLOGY SINGLE LAVENDER","PCS","8907144357804","10","2026-09-02T11:43:33.969Z"
"A","R4","Bin 1","A-R4-Bin1","CTN-A-0004","LOT-A-0002","SLEEPLOGY ACSGL LAV","QUILTED SLEEPOLOGY SINGLE LAVENDER","PCS","8907144357804","10","2026-09-02T11:44:02.659Z"
"A","R4","Bin 1","A-R4-Bin1","CTN-A-0005","LOT-A-0002","SLEEPLOGY ACSGL LAV","QUILTED SLEEPOLOGY SINGLE LAVENDER","PCS","8907144357804","10","2026-09-02T11:44:28.576Z"
"A","R4","Bin 1","A-R4-Bin1","CTN-A-0006","LOT-A-0002","SLEEPLOGY ACSGL LAV","QUILTED SLEEPOLOGY SINGLE LAVENDER","PCS","8907144357804","10","2026-09-02T11:44:51.796Z"
"A","R4","Bin 1","A-R4-Bin1","CTN-A-0003","LOT-A-0002","SLEEPLOGY ACSGL ROS","QUILTED SLEEPOLOGY SINGLE ROSE","PCS","8907144357811","10","2026-09-02T11:46:02.288Z"
"A","R4","Bin 1","A-R4-Bin1","CTN-A-0058","LOT-A-0002","SLEEPLOGY ACSGL ROS","QUILTED SLEEPOLOGY SINGLE ROSE","PCS","8907144357811","10","2026-09-02T11:47:15.874Z"
"A","R4","Bin 1","A-R4-Bin1","CTN-A-0007","LOT-A-0002","SLEEPLOGY ACSGL GRN","","","","10","2026-09-02T12:14:53.394Z"
"A","R4","Bin 10","A-R4-Bin10","CTN-A-0088","LOT-A-0002","PILLOW MOON","Pillow Moon","PCS","8907144406229","14","2026-09-09T10:12:25.151Z"
"A","R4","Bin 10","A-R4-Bin10","CTN-A-0089","LOT-A-0002","PILLOW MOON","Pillow Moon","PCS","8907144406229","14","2026-09-09T10:12:35.376Z"
"A","R4","Bin 10","A-R4-Bin10","CTN-A-0090","LOT-A-0002","PILLOW MOON","Pillow Moon","PCS","8907144406229","14","2026-09-09T10:12:49.048Z"
"A","R4","Bin 10","A-R4-Bin10","CTN-A-0091","LOT-A-0002","PILLOW MOON","Pillow Moon","PCS","8907144406229","14","2026-09-09T10:13:23.631Z"
"A","R4","Bin 10","A-R4-Bin10","CTN-A-0092","LOT-A-0002","PILLOW MOON","Pillow Moon","PCS","8907144406229","14","2026-09-09T10:13:49.439Z"
"A","R4","Bin 10","A-R4-Bin10","CTN-A-0093","LOT-A-0002","PILLOW MOON","Pillow Moon","PCS","8907144406229","14","2026-09-09T10:14:26.631Z"
"A","R4","Bin 10","A-R4-Bin10","CTN-A-0094","LOT-A-0002","PILLOW MOON","Pillow Moon","PCS","8907144406229","14","2026-09-09T10:14:54.959Z"
"A","R4","Bin 10","A-R4-Bin10","CTN-A-0095","LOT-A-0002","PILLOW MOON","Pillow Moon","PCS","8907144406229","14","2026-09-09T10:15:25.538Z"
"A","R4","Bin 10","A-R4-Bin10","CTN-A-0096","LOT-A-0002","PILLOW MOON","Pillow Moon","PCS","8907144406229","14","2026-09-09T10:16:06.736Z"
"A","R4","Bin 10","A-R4-Bin10","CTN-A-0097","LOT-A-0002","PILLOW MOON","Pillow Moon","PCS","8907144406229","14","2026-09-09T10:16:54.439Z"
"A","R4","Bin 10","A-R4-Bin10","CTN-A-0098","LOT-A-0002","PILLOW MOON","Pillow Moon","PCS","8907144406229","14","2026-09-09T10:17:41.612Z"
"A","R4","Bin 10","A-R4-Bin10","CTN-A-0099","LOT-A-0002","PILLOW MOON","Pillow Moon","PCS","8907144406229","14","2026-09-09T10:18:09.071Z"
"A","R4","Bin 11","A-R4-Bin11","CTN-A-0136","LOT-A-0002","PILLOW MOON","Pillow Moon","PCS","8907144406229","14","2026-09-10T09:39:51.575Z"
"A","R4","Bin 11","A-R4-Bin11","CTN-A-0137","LOT-A-0002","PILLOW MOON","Pillow Moon","PCS","8907144406229","14","2026-09-10T09:40:14.603Z"
"A","R4","Bin 11","A-R4-Bin11","CTN-A-0138","LOT-A-0002","PILLOW MOON","Pillow Moon","PCS","8907144406229","14","2026-09-10T09:40:39.102Z"
"A","R4","Bin 11","A-R4-Bin11","CTN-A-0139","LOT-A-0002","PILLOW MOON","Pillow Moon","PCS","8907144406229","14","2026-09-10T09:41:08.689Z"
"A","R4","Bin 11","A-R4-Bin11","CTN-A-0140","LOT-A-0002","PILLOW MOON","Pillow Moon","PCS","8907144406229","14","2026-09-10T09:41:36.032Z"
"A","R4","Bin 11","A-R4-Bin11","CTN-A-0141","LOT-A-0002","PILLOW MOON","Pillow Moon","PCS","8907144406229","14","2026-09-10T09:42:03.452Z"
"A","R4","Bin 12","A-R4-Bin12","CTN-A-0028","LOT-A-0002","SLEEPLOGY ACSGL COF","QUILTED SLEEPOLOGY SINGLE COFFEE","PCS","8907144357781","10","2026-09-02T13:42:11.467Z"
"A","R4","Bin 12","A-R4-Bin12","CTN-A-0029","LOT-A-0002","SLEEPLOGY ACSGL COF","QUILTED SLEEPOLOGY SINGLE COFFEE","PCS","8907144357781","10","2026-09-02T13:42:39.634Z"
"A","R4","Bin 12","A-R4-Bin12","CTN-A-0030","LOT-A-0002","SLEEPLOGY ACSGL COF","QUILTED SLEEPOLOGY SINGLE COFFEE","PCS","8907144357781","10","2026-09-02T13:43:16.535Z"
"A","R4","Bin 12","A-R4-Bin12","CTN-A-0031","LOT-A-0002","SLEEPLOGY ACSGL COF","QUILTED SLEEPOLOGY SINGLE COFFEE","PCS","8907144357781","10","2026-09-02T13:43:54.929Z"
"A","R4","Bin 12","A-R4-Bin12","CTN-A-0032","LOT-A-0001","SLEEPLOGY ACSGL COF","QUILTED SLEEPOLOGY SINGLE COFFEE","PCS","8907144357781","10","2026-09-02T13:44:19.882Z"
"A","R4","Bin 12","A-R4-Bin12","CTN-A-0071","LOT-A-0002","SLEEPLOGY ACSGL COF","QUILTED SLEEPOLOGY SINGLE COFFEE","PCS","8907144357781","10","2026-09-02T13:44:51.742Z"
"A","R4","Bin 12","A-R4-Bin12","CTN-A-0072","LOT-A-0002","SLEEPLOGY ACSGL COF","QUILTED SLEEPOLOGY SINGLE COFFEE","PCS","8907144357781","10","2026-09-02T13:45:17.092Z"
"A","R4","Bin 12","A-R4-Bin12","CTN-A-0087","LOT-A-0002","SLEEPLOGY ACSGL IVR","QUILTED SLEEPOLOGY SINGLE IVORY","PCS","8907144371534","10","2026-09-02T13:45:45.118Z"
"A","R4","Bin 12","A-R4-Bin12","CTN-A-0077","LOT-A-0002","SLEEPLOGY ACSGL SBL","QUILTED SLEEPOLOGY SINGLE S BLUE","PCS","8907144371541","10","2026-09-02T13:46:12.476Z"
"A","R4","Bin 12","A-R4-Bin12","CTN-A-0033","LOT-A-0002","SLEEPLOGY ACSGL ROS","QUILTED SLEEPOLOGY SINGLE ROSE","PCS","8907144357811","10","2026-09-02T13:46:38.520Z"
"A","R4","Bin 12","A-R4-Bin12","CTN-A-0034","LOT-A-0002","SLEEPLOGY ACSGL ROS","QUILTED SLEEPOLOGY SINGLE ROSE","PCS","8907144357811","10","2026-09-02T13:47:06.825Z"
"A","R4","Bin 12","A-R4-Bin12","CTN-A-0035","LOT-A-0002","SLEEPLOGY ACSGL ROS","QUILTED SLEEPOLOGY SINGLE ROSE","PCS","8907144357811","10","2026-09-02T13:47:32.229Z"
"A","R4","Bin 12","A-R4-Bin12","CTN-A-0036","LOT-A-0002","SLEEPLOGY ACSGL ROS","QUILTED SLEEPOLOGY SINGLE ROSE","PCS","8907144357811","10","2026-09-02T13:48:00.774Z"
"A","R4","Bin 12","A-R4-Bin12","CTN-A-0076","LOT-A-0002","SLEEPLOGY ACSGL SMK","QUILTED SLEEPOLOGY SINGLE SMOKE","PCS","8907144353417","10","2026-09-02T13:48:30.358Z"
"A","R4","Bin 12","A-R4-Bin12","CTN-A-0078","LOT-A-0002","SLEEPLOGY ACSGL SMK","QUILTED SLEEPOLOGY SINGLE SMOKE","PCS","8907144353417","10","2026-09-02T13:48:55.814Z"
"A","R4","Bin 12","A-R4-Bin12","CTN-A-0081","LOT-A-0002","SLEEPLOGY ACSGL MNT","QUILTED SLEEPOLOGY SINGLE MINT","PCS","8907144353400","10","2026-09-02T13:49:51.630Z"
"A","R4","Bin 13","A-R4-Bin13","CTN-A-0037","LOT-A-0002","SLEEPLOGY ACSGL ROS","QUILTED SLEEPOLOGY SINGLE ROSE","PCS","8907144357811","10","2026-09-02T13:51:32.189Z"
"A","R4","Bin 13","A-R4-Bin13","CTN-A-0038","LOT-A-0002","SLEEPLOGY ACSGL CLD","QUILTED SLEEPOLOGY SINGLE CLOUD","PCS","8907144357774","10","2026-09-02T13:51:59.825Z"
"A","R4","Bin 13","A-R4-Bin13","CTN-A-0039","LOT-A-0002","SLEEPLOGY ACSGL CLD","QUILTED SLEEPOLOGY SINGLE CLOUD","PCS","8907144357774","10","2026-09-02T13:52:26.299Z"
"A","R4","Bin 13","A-R4-Bin13","CTN-A-0040","LOT-A-0002","SLEEPLOGY ACSGL CLD","QUILTED SLEEPOLOGY SINGLE CLOUD","PCS","8907144357774","10","2026-09-02T13:52:53.608Z"
"A","R4","Bin 13","A-R4-Bin13","CTN-A-0080","LOT-A-0002","SLEEPLOGY ACSGL MNT","QUILTED SLEEPOLOGY SINGLE MINT","PCS","8907144353400","11","2026-09-02T13:59:21.616Z"
"A","R4","Bin 13","A-R4-Bin13","CTN-A-0082","LOT-A-0002","SLEEPLOGY ACSGL MNT","QUILTED SLEEPOLOGY SINGLE MINT","PCS","8907144353400","10","2026-09-02T13:57:00.157Z"
"A","R4","Bin 13","A-R4-Bin13","CTN-A-0085","LOT-A-0002","SLEEPLOGY ACSGL MNT","QUILTED SLEEPOLOGY SINGLE MINT","PCS","8907144353400","10","2026-09-02T13:58:56.654Z"
"A","R4","Bin 13","A-R4-Bin13","CTN-A-0088","LOT-A-0002","SLEEPLOGY ACSGL LAV","QUILTED SLEEPOLOGY SINGLE LAVENDER","PCS","8907144357804","10","2026-09-02T14:00:10.357Z"
"A","R4","Bin 13","A-R4-Bin13","CTN-A-0083","LOT-A-0002","SLEEPLOGY ACSGL IVR","QUILTED SLEEPOLOGY SINGLE IVORY","PCS","8907144371534","10","2026-09-02T14:00:37.345Z"
"A","R4","Bin 14","A-R4-Bin14","CTN-A-0127","LOT-A-0002","PILLOW MOON","Pillow Moon","PCS","8907144406229","14","2026-09-09T10:51:14.248Z"
"A","R4","Bin 14","A-R4-Bin14","CTN-A-0128","LOT-A-0002","PILLOW MOON","Pillow Moon","PCS","8907144406229","14","2026-09-09T10:51:57.718Z"
"A","R4","Bin 14","A-R4-Bin14","CTN-A-0129","LOT-A-0002","PILLOW MOON","Pillow Moon","PCS","8907144406229","14","2026-09-09T10:52:21.118Z"
"A","R4","Bin 14","A-R4-Bin14","CTN-A-0130","LOT-A-0002","PILLOW MOON","Pillow Moon","PCS","8907144406229","14","2026-09-09T10:52:43.939Z"
"A","R4","Bin 14","A-R4-Bin14","CTN-A-0131","LOT-A-0002","PILLOW MOON","Pillow Moon","PCS","8907144406229","14","2026-09-09T10:53:12.835Z"
"A","R4","Bin 14","A-R4-Bin14","CTN-A-0132","LOT-A-0002","PILLOW MOON","Pillow Moon","PCS","8907144406229","14","2026-09-09T10:53:36.934Z"
"A","R4","Bin 14","A-R4-Bin14","CTN-A-0133","LOT-A-0002","PILLOW MOON","Pillow Moon","PCS","8907144406229","14","2026-09-09T10:58:25.007Z"
"A","R4","Bin 14","A-R4-Bin14","CTN-A-0134","LOT-A-0002","PILLOW MOON","Pillow Moon","PCS","8907144406229","14","2026-09-09T11:18:12.542Z"
"A","R4","Bin 14","A-R4-Bin14","CTN-A-0135","LOT-A-0002","PILLOW MOON","Pillow Moon","PCS","8907144406229","14","2026-09-09T11:18:57.657Z"
"A","R4","Bin 15","A-R4-Bin15","CTN-A-0100","LOT-A-0002","PILLOW MOON","Pillow Moon","PCS","8907144406229","14","2026-09-09T10:20:00.215Z"
"A","R4","Bin 15","A-R4-Bin15","CTN-A-0102","LOT-A-0002","PILLOW MOON","Pillow Moon","PCS","8907144406229","14","2026-09-09T10:21:49.551Z"
"A","R4","Bin 15","A-R4-Bin15","CTN-A-0101","LOT-A-0002","PILLOW MOON","Pillow Moon","PCS","8907144406229","14","2026-09-09T10:21:10.623Z"
"A","R4","Bin 15","A-R4-Bin15","CTN-A-0103","LOT-A-0002","PILLOW MOON","Pillow Moon","PCS","8907144406229","14","2026-09-09T10:22:24.796Z"
"A","R4","Bin 15","A-R4-Bin15","CTN-A-0104","LOT-A-0002","PILLOW MOON","Pillow Moon","PCS","8907144406229","14","2026-09-09T10:23:08.376Z"
"A","R4","Bin 15","A-R4-Bin15","CTN-A-0105","LOT-A-0002","PILLOW MOON","Pillow Moon","PCS","8907144406229","14","2026-09-09T10:24:01.503Z"
"A","R4","Bin 15","A-R4-Bin15","CTN-A-0106","LOT-A-0002","PILLOW MOON","Pillow Moon","PCS","8907144406229","14","2026-09-09T10:24:44.063Z"
"A","R4","Bin 15","A-R4-Bin15","CTN-A-0107","LOT-A-0002","PILLOW MOON","Pillow Moon","PCS","8907144406229","14","2026-09-09T10:25:20.271Z"
"A","R4","Bin 16","A-R4-Bin16","CTN-A-0108","LOT-A-0002","PILLOW MOON","Pillow Moon","PCS","8907144406229","14","2026-09-09T10:26:58.143Z"
"A","R4","Bin 16","A-R4-Bin16","CTN-A-0109","LOT-A-0002","PILLOW MOON","Pillow Moon","PCS","8907144406229","14","2026-09-09T10:35:32.360Z"
"A","R4","Bin 16","A-R4-Bin16","CTN-A-0110","LOT-A-0002","PILLOW MOON","Pillow Moon","PCS","8907144406229","14","2026-09-09T10:35:43.918Z"
"A","R4","Bin 16","A-R4-Bin16","CTN-A-0111","LOT-A-0002","PILLOW MOON","Pillow Moon","PCS","8907144406229","14","2026-09-09T10:35:55.824Z"
"A","R4","Bin 16","A-R4-Bin16","CTN-A-0112","LOT-A-0002","PILLOW MOON","Pillow Moon","PCS","8907144406229","14","2026-09-09T10:36:07.047Z"
"A","R4","Bin 16","A-R4-Bin16","CTN-A-0113","LOT-A-0002","PILLOW MOON","Pillow Moon","PCS","8907144406229","14","2026-09-09T10:36:17.680Z"
"A","R4","Bin 16","A-R4-Bin16","CTN-A-0114","LOT-A-0002","PILLOW MOON","Pillow Moon","PCS","8907144406229","14","2026-09-09T10:36:31.614Z"
"A","R4","Bin 16","A-R4-Bin16","CTN-A-0115","LOT-A-0002","PILLOW MOON","Pillow Moon","PCS","8907144406229","14","2026-09-09T10:36:46.078Z"
"A","R4","Bin 16","A-R4-Bin16","CTN-A-0116","LOT-A-0002","PILLOW MOON","Pillow Moon","PCS","8907144406229","14","2026-09-09T10:37:00.622Z"
"A","R4","Bin 16","A-R4-Bin16","CTN-A-0117","LOT-A-0002","PILLOW MOON","Pillow Moon","PCS","8907144406229","14","2026-09-09T10:34:25.471Z"
"A","R4","Bin 17","A-R4-Bin17","CTN-A-0118","LOT-A-0002","PILLOW MOON","Pillow Moon","PCS","8907144406229","14","2026-09-09T10:38:57.880Z"
"A","R4","Bin 17","A-R4-Bin17","CTN-A-0119","LOT-A-0002","PILLOW MOON","Pillow Moon","PCS","8907144406229","14","2026-09-09T10:39:27.951Z"
"A","R4","Bin 17","A-R4-Bin17","CTN-A-0120","LOT-A-0002","PILLOW MOON","Pillow Moon","PCS","8907144406229","14","2026-09-09T10:39:58.190Z"
"A","R4","Bin 17","A-R4-Bin17","CTN-A-0121","LOT-A-0002","PILLOW MOON","Pillow Moon","PCS","8907144406229","14","2026-09-09T10:40:24.239Z"
"A","R4","Bin 17","A-R4-Bin17","CTN-A-0122","LOT-A-0002","PILLOW MOON","Pillow Moon","PCS","8907144406229","14","2026-09-09T10:40:55.342Z"
"A","R4","Bin 17","A-R4-Bin17","CTN-A-0123","LOT-A-0002","PILLOW MOON","Pillow Moon","PCS","8907144406229","14","2026-09-09T10:41:29.424Z"
"A","R4","Bin 17","A-R4-Bin17","CTN-A-0124","LOT-A-0002","PILLOW MOON","Pillow Moon","PCS","8907144406229","14","2026-09-09T10:41:53.622Z"
"A","R4","Bin 17","A-R4-Bin17","CTN-A-0125","LOT-A-0002","PILLOW MOON","Pillow Moon","PCS","8907144406229","14","2026-09-09T10:42:22.921Z"
"A","R4","Bin 17","A-R4-Bin17","CTN-A-0126","LOT-A-0002","PILLOW MOON","Pillow Moon","PCS","8907144406229","14","2026-09-09T10:42:50.077Z"
"A","R4","Bin 18","A-R4-Bin18","CTN-A-0046","LOT-A-0002","SLEEPLOGY ACSGL MNT","QUILTED SLEEPOLOGY SINGLE MINT","PCS","8907144353400","10","2026-09-04T04:56:36.500Z"
"A","R4","Bin 18","A-R4-Bin18","CTN-A-0047","LOT-A-0002","SLEEPLOGY ACSGL MNT","QUILTED SLEEPOLOGY SINGLE MINT","PCS","8907144353400","10","2026-09-04T08:06:21.875Z"
"A","R4","Bin 18","A-R4-Bin18","CTN-A-0048","LOT-A-0002","SLEEPLOGY ACSGL MNT","QUILTED SLEEPOLOGY SINGLE MINT","PCS","8907144353400","10","2026-09-04T08:06:55.044Z"
"A","R4","Bin 18","A-R4-Bin18","CTN-A-0049","LOT-A-0002","SLEEPLOGY ACSGL MNT","QUILTED SLEEPOLOGY SINGLE MINT","PCS","8907144353400","10","2026-09-04T08:07:25.419Z"
"A","R4","Bin 18","A-R4-Bin18","CTN-A-0050","LOT-A-0002","SLEEPLOGY ACSGL MNT","QUILTED SLEEPOLOGY SINGLE MINT","PCS","8907144353400","10","2026-09-04T08:08:15.907Z"
"A","R4","Bin 18","A-R4-Bin18","CTN-A-0051","LOT-A-0002","SLEEPLOGY ACSGL MNT","QUILTED SLEEPOLOGY SINGLE MINT","PCS","8907144353400","10","2026-09-04T08:09:18.263Z"
"A","R4","Bin 18","A-R4-Bin18","CTN-A-0052","LOT-A-0002","SLEEPLOGY ACSGL MNT","QUILTED SLEEPOLOGY SINGLE MINT","PCS","8907144353400","10","2026-09-04T08:09:49.350Z"
"A","R4","Bin 18","A-R4-Bin18","CTN-A-0053","LOT-A-0002","SLEEPLOGY ACSGL MNT","QUILTED SLEEPOLOGY SINGLE MINT","PCS","8907144353400","10","2026-09-04T08:10:16.331Z"
"A","R4","Bin 18","A-R4-Bin18","CTN-A-0054","LOT-A-0002","SLEEPLOGY ACSGL MNT","QUILTED SLEEPOLOGY SINGLE MINT","PCS","8907144353400","10","2026-09-04T08:10:46.403Z"
"A","R4","Bin 18","A-R4-Bin18","CTN-A-0086","LOT-A-0002","SLEEPLOGY ACSGL LAV","QUILTED SLEEPOLOGY SINGLE LAVENDER","PCS","8907144357804","10","2026-09-04T08:13:36.882Z"
"A","R4","Bin 18","A-R4-Bin18","CTN-A-0090","LOT-A-0002","SLEEPLOGY ACSGL LAV","QUILTED SLEEPOLOGY SINGLE LAVENDER","PCS","8907144357804","10","2026-09-04T08:27:49.492Z"
"A","R4","Bin 18","A-R4-Bin18","CTN-A-0092","LOT-A-0002","SLEEPLOGY ACSGL SND","QUILTED SLEEPOLOGY SINGLE SAND","PCS","8907144357828","10","2026-09-04T09:09:08.228Z"
"A","R4","Bin 18","A-R4-Bin18","CTN-A-0093","LOT-A-0002","SLEEPLOGY ACSGL SND","QUILTED SLEEPOLOGY SINGLE SAND","PCS","8907144357828","10","2026-09-04T09:09:40.956Z"
"A","R4","Bin 18","A-R4-Bin18","CTN-A-0091","LOT-A-0002","SLEEPLOGY ACSGL COF","QUILTED SLEEPOLOGY SINGLE COFFEE","PCS","8907144357781","10","2026-09-04T09:10:08.549Z"
"A","R4","Bin 2","A-R4-Bin2","CTN-A-0101","LOT-A-0002","SLEEPLOGY ACSGL SND","QUILTED SLEEPOLOGY SINGLE SAND","PCS","8907144357828","10","2026-09-04T09:14:48.238Z"
"A","R4","Bin 2","A-R4-Bin2","CTN-A-0102","LOT-A-0002","SLEEPLOGY ACSGL SND","QUILTED SLEEPOLOGY SINGLE SAND","PCS","8907144357828","10","2026-09-04T09:15:20.784Z"
"A","R4","Bin 2","A-R4-Bin2","CTN-A-0103","LOT-A-0002","SLEEPLOGY ACSGL SND","QUILTED SLEEPOLOGY SINGLE SAND","PCS","8907144357828","10","2026-09-04T09:15:51.352Z"
"A","R4","Bin 2","A-R4-Bin2","CTN-A-0104","LOT-A-0002","SLEEPLOGY ACSGL SND","QUILTED SLEEPOLOGY SINGLE SAND","PCS","8907144357828","10","2026-09-04T09:16:24.584Z"
"A","R4","Bin 2","A-R4-Bin2","CTN-A-0108","LOT-A-0002","SLEEPLOGY ACSGL SND","QUILTED SLEEPOLOGY SINGLE SAND","PCS","8907144357828","10","2026-09-04T09:16:53.832Z"
"A","R4","Bin 2","A-R4-Bin2","CTN-A-0109","LOT-A-0002","SLEEPLOGY ACSGL SND","QUILTED SLEEPOLOGY SINGLE SAND","PCS","8907144357828","10","2026-09-04T09:17:22.896Z"
"A","R4","Bin 2","A-R4-Bin2","CTN-A-0110","LOT-A-0002","SLEEPLOGY ACSGL SND","QUILTED SLEEPOLOGY SINGLE SAND","PCS","8907144357828","10","2026-09-04T09:17:52.449Z"
"A","R4","Bin 2","A-R4-Bin2","CTN-A-0105","LOT-A-0002","SLEEPLOGY ACSGL SBL","QUILTED SLEEPOLOGY SINGLE S BLUE","PCS","8907144371541","4","2026-09-04T09:18:28.584Z"
"A","R4","Bin 2","A-R4-Bin2","CTN-A-0105","LOT-A-0002","SLEEPLOGY ACSGL ROS","QUILTED SLEEPOLOGY SINGLE ROSE","PCS","8907144357811","6","2026-09-04T09:18:58.544Z"
"A","R4","Bin 2","A-R4-Bin2","CTN-A-0106","LOT-A-0002","SLEEPLOGY ACSGL GLD","QUILTED SLEEPOLOGY SINGLE GOLD","PCS","8907144357798","7","2026-09-04T09:19:34.672Z"
"A","R4","Bin 2","A-R4-Bin2","CTN-A-0106","LOT-A-0002","SLEEPLOGY ACSGL GR","","","","3","2026-09-04T09:20:19.961Z"
"A","R4","Bin 2","A-R4-Bin2","CTN-A-0111","LOT-A-0002","SLEEPLOGY ACSGL MNT","QUILTED SLEEPOLOGY SINGLE MINT","PCS","8907144353400","2","2026-09-04T09:34:55.245Z"
"A","R4","Bin 2","A-R4-Bin2","CTN-A-0111","LOT-A-0002","SLEEPLOGY ACSGL SBL","QUILTED SLEEPOLOGY SINGLE S BLUE","PCS","8907144371541","8","2026-09-04T09:35:23.741Z"
"A","R4","Bin 2","A-R4-Bin2","CTN-A-0164","LOT-A-0002","SLEEPLOGY ACDBL CLD","QUILTED SLEEPOLOGY DOUBLE CLOUD","PCS","8907144357712","8","2026-09-04T11:33:01.794Z"
"A","R4","Bin 2","A-R4-Bin2","CTN-A-0165","LOT-A-0002","SLEEPLOGY ACDBL CLD","QUILTED SLEEPOLOGY DOUBLE CLOUD","PCS","8907144357712","8","2026-09-04T11:36:46.450Z"
"A","R4","Bin 2","A-R4-Bin2","CTN-A-0172","LOT-A-0002","SLEEPLOGY ACDBL CLD","QUILTED SLEEPOLOGY DOUBLE CLOUD","PCS","8907144357712","8","2026-09-04T11:34:01.978Z"
"A","R4","Bin 2","A-R4-Bin2","CTN-A-0163","LOT-A-0002","SLEEPLOGY ACDBL ROS","QUILTED SLEEPOLOGY DOUBLE ROSE","PCS","8907144357750","8","2026-09-04T11:36:56.066Z"
"A","R4","Bin 2","A-R4-Bin2","CTN-A-0167","LOT-A-0002","SLEEPLOGY ACDBL ROS","QUILTED SLEEPOLOGY DOUBLE ROSE","PCS","8907144357750","8","2026-09-04T11:35:34.138Z"
"A","R4","Bin 3","A-R4-Bin3","CTN-A-0057","LOT-A-0002","PILLOW MOON","Pillow Moon","PCS","8907144406229","14","2026-09-09T09:56:21.719Z"
"A","R4","Bin 3","A-R4-Bin3","CTN-A-0058","LOT-A-0002","PILLOW MOON","Pillow Moon","PCS","8907144406229","14","2026-09-09T09:56:34.392Z"
"A","R4","Bin 3","A-R4-Bin3","CTN-A-0059","LOT-A-0002","PILLOW MOON","Pillow Moon","PCS","8907144406229","14","2026-09-09T09:56:47.468Z"
"A","R4","Bin 3","A-R4-Bin3","CTN-A-0060","LOT-A-0002","PILLOW MOON","Pillow Moon","PCS","8907144406229","14","2026-09-09T09:56:59.447Z"
"A","R4","Bin 3","A-R4-Bin3","CTN-A-0065","LOT-A-0002","PILLOW MOON","Pillow Moon","PCS","8907144406229","14","2026-09-09T09:57:15.631Z"
"A","R4","Bin 3","A-R4-Bin3","CTN-A-0061","LOT-A-0002","PILLOW MOON","Pillow Moon","PCS","8907144406229","14","2026-09-09T09:57:31.200Z"
"A","R4","Bin 3","A-R4-Bin3","CTN-A-0062","LOT-A-0002","PILLOW MOON","Pillow Moon","PCS","8907144406229","14","2026-09-09T09:57:41.967Z"
"A","R4","Bin 3","A-R4-Bin3","CTN-A-0063","LOT-A-0002","PILLOW MOON","Pillow Moon","PCS","8907144406229","14","2026-09-09T09:57:58.089Z"
"A","R4","Bin 3","A-R4-Bin3","CTN-A-0064","LOT-A-0002","PILLOW MOON","Pillow Moon","PCS","8907144406229","14","2026-09-09T09:58:10.649Z"
"A","R4","Bin 3","A-R4-Bin3","CTN-A-0067","LOT-A-0002","PILLOW MOON","Pillow Moon","PCS","8907144406229","13","2026-09-09T09:58:30.915Z"
"A","R4","Bin 3","A-R4-Bin3","CTN-A-0066","LOT-A-0002","PILLOW MOON","Pillow Moon","PCS","8907144406229","14","2026-09-09T09:58:40.448Z"
"A","R4","Bin 3","A-R4-Bin3","CTN-A-0068","LOT-A-0002","PILLOW MOON","Pillow Moon","PCS","8907144406229","14","2026-09-09T09:59:00.130Z"
"A","R4","Bin 4","A-R4-Bin4","CTN-A-0074","LOT-A-0002","PILLOW MOON","Pillow Moon","PCS","8907144406229","14","2026-09-09T10:03:59.632Z"
"A","R4","Bin 4","A-R4-Bin4","CTN-A-0075","LOT-A-0002","PILLOW MOON","Pillow Moon","PCS","8907144406229","14","2026-09-09T10:04:20.608Z"
"A","R4","Bin 4","A-R4-Bin4","CTN-A-0076","LOT-A-0002","PILLOW MOON","Pillow Moon","PCS","8907144406229","14","2026-09-09T10:04:50.575Z"
"A","R4","Bin 5","A-R4-Bin5","CTN-A-0094","LOT-A-0002","SLEEPLOGY ACSGL COF","QUILTED SLEEPOLOGY SINGLE COFFEE","PCS","8907144357781","10","2026-09-04T09:10:39.993Z"
"A","R4","Bin 5","A-R4-Bin5","CTN-A-0098","LOT-A-0002","SLEEPLOGY ACSGL COF","QUILTED SLEEPOLOGY SINGLE COFFEE","PCS","8907144357781","10","2026-09-04T09:11:06.753Z"
"A","R4","Bin 5","A-R4-Bin5","CTN-A-0097","LOT-A-0002","SLEEPLOGY ACSGL ROS","QUILTED SLEEPOLOGY SINGLE ROSE","PCS","8907144357811","10","2026-09-04T09:11:35.593Z"
"A","R4","Bin 5","A-R4-Bin5","CTN-A-0095","LOT-A-0002","SLEEPLOGY ACSGL SND","QUILTED SLEEPOLOGY SINGLE SAND","PCS","8907144357828","10","2026-09-04T09:12:02.385Z"
"A","R4","Bin 5","A-R4-Bin5","CTN-A-0096","LOT-A-0002","SLEEPLOGY ACSGL SND","QUILTED SLEEPOLOGY SINGLE SAND","PCS","8907144357828","10","2026-09-04T09:12:36.401Z"
"A","R4","Bin 5","A-R4-Bin5","CTN-A-0099","LOT-A-0002","SLEEPLOGY ACSGL SND","QUILTED SLEEPOLOGY SINGLE SAND","PCS","8907144357828","10","2026-09-04T09:13:12.484Z"
"A","R4","Bin 5","A-R4-Bin5","CTN-A-0100","LOT-A-0002","SLEEPLOGY ACSGL SND","QUILTED SLEEPOLOGY SINGLE SAND","PCS","8907144357828","10","2026-09-04T09:14:02.120Z"
"A","R4","Bin 6","A-R4-Bin6","CTN-A-0012","LOT-A-0002","SLEEPLOGY ACSGL SBL","QUILTED SLEEPOLOGY SINGLE S BLUE","PCS","8907144371541","10","2026-09-02T11:57:43.976Z"
"A","R4","Bin 6","A-R4-Bin6","CTN-A-0011","LOT-A-0002","SLEEPLOGY ACSGL SBL","QUILTED SLEEPOLOGY SINGLE S BLUE","PCS","8907144371541","10","2026-09-02T12:07:01.840Z"
"A","R4","Bin 6","A-R4-Bin6","CTN-A-0013","LOT-A-0002","SLEEPLOGY ACSGL SBL","QUILTED SLEEPOLOGY SINGLE S BLUE","PCS","8907144371541","10","2026-09-02T12:08:51.070Z"
"A","R4","Bin 6","A-R4-Bin6","CTN-A-0014","LOT-A-0002","SLEEPLOGY ACSGL SBL","QUILTED SLEEPOLOGY SINGLE S BLUE","PCS","8907144371541","10","2026-09-02T12:09:34.476Z"
"A","R4","Bin 6","A-R4-Bin6","CTN-A-0018","LOT-A-0002","SLEEPLOGY ACSGL SBL","QUILTED SLEEPOLOGY SINGLE S BLUE","PCS","8907144371541","10","2026-09-02T12:10:08.607Z"
"A","R4","Bin 6","A-R4-Bin6","CTN-A-0015","LOT-A-0002","SLEEPLOGY ACSGL LAV","QUILTED SLEEPOLOGY SINGLE LAVENDER","PCS","8907144357804","10","2026-09-02T12:10:40.366Z"
"A","R4","Bin 6","A-R4-Bin6","CTN-A-0017","LOT-A-0002","SLEEPLOGY ACSGL LAV","QUILTED SLEEPOLOGY SINGLE LAVENDER","PCS","8907144357804","10","2026-09-02T12:11:07.854Z"
"A","R4","Bin 6","A-R4-Bin6","CTN-A-0063","LOT-A-0002","SLEEPLOGY ACSGL LAV","QUILTED SLEEPOLOGY SINGLE LAVENDER","PCS","8907144357804","10","2026-09-02T12:11:40.316Z"
"A","R4","Bin 6","A-R4-Bin6","CTN-A-0016","LOT-A-0002","SLEEPLOGY ACSGL COF","QUILTED SLEEPOLOGY SINGLE COFFEE","PCS","8907144357781","10","2026-09-02T12:12:11.772Z"
"A","R4","Bin 6","A-R4-Bin6","CTN-A-0061","LOT-A-0002","SLEEPLOGY ACSGL COF","QUILTED SLEEPOLOGY SINGLE COFFEE","PCS","8907144357781","10","2026-09-02T12:13:02.322Z"
"A","R4","Bin 6","A-R4-Bin6","CTN-A-0062","LOT-A-0002","SLEEPLOGY ACSGL ROS","QUILTED SLEEPOLOGY SINGLE ROSE","PCS","8907144357811","10","2026-09-02T12:14:28.836Z"
"A","R4","Bin 6","A-R4-Bin6","CTN-A-0065","LOT-A-0002","SLEEPLOGY ACSGL ROS","QUILTED SLEEPOLOGY SINGLE ROSE","PCS","8907144357811","10","2026-09-02T12:15:22.762Z"
"A","R4","Bin 6","A-R4-Bin6","CTN-A-0064","LOT-A-0002","SLEEPLOGY ACSGL IVR","QUILTED SLEEPOLOGY SINGLE IVORY","PCS","8907144371534","10","2026-09-02T13:27:09.944Z"
"A","R4","Bin 6","A-R4-Bin6","CTN-A-0073","LOT-A-0002","SLEEPLOGY ACSGL SMK","QUILTED SLEEPOLOGY SINGLE SMOKE","PCS","8907144353417","10","2026-09-02T13:28:27.584Z"
"A","R4","Bin 7","A-R4-Bin7","CTN-A-0019","LOT-A-0002","SLEEPLOGY ACSGL COF","QUILTED SLEEPOLOGY SINGLE COFFEE","PCS","8907144357781","10","2026-09-02T13:30:00.898Z"
"A","R4","Bin 7","A-R4-Bin7","CTN-A-0020","LOT-A-0002","SLEEPLOGY ACSGL COF","QUILTED SLEEPOLOGY SINGLE COFFEE","PCS","8907144357781","10","2026-09-02T13:30:30.583Z"
"A","R4","Bin 7","A-R4-Bin7","CTN-A-0021","LOT-A-0002","SLEEPLOGY ACSGL COF","QUILTED SLEEPOLOGY SINGLE COFFEE","PCS","8907144357781","10","2026-09-02T13:33:25.087Z"
"A","R4","Bin 7","A-R4-Bin7","CTN-A-0022","LOT-A-0002","SLEEPLOGY ACSGL COF","QUILTED SLEEPOLOGY SINGLE COFFEE","PCS","8907144357781","10","2026-09-02T13:33:13.799Z"
"A","R4","Bin 7","A-R4-Bin7","CTN-A-0027","LOT-A-0002","SLEEPLOGY ACSGL SND","QUILTED SLEEPOLOGY SINGLE SAND","PCS","8907144357828","10","2026-09-02T13:36:48.099Z"
"A","R4","Bin 7","A-R4-Bin7","CTN-A-0066","LOT-A-0002","SLEEPLOGY ACSGL GR","","","","10","2026-09-02T13:37:47.431Z"
"A","R4","Bin 7","A-R4-Bin7","CTN-A-0074","LOT-A-0002","SLEEPLOGY ACSGL IVR","QUILTED SLEEPOLOGY SINGLE IVORY","PCS","8907144371534","10","2026-09-02T13:38:22.498Z"
"A","R4","Bin 8","A-R4-Bin8","CTN-A-0142","LOT-A-0002","PILLOW MOON","Pillow Moon","PCS","8907144406229","14","2026-09-10T09:42:32.667Z"
"A","R4","Bin 8","A-R4-Bin8","CTN-A-0143","LOT-A-0002","PILLOW MOON","Pillow Moon","PCS","8907144406229","14","2026-09-10T09:42:59.128Z"
"A","R4","Bin 8","A-R4-Bin8","CTN-A-0144","LOT-A-0002","PILLOW MOON","Pillow Moon","PCS","8907144406229","14","2026-09-10T09:43:34.248Z"
"A","R4","Bin 8","A-R4-Bin8","CTN-A-0145","LOT-A-0002","PILLOW MOON","Pillow Moon","PCS","8907144406229","14","2026-09-10T09:44:07.673Z"
"A","R4","Bin 8","A-R4-Bin8","CTN-A-0146","LOT-A-0002","PILLOW MOON","Pillow Moon","PCS","8907144406229","14","2026-09-10T09:44:33.858Z"
"A","R4","Bin 8","A-R4-Bin8","CTN-A-0147","LOT-A-0002","PILLOW MOON","Pillow Moon","PCS","8907144406229","14","2026-09-10T09:45:01.299Z"
"A","R4","Bin 8","A-R4-Bin8","CTN-A-0148","LOT-A-0002","PILLOW MOON","Pillow Moon","PCS","8907144406229","14","2026-09-10T09:45:29.026Z"
"A","R4","Bin 8","A-R4-Bin8","CTN-A-0149","LOT-A-0002","PILLOW MOON","Pillow Moon","PCS","8907144406229","14","2026-09-10T09:45:55.966Z"
"A","R4","Bin 9","A-R4-Bin9","CTN-A-0077","LOT-A-0002","PILLOW MOON","Pillow Moon","PCS","8907144406229","14","2026-09-09T10:05:21.007Z"
"A","R4","Bin 9","A-R4-Bin9","CTN-A-0078","LOT-A-0002","PILLOW MOON","Pillow Moon","PCS","8907144406229","14","2026-09-09T10:05:58.031Z"
"A","R4","Bin 9","A-R4-Bin9","CTN-A-0079","LOT-A-0002","PILLOW MOON","Pillow Moon","PCS","8907144406229","14","2026-09-09T10:06:22.287Z"
"A","R4","Bin 9","A-R4-Bin9","CTN-A-0080","LOT-A-0002","PILLOW MOON","Pillow Moon","PCS","8907144406229","14","2026-09-09T10:06:43.335Z"
"A","R4","Bin 9","A-R4-Bin9","CTN-A-0081","LOT-A-0002","PILLOW MOON","Pillow Moon","PCS","8907144406229","14","2026-09-09T10:07:12.463Z"
"A","R4","Bin 9","A-R4-Bin9","CTN-A-0082","LOT-A-0002","PILLOW MOON","Pillow Moon","PCS","8907144406229","14","2026-09-09T10:07:36.735Z"
"A","R4","Bin 9","A-R4-Bin9","CTN-A-0083","LOT-A-0002","PILLOW MOON","Pillow Moon","PCS","8907144406229","14","2026-09-09T10:07:58.119Z"
"A","R4","Bin 9","A-R4-Bin9","CTN-A-0084","LOT-A-0002","PILLOW MOON","Pillow Moon","PCS","8907144406229","14","2026-09-09T10:08:20.705Z"
"A","R4","Bin 9","A-R4-Bin9","CTN-A-0085","LOT-A-0002","PILLOW MOON","Pillow Moon","PCS","8907144406229","14","2026-09-09T10:08:43.035Z"
"A","R4","Bin 9","A-R4-Bin9","CTN-A-0086","LOT-A-0002","PILLOW MOON","Pillow Moon","PCS","8907144406229","14","2026-09-09T10:09:06.471Z"
"A","R4","Bin 9","A-R4-Bin9","CTN-A-0087","LOT-A-0002","PILLOW MOON","Pillow Moon","PCS","8907144406229","14","2026-09-09T10:09:29.359Z"
"A","R5","Bin 1","A-R5-Bin1","CTN-A-0089","LOT-A-0002","SLEEPLOGY ACDBL LAV","QUILTED SLEEPOLOGY DOUBLE LAVENDER","PCS","8907144357743","8","2026-09-04T09:56:39.585Z"
"A","R5","Bin 1","A-R5-Bin1","CTN-A-0090","LOT-A-0002","SLEEPLOGY ACDBL LAV","QUILTED SLEEPOLOGY DOUBLE LAVENDER","PCS","8907144357743","8","2026-09-04T09:57:06.141Z"
"A","R5","Bin 1","A-R5-Bin1","CTN-A-0091","LOT-A-0002","SLEEPLOGY ACDBL LAV","QUILTED SLEEPOLOGY DOUBLE LAVENDER","PCS","8907144357743","8","2026-09-04T09:57:37.922Z"
"A","R5","Bin 1","A-R5-Bin1","CTN-A-0096","LOT-A-0002","SLEEPLOGY ACDBL LAV","QUILTED SLEEPOLOGY DOUBLE LAVENDER","PCS","8907144357743","8","2026-09-04T09:58:06.761Z"
"A","R5","Bin 1","A-R5-Bin1","CTN-A-0093","LOT-A-0002","SLEEPLOGY ACDBL ROS","QUILTED SLEEPOLOGY DOUBLE ROSE","PCS","8907144357750","8","2026-09-04T09:59:15.777Z"
"A","R5","Bin 1","A-R5-Bin1","CTN-A-0098","LOT-A-0002","SLEEPLOGY ACDBL GLD","QUILTED SLEEPOLOGY DOUBLE GOLD","PCS","8907144357736","8","2026-09-04T10:02:12.168Z"
"A","R5","Bin 1","A-R5-Bin1","CTN-A-0099","LOT-A-0002","SLEEPLOGY ACDBL GLD","QUILTED SLEEPOLOGY DOUBLE GOLD","PCS","8907144357736","8","2026-09-04T10:02:44.361Z"
"A","R5","Bin 1","A-R5-Bin1","CTN-A-0125","LOT-A-0002","SLEEPLOGY ACDBL GLD","QUILTED SLEEPOLOGY DOUBLE GOLD","PCS","8907144357736","8","2026-09-04T10:26:29.093Z"
"A","R5","Bin 10","A-R5-Bin10","CTN-A-0033","LOT-A-0002","PILLOW MUSHY","PILLOW","PCS","8907144041703","15","2026-09-12T10:59:33.547Z"
"A","R5","Bin 10","A-R5-Bin10","CTN-A-0034","LOT-A-0002","PILLOW MUSHY","PILLOW","PCS","8907144041703","15","2026-09-12T11:00:00.316Z"
"A","R5","Bin 10","A-R5-Bin10","CTN-A-0035","LOT-A-0002","PILLOW MUSHY","PILLOW","PCS","8907144041703","15","2026-09-12T11:00:25.717Z"
"A","R5","Bin 10","A-R5-Bin10","CTN-A-0036","LOT-A-0002","PILLOW MUSHY","PILLOW","PCS","8907144041703","15","2026-09-12T11:00:58.484Z"
"A","R5","Bin 10","A-R5-Bin10","CTN-A-0037","LOT-A-0002","PILLOW MUSHY","PILLOW","PCS","8907144041703","15","2026-09-12T11:01:25.340Z"
"A","R5","Bin 10","A-R5-Bin10","CTN-A-0038","LOT-A-0002","PILLOW MUSHY","PILLOW","PCS","8907144041703","15","2026-09-12T11:01:54.616Z"
"A","R5","Bin 10","A-R5-Bin10","CTN-A-0039","LOT-A-0002","PILLOW MUSHY","PILLOW","PCS","8907144041703","15","2026-09-12T11:02:23.965Z"
"A","R5","Bin 10","A-R5-Bin10","CTN-A-0040","LOT-A-0002","PILLOW MUSHY","PILLOW","PCS","8907144041703","15","2026-09-12T11:02:50.189Z"
"A","R5","Bin 10","A-R5-Bin10","CTN-A-0041","LOT-A-0002","PILLOW MUSHY","PILLOW","PCS","8907144041703","15","2026-09-12T11:03:13.221Z"
"A","R5","Bin 10","A-R5-Bin10","CTN-A-0042","LOT-A-0002","PILLOW MUSHY","PILLOW","PCS","8907144041703","15","2026-09-12T11:03:35.174Z"
"A","R5","Bin 12","A-R5-Bin12","CTN-A-0135","LOT-A-0002","TWL ROM 75X150 BK","The Roman Bath Towel","PCS","8907144270684","18","2026-09-01T09:21:10.918Z"
"A","R5","Bin 12","A-R5-Bin12","CTN-A-0136","LOT-A-0002","TWL ROM 75X150 BK","The Roman Bath Towel","PCS","8907144270684","18","2026-09-01T09:21:44.534Z"
"A","R5","Bin 12","A-R5-Bin12","CTN-A-0148","LOT-A-0002","TWL ROM 75X150 BK","The Roman Bath Towel","PCS","8907144270684","18","2026-09-01T09:22:10.206Z"
"A","R5","Bin 12","A-R5-Bin12","CTN-A-0147","LOT-A-0002","TWL ROM 75X150 BK","The Roman Bath Towel","PCS","8907144270684","18","2026-09-01T09:22:38.982Z"
"A","R5","Bin 12","A-R5-Bin12","CTN-A-0149","LOT-A-0149","TWL ROM 75X150 CGY N","The Roman Bath Towel","PCS","8907144162583","18","2026-09-01T09:23:09.990Z"
"A","R5","Bin 12","A-R5-Bin12","CTN-A-0144","LOT-A-0002","TWL ROM 75X150 CGY N","The Roman Bath Towel","PCS","8907144162583","18","2026-09-01T09:23:39.238Z"
"A","R5","Bin 12","A-R5-Bin12","CTN-A-0139","LOT-A-0002","TWL ROM 75X150 PK","The Roman Bath Towel","PCS","8907144270615","18","2026-09-01T09:24:15.555Z"
"A","R5","Bin 12","A-R5-Bin12","CTN-A-0141","LOT-A-0002","TWL ROM 75X150 PK","The Roman Bath Towel","PCS","8907144270615","18","2026-09-01T09:24:43.544Z"
"A","R5","Bin 12","A-R5-Bin12","CTN-A-0142","LOT-A-0002","TWL ROM 75X150 PK","The Roman Bath Towel","PCS","8907144270615","18","2026-09-01T09:25:09.585Z"
"A","R5","Bin 12","A-R5-Bin12","CTN-A-0150","LOT-A-0002","TWL ROM 75X150 CR","The Roman Bath Towel","PCS","8907144270653","18","2026-09-01T09:25:35.295Z"
"A","R5","Bin 12","A-R5-Bin12","CTN-A-0140","LOT-A-0002","TWL ROM 75X150 NBL","The Roman Bath Towel","PCS","8907144270622","18","2026-09-01T09:26:03.837Z"
"A","R5","Bin 12","A-R5-Bin12","CTN-A-0143","LOT-A-0002","TWL ROM 75X150 BK","The Roman Bath Towel","PCS","8907144270684","18","2026-09-01T09:26:32.786Z"
"A","R5","Bin 13","A-R5-Bin13","CTN-A-0156","LOT-A-0002","TWL ROM 75X150 CR","The Roman Bath Towel","PCS","8907144270653","18","2026-09-01T09:27:26.486Z"
"A","R5","Bin 13","A-R5-Bin13","CTN-A-0158","LOT-A-0002","TWL ROM 75X150 CR","The Roman Bath Towel","PCS","8907144270653","18","2026-09-01T09:27:59.608Z"
"A","R5","Bin 13","A-R5-Bin13","CTN-A-0164","LOT-A-0002","TWL ROM 75X150 CR","The Roman Bath Towel","PCS","8907144270653","18","2026-09-01T09:28:25.027Z"
"A","R5","Bin 13","A-R5-Bin13","CTN-A-0166","LOT-A-0002","TWL ROM 75X150 CR","The Roman Bath Towel","PCS","8907144270653","18","2026-09-01T09:29:03.008Z"
"A","R5","Bin 13","A-R5-Bin13","CTN-A-0157","LOT-A-0002","TWL ROM 75X150 GLD","The Roman Bath Towel","PCS","8907144270691","18","2026-09-01T09:29:31.249Z"
"A","R5","Bin 13","A-R5-Bin13","CTN-A-0163","LOT-A-0002","TWL ROM 75X150 PK","The Roman Bath Towel","PCS","8907144270615","18","2026-09-01T09:30:09.410Z"
"A","R5","Bin 13","A-R5-Bin13","CTN-A-0162","LOT-A-0002","TWL ROM 75X150 MOS","The Roman Bath Towel","PCS","8907144270646","18","2026-09-01T09:30:45.014Z"
"A","R5","Bin 13","A-R5-Bin13","CTN-A-0155","LOT-A-0002","TWL ROM 75X150 MOS","The Roman Bath Towel","PCS","8907144270646","18","2026-09-01T09:31:13.010Z"
"A","R5","Bin 13","A-R5-Bin13","CTN-A-0154","LOT-A-0002","TWL ROM 75X150 MOS","The Roman Bath Towel","PCS","8907144270646","18","2026-09-01T09:31:38.734Z"
"A","R5","Bin 13","A-R5-Bin13","CTN-A-0160","LOT-A-0002","TWL ROM 75X150 NBL","The Roman Bath Towel","PCS","8907144270622","18","2026-09-01T09:32:15.726Z"
"A","R5","Bin 13","A-R5-Bin13","CTN-A-0159","LOT-A-0002","TWL ROM 75X150 CGY N","The Roman Bath Towel","PCS","8907144162583","18","2026-09-01T09:32:44.715Z"
"A","R5","Bin 13","A-R5-Bin13","CTN-A-0161","LOT-A-0002","TWL ROM 75X150 CGY N","The Roman Bath Towel","PCS","8907144162583","18","2026-09-01T09:33:11.287Z"
"A","R5","Bin 13","A-R5-Bin13","CTN-A-0165","LOT-A-0002","TWL ROM 75X150 CGY N","The Roman Bath Towel","PCS","8907144162583","18","2026-09-01T09:33:41.214Z"
"A","R5","Bin 13","A-R5-Bin13","CTN-A-0153","LOT-A-0002","TWL ROM 75X150 GLD","The Roman Bath Towel","PCS","8907144270691","18","2026-09-01T09:34:09.143Z"
"A","R5","Bin 13","A-R5-Bin13","CTN-A-0152","LOT-A-0002","TWL ROM 75X150 GLD","The Roman Bath Towel","PCS","8907144270691","18","2026-09-01T09:34:43.886Z"
"A","R5","Bin 15","A-R5-Bin15","CTN-A-0025","LOT-A-0002","PILLOW MUSHY","PILLOW","PCS","8907144041703","15","2026-09-12T10:52:19.304Z"
"A","R5","Bin 15","A-R5-Bin15","CTN-A-0026","LOT-A-0002","PILLOW MUSHY","PILLOW","PCS","8907144041703","15","2026-09-12T10:53:14.616Z"
"A","R5","Bin 15","A-R5-Bin15","CTN-A-0027","LOT-A-0002","PILLOW MUSHY","PILLOW","PCS","8907144041703","15","2026-09-12T10:53:46.724Z"
"A","R5","Bin 15","A-R5-Bin15","CTN-A-0028","LOT-A-0002","PILLOW MUSHY","PILLOW","PCS","8907144041703","15","2026-09-12T10:54:18.136Z"
"A","R5","Bin 15","A-R5-Bin15","CTN-A-0029","LOT-A-0002","PILLOW MUSHY","PILLOW","PCS","8907144041703","15","2026-09-12T10:54:44.409Z"
"A","R5","Bin 15","A-R5-Bin15","CTN-A-0030","LOT-A-0002","PILLOW MUSHY","PILLOW","PCS","8907144041703","15","2026-09-12T10:55:08.934Z"
"A","R5","Bin 15","A-R5-Bin15","CTN-A-0031","LOT-A-0002","PILLOW MUSHY","PILLOW","PCS","8907144041703","15","2026-09-12T10:55:59.901Z"
"A","R5","Bin 15","A-R5-Bin15","CTN-A-0032","LOT-A-0002","PILLOW MUSHY","PILLOW","PCS","8907144041703","15","2026-09-12T10:57:33.604Z"
"A","R5","Bin 2","A-R5-Bin2","CTN-A-0116","LOT-A-0002","SLEEPLOGY ACDBL SND","QUILTED SLEEPOLOGY DOUBLE SAND","PCS","8907144357767","8","2026-09-04T10:16:16.502Z"
"A","R5","Bin 2","A-R5-Bin2","CTN-A-0112","LOT-A-0002","SLEEPLOGY ACDBL GRN","","","","8","2026-09-04T10:16:44.327Z"
"A","R5","Bin 2","A-R5-Bin2","CTN-A-0111","LOT-A-0002","SLEEPLOGY ACDBL GRN","","","","8","2026-09-04T10:17:19.913Z"
"A","R5","Bin 2","A-R5-Bin2","CTN-A-0109","LOT-A-0002","SLEEPLOGY ACDBL GRN","","","","8","2026-09-04T10:17:41.158Z"
"A","R5","Bin 2","A-R5-Bin2","CTN-A-0110","LOT-A-0002","SLEEPLOGY ACDBL GRN","","","","8","2026-09-04T10:18:12.741Z"
"A","R5","Bin 2","A-R5-Bin2","CTN-A-0126","LOT-A-0002","SLEEPLOGY ACDBL GRN","","","","8","2026-09-04T10:18:42.894Z"
"A","R5","Bin 2","A-R5-Bin2","CTN-A-0115","LOT-A-0002","SLEEPLOGY ACDBL LAV","QUILTED SLEEPOLOGY DOUBLE LAVENDER","PCS","8907144357743","8","2026-09-04T10:19:16.054Z"
"A","R5","Bin 2","A-R5-Bin2","CTN-A-0114","LOT-A-0002","SLEEPLOGY ACDBL LAV","QUILTED SLEEPOLOGY DOUBLE LAVENDER","PCS","8907144357743","8","2026-09-04T10:19:40.590Z"
"A","R5","Bin 2","A-R5-Bin2","CTN-A-0117","LOT-A-0002","SLEEPLOGY ACDBL LAV","QUILTED SLEEPOLOGY DOUBLE LAVENDER","PCS","8907144357743","8","2026-09-04T10:21:07.160Z"
"A","R5","Bin 2","A-R5-Bin2","CTN-A-0118","LOT-A-0002","SLEEPLOGY ACDBL LAV","QUILTED SLEEPOLOGY DOUBLE LAVENDER","PCS","8907144357743","8","2026-09-04T10:21:42.427Z"
"A","R5","Bin 2","A-R5-Bin2","CTN-A-0119","LOT-A-0002","SLEEPLOGY ACDBL LAV","QUILTED SLEEPOLOGY DOUBLE LAVENDER","PCS","8907144357743","8","2026-09-04T10:22:05.622Z"
"A","R5","Bin 2","A-R5-Bin2","CTN-A-0120","LOT-A-0002","SLEEPLOGY ACDBL LAV","QUILTED SLEEPOLOGY DOUBLE LAVENDER","PCS","8907144357743","8","2026-09-04T10:22:48.918Z"
"A","R5","Bin 2","A-R5-Bin2","CTN-A-0124","LOT-A-0002","SLEEPLOGY ACDBL COF","QUILTED SLEEPOLOGY DOUBLE COFFEE","PCS","8907144357729","8","2026-09-04T10:23:23.636Z"
"A","R5","Bin 2","A-R5-Bin2","CTN-A-0121","LOT-A-0002","SLEEPLOGY ACDBL LAV","QUILTED SLEEPOLOGY DOUBLE LAVENDER","PCS","8907144357743","8","2026-09-04T10:23:48.851Z"
"A","R5","Bin 2","A-R5-Bin2","CTN-A-0122","LOT-A-0002","SLEEPLOGY ACDBL LAV","QUILTED SLEEPOLOGY DOUBLE LAVENDER","PCS","8907144357743","8","2026-09-04T10:24:19.798Z"
"A","R5","Bin 2","A-R5-Bin2","CTN-A-0113","LOT-A-0002","SLEEPLOGY ACDBL SBL","QUILTED SLEEPOLOGY DOUBLE SKY BLUE","PCS","8907144353301","8","2026-09-04T10:25:33.235Z"
"A","R5","Bin 4","A-R5-Bin4","CTN-A-0152","LOT-A-0002","PILLOW MOON","Pillow Moon","PCS","8907144406229","14","2026-09-12T06:29:42.432Z"
"A","R5","Bin 4","A-R5-Bin4","CTN-A-0153","LOT-A-0002","PILLOW MOON","Pillow Moon","PCS","8907144406229","14","2026-09-12T06:35:02.298Z"
"A","R5","Bin 4","A-R5-Bin4","CTN-A-0154","LOT-A-0002","PILLOW MOON","Pillow Moon","PCS","8907144406229","14","2026-09-12T06:35:11.482Z"
"A","R5","Bin 4","A-R5-Bin4","CTN-A-0155","LOT-A-0002","PILLOW MOON","Pillow Moon","PCS","8907144406229","14","2026-09-12T06:35:21.297Z"
"A","R5","Bin 4","A-R5-Bin4","CTN-A-0156","LOT-A-0002","PILLOW MOON","Pillow Moon","PCS","8907144406229","14","2026-09-12T06:34:37.050Z"
"A","R5","Bin 4","A-R5-Bin4","CTN-A-0157","LOT-A-0002","PILLOW MOON","Pillow Moon","PCS","8907144406229","14","2026-09-12T06:34:27.489Z"
"A","R5","Bin 4","A-R5-Bin4","CTN-A-0158","LOT-A-0002","PILLOW MOON","Pillow Moon","PCS","8907144406229","14","2026-09-12T06:34:12.917Z"
"A","R5","Bin 4","A-R5-Bin4","CTN-A-0159","LOT-A-0002","PILLOW MOON","Pillow Moon","PCS","8907144406229","14","2026-09-12T06:36:42.387Z"
"A","R5","Bin 4","A-R5-Bin4","CTN-A-0160","LOT-A-0002","PILLOW MOON","Pillow Moon","PCS","8907144406229","14","2026-09-12T06:37:08.286Z"
"A","R5","Bin 4","A-R5-Bin4","CTN-A-0161","LOT-A-0002","PILLOW MOON","Pillow Moon","PCS","8907144406229","14","2026-09-12T06:37:33.323Z"
"A","R5","Bin 4","A-R5-Bin4","CTN-A-0162","LOT-A-0002","PILLOW MOON","Pillow Moon","PCS","8907144406229","14","2026-09-12T06:38:00.668Z"
"A","R5","Bin 4","A-R5-Bin4","CTN-A-0163","LOT-A-0002","PILLOW MOON","Pillow Moon","PCS","8907144406229","14","2026-09-12T06:38:32.924Z"
"A","R5","Bin 4","A-R5-Bin4","CTN-A-0164","LOT-A-0002","PILLOW MOON","Pillow Moon","PCS","8907144406229","14","2026-09-12T06:39:24.852Z"
"A","R5","Bin 4","A-R5-Bin4","CTN-A-0165","LOT-A-0002","PILLOW MOON","Pillow Moon","PCS","8907144406229","14","2026-09-12T06:39:52.304Z"
"A","R5","Bin 4","A-R5-Bin4","CTN-A-0166","LOT-A-0002","PILLOW MOON","Pillow Moon","PCS","8907144406229","14","2026-09-12T06:40:16.117Z"
"A","R5","Bin 6","A-R5-Bin6","CTN-A-0124","LOT-A-0002","TWL ROM 75X150 BR","The Roman Bath Towel","PCS","8907144270660","18","2026-09-01T07:59:31.999Z"
"A","R5","Bin 6","A-R5-Bin6","CTN-A-0120","LOT-A-0002","TWL ROM 75X150 MOS","The Roman Bath Towel","PCS","8907144270646","18","2026-09-01T08:00:05.379Z"
"A","R5","Bin 6","A-R5-Bin6","CTN-A-0122","LOT-A-0002","TWL ROM 75X150 PK","The Roman Bath Towel","PCS","8907144270615","18","2026-09-01T08:00:32.104Z"
"A","R5","Bin 6","A-R5-Bin6","CTN-A-0117","LOT-A-0002","TWL ROM 75X150 CR","The Roman Bath Towel","PCS","8907144270653","18","2026-09-01T08:01:21.267Z"
"A","R5","Bin 6","A-R5-Bin6","CTN-A-0121","LOT-A-0002","TWL ROM 75X150 MAR","The Roman Bath Towel","PCS","8907144257210","18","2026-09-01T08:01:48.712Z"
"A","R5","Bin 6","A-R5-Bin6","CTN-A-0123","LOT-A-0002","TWL ROM 75X150 NBL","The Roman Bath Towel","PCS","8907144270622","18","2026-09-01T08:02:17.728Z"
"A","R5","Bin 6","A-R5-Bin6","CTN-A-0145","LOT-A-0002","TWL ROM 75X150 NBL","The Roman Bath Towel","PCS","8907144270622","18","2026-09-01T08:02:58.659Z"
"A","R5","Bin 6","A-R5-Bin6","CTN-A-0118","LOT-A-0002","TWL ROM 75X150 GLD","The Roman Bath Towel","PCS","8907144270691","18","2026-09-01T08:03:31.711Z"
"A","R5","Bin 6","A-R5-Bin6","CTN-A-0119","LOT-A-0002","TWL ROM 75X150 GLD","The Roman Bath Towel","PCS","8907144270691","18","2026-09-01T08:04:21.704Z"
"A","R5","Bin 7","A-R5-Bin7","CTN-A-0125","LOT-A-0002","TWL ROM 75X150 CR","The Roman Bath Towel","PCS","8907144270653","18","2026-09-01T08:05:09.482Z"
"A","R5","Bin 7","A-R5-Bin7","CTN-A-0126","LOT-A-0002","TWL ROM 75X150 CR","The Roman Bath Towel","PCS","8907144270653","18","2026-09-01T08:05:43.368Z"
"A","R5","Bin 7","A-R5-Bin7","CTN-A-0133","LOT-A-0002","TWL ROM 75X150 CR","The Roman Bath Towel","PCS","8907144270653","18","2026-09-01T08:08:59.895Z"
"A","R5","Bin 7","A-R5-Bin7","CTN-A-0129","LOT-A-0002","TWL ROM 75X150 NBL","The Roman Bath Towel","PCS","8907144270622","18","2026-09-01T08:09:52.672Z"
"A","R5","Bin 7","A-R5-Bin7","CTN-A-0131","LOT-A-0002","TWL ROM 75X150 WT","The Roman Bath Towel","PCS","8907144270608","18","2026-09-01T08:10:30.128Z"
"A","R5","Bin 7","A-R5-Bin7","CTN-A-0128","LOT-A-0002","TWL ROM 75X150 MAR","The Roman Bath Towel","PCS","8907144257210","18","2026-09-01T08:11:02.807Z"
"A","R5","Bin 7","A-R5-Bin7","CTN-A-0134","LOT-A-0002","TWL ROM 75X150 MOS","The Roman Bath Towel","PCS","8907144270646","18","2026-09-01T08:11:33.888Z"
"A","R5","Bin 7","A-R5-Bin7","CTN-A-0138","LOT-A-0002","TWL ROM 75X150 MOS","The Roman Bath Towel","PCS","8907144270646","18","2026-09-01T08:12:01.817Z"
"A","R5","Bin 7","A-R5-Bin7","CTN-A-0127","LOT-A-0002","TWL ROM 75X150 BK","The Roman Bath Towel","PCS","8907144270684","18","2026-09-01T08:12:29.843Z"
"A","R5","Bin 7","A-R5-Bin7","CTN-A-0130","LOT-A-0002","TWL ROM 75X150 BK","The Roman Bath Towel","PCS","8907144270684","18","2026-09-01T08:12:57.512Z"
"A","R5","Bin 7","A-R5-Bin7","CTN-A-0137","LOT-A-0002","TWL ROM 75X150 BK","The Roman Bath Towel","PCS","8907144270684","18","2026-09-01T08:13:24.879Z"
"A","R5","Bin 7","A-R5-Bin7","CTN-A-0132","LOT-A-0002","TWL ROM 75X150 GLD","The Roman Bath Towel","PCS","8907144270691","18","2026-09-01T08:13:54.143Z"
"A","R5","Bin 7","A-R5-Bin7","CTN-A-0151","LOT-A-0002","TWL ROM 75X150 CGY N","The Roman Bath Towel","PCS","8907144162583","18","2026-09-01T08:14:21.881Z"
"A","R5","Bin 7","A-R5-Bin7","CTN-A-0146","LOT-A-0002","TWL ROM 75X150 CGY N","The Roman Bath Towel","PCS","8907144162583","18","2026-09-01T08:14:49.767Z"
"A","R5","Bin 9","A-R5-Bin9","CTN-A-0167","LOT-A-0002","PILLOW MOON","Pillow Moon","PCS","8907144406229","14","2026-09-12T06:40:42.071Z"
"A","R5","Bin 9","A-R5-Bin9","CTN-A-0168","LOT-A-0002","PILLOW MOON","Pillow Moon","PCS","8907144406229","14","2026-09-12T06:41:06.422Z"
"A","R5","Bin 9","A-R5-Bin9","CTN-A-0169","LOT-A-0002","PILLOW MOON","Pillow Moon","PCS","8907144406229","14","2026-09-12T06:53:56.454Z"
"A","R5","Bin 9","A-R5-Bin9","CTN-A-0170","LOT-A-0002","PILLOW MOON","Pillow Moon","PCS","8907144406229","14","2026-09-12T06:54:04.932Z"
"A","R5","Bin 9","A-R5-Bin9","CTN-A-0171","LOT-A-0002","PILLOW MOON","Pillow Moon","PCS","8907144406229","14","2026-09-12T06:54:13.358Z"
"A","R5","Bin 9","A-R5-Bin9","CTN-A-0172","LOT-A-0002","PILLOW MOON","Pillow Moon","PCS","8907144406229","14","2026-09-12T06:54:22.875Z"
"A","R5","Bin 9","A-R5-Bin9","CTN-A-0173","LOT-A-0002","PILLOW MOON","Pillow Moon","PCS","8907144406229","14","2026-09-12T06:54:31.404Z"
"A","R5","Bin 9","A-R5-Bin9","CTN-A-0174","LOT-A-0002","PILLOW MOON","Pillow Moon","PCS","8907144406229","14","2026-09-12T06:53:38.958Z"
"A","R6","Bin 1","A-R6-Bin1","CTN-A-0106","LOT-A-0002","SLEEPLOGY ACDBL MNT","QUILTED SLEEPOLOGY DOUBLE MINT","PCS","8907144353349","8","2026-09-04T09:51:11.285Z"
"A","R6","Bin 1","A-R6-Bin1","CTN-A-0107","LOT-A-0002","SLEEPLOGY ACDBL MNT","QUILTED SLEEPOLOGY DOUBLE MINT","PCS","8907144353349","8","2026-09-04T09:51:46.155Z"
"A","R6","Bin 1","A-R6-Bin1","CTN-A-0108","LOT-A-0002","SLEEPLOGY ACDBL MNT","QUILTED SLEEPOLOGY DOUBLE MINT","PCS","8907144353349","8","2026-09-04T09:52:12.627Z"
"A","R6","Bin 1","A-R6-Bin1","CTN-A-0105","LOT-A-0002","SLEEPLOGY ACDBL MNT","QUILTED SLEEPOLOGY DOUBLE MINT","PCS","8907144353349","8","2026-09-04T09:52:35.848Z"
"A","R6","Bin 1","A-R6-Bin1","CTN-A-0102","LOT-A-0002","SLEEPLOGY ACDBL MNT","QUILTED SLEEPOLOGY DOUBLE MINT","PCS","8907144353349","8","2026-09-04T09:53:07.823Z"
"A","R6","Bin 1","A-R6-Bin1","CTN-A-0101","LOT-A-0002","SLEEPLOGY ACDBL MNT","QUILTED SLEEPOLOGY DOUBLE MINT","PCS","8907144353349","8","2026-09-04T09:53:29.897Z"
"A","R6","Bin 1","A-R6-Bin1","CTN-A-0100","LOT-A-0002","SLEEPLOGY ACDBL MNT","QUILTED SLEEPOLOGY DOUBLE MINT","PCS","8907144353349","8","2026-09-04T09:53:54.314Z"
"A","R6","Bin 1","A-R6-Bin1","CTN-A-0103","LOT-A-0002","SLEEPLOGY ACDBL SMK","QUILTED SLEEPOLOGY DOUBLE SMOKE","PCS","8907144353356","8","2026-09-04T09:55:20.575Z"
"A","R6","Bin 1","A-R6-Bin1","CTN-A-0150","LOT-A-0002","SLEEPLOGY ACDBL MNT","QUILTED SLEEPOLOGY DOUBLE MINT","PCS","8907144353349","8","2026-09-04T11:27:30.781Z"
"A","R6","Bin 1","A-R6-Bin1","CTN-A-0149","LOT-A-0002","SLEEPLOGY ACDBL MNT","QUILTED SLEEPOLOGY DOUBLE MINT","PCS","8907144353349","8","2026-09-04T11:27:59.436Z"
"A","R6","Bin 1","A-R6-Bin1","CTN-A-0152","LOT-A-0002","SLEEPLOGY ACDBL MNT","QUILTED SLEEPOLOGY DOUBLE MINT","PCS","8907144353349","8","2026-09-04T11:28:25.739Z"
"A","R6","Bin 1","A-R6-Bin1","CTN-A-0151","LOT-A-0002","SLEEPLOGY ACDBL LAV","QUILTED SLEEPOLOGY DOUBLE LAVENDER","PCS","8907144357743","8","2026-09-04T11:32:10.939Z"
"A","R6","Bin 10","A-R6-Bin10","CTN-A-0003","LOT-A-0001","MILK WIN DOUBLE","QUILTED TEXTILE MILK","PCS","8907144934487","3","2026-09-17T11:00:16.428Z"
"A","R6","Bin 10","A-R6-Bin10","CTN-A-0004","LOT-A-0004","MILK WIN DOUBLE","QUILTED TEXTILE MILK","PCS","8907144934487","3","2026-09-17T11:00:39.716Z"
"A","R6","Bin 10","A-R6-Bin10","CTN-A-0005","LOT-A-0001","MILK WIN DOUBLE","QUILTED TEXTILE MILK","PCS","8907144934487","3","2026-09-17T11:01:03.820Z"
"A","R6","Bin 10","A-R6-Bin10","CTN-A-0006","LOT-A-0001","MILK WIN DOUBLE","QUILTED TEXTILE MILK","PCS","8907144934487","3","2026-09-17T11:01:34.643Z"
"A","R6","Bin 10","A-R6-Bin10","CTN-A-0007","LOT-A-0001","MILK WIN DOUBLE","QUILTED TEXTILE MILK","PCS","8907144934487","3","2026-09-17T11:02:00.395Z"
"A","R6","Bin 10","A-R6-Bin10","CTN-A-0008","LOT-A-0001","MILK WIN DOUBLE","QUILTED TEXTILE MILK","PCS","8907144934487","3","2026-09-17T11:02:23.107Z"
"A","R6","Bin 10","A-R6-Bin10","CTN-A-0001","LOT-A-0001","MILK WIN SINGLE","QUILTED TEXTILE MILK","PCS","8907144971062","4","2026-09-17T11:03:03.941Z"
"A","R6","Bin 11","A-R6-Bin11","CTN-A-0043","LOT-A-0002","TWL ROM 30X30 MOS","The Roman Face Towel","PCS","8907144270974","216","2026-08-31T05:46:33.891Z"
"A","R6","Bin 11","A-R6-Bin11","CTN-A-0047","LOT-A-0002","TWL ROM 30X30 MOS","The Roman Face Towel","PCS","8907144270974","216","2026-08-31T05:47:13.887Z"
"A","R6","Bin 11","A-R6-Bin11","CTN-A-0044","LOT-A-0002","TWL ROM 30X30 BK","The Roman Face Towel","PCS","8907144270875","216","2026-08-31T05:47:45.708Z"
"A","R6","Bin 11","A-R6-Bin11","CTN-A-0046","LOT-A-0002","TWL ROM 30X30 CR","The Roman Face Towel","PCS","8907144270943","216","2026-08-31T05:48:19.762Z"
"A","R6","Bin 11","A-R6-Bin11","CTN-A-0048","LOT-A-0002","TWL ROM 30X30 CR","The Roman Face Towel","PCS","8907144270943","216","2026-08-31T05:53:30.333Z"
"A","R6","Bin 11","A-R6-Bin11","CTN-A-0045","LOT-A-0002","TWL ROM 30X30 WT","The Roman Face Towel","PCS","8907144271018","216","2026-08-31T05:54:08.212Z"
"A","R6","Bin 11","A-R6-Bin11","CTN-A-0001","LOT-A-0002","TWL ROM 75X150 CGY N","The Roman Bath Towel","PCS","8907144162583","18","2026-08-31T05:54:47.372Z"
"A","R6","Bin 11","A-R6-Bin11","CTN-A-0008","LOT-A-0002","TWL ROM 75X150 CGY N","The Roman Bath Towel","PCS","8907144162583","18","2026-08-31T05:55:15.338Z"
"A","R6","Bin 11","A-R6-Bin11","CTN-A-0002","LOT-A-0002","TWL ROM 75X150 BR","The Roman Bath Towel","PCS","8907144270660","18","2026-08-31T06:01:30.019Z"
"A","R6","Bin 11","A-R6-Bin11","CTN-A-0003","LOT-A-0002","TWL ROM 75X150 GLD","The Roman Bath Towel","PCS","8907144270691","18","2026-08-31T05:56:31.004Z"
"A","R6","Bin 11","A-R6-Bin11","CTN-A-0004","LOT-A-0002","TWL ROM 75X150 WT","The Roman Bath Towel","PCS","8907144270608","18","2026-08-31T05:57:08.867Z"
"A","R6","Bin 11","A-R6-Bin11","CTN-A-0005","LOT-A-0002","TWL ROM 75X150 GLD","The Roman Bath Towel","PCS","8907144270691","18","2026-08-31T05:57:40.490Z"
"A","R6","Bin 11","A-R6-Bin11","CTN-A-0006","LOT-A-0002","TWL ROM 75X150 MOS","The Roman Bath Towel","PCS","8907144270646","18","2026-08-31T05:58:17.115Z"
"A","R6","Bin 11","A-R6-Bin11","CTN-A-0007","LOT-A-0002","TWL ROM 75X150 GLD","The Roman Bath Towel","PCS","8907144270691","18","2026-08-31T05:58:45.668Z"
"A","R6","Bin 11","A-R6-Bin11","CTN-A-0009","LOT-A-0002","TWL ROM 75X150 MOS","The Roman Bath Towel","PCS","8907144270646","18","2026-08-31T05:59:18.922Z"
"A","R6","Bin 12","A-R6-Bin12","CTN-A-0074","LOT-A-0002","TWL ROM 75X150 MOS","The Roman Bath Towel","PCS","8907144270646","18","2026-09-01T05:51:33.635Z"
"A","R6","Bin 12","A-R6-Bin12","CTN-A-0076","LOT-A-0002","TWL ROM 75X150 MOS","The Roman Bath Towel","PCS","8907144270646","18","2026-09-01T05:52:03.035Z"
"A","R6","Bin 12","A-R6-Bin12","CTN-A-0077","LOT-A-0002","TWL ROM 75X150 MOS","The Roman Bath Towel","PCS","8907144270646","18","2026-09-01T05:53:11.322Z"
"A","R6","Bin 12","A-R6-Bin12","CTN-A-0078","LOT-A-0002","TWL ROM 75X150 MOS","The Roman Bath Towel","PCS","8907144270646","18","2026-09-01T05:58:25.363Z"
"A","R6","Bin 12","A-R6-Bin12","CTN-A-0081","LOT-A-0002","TWL ROM 75X150 MOS","The Roman Bath Towel","PCS","8907144270646","18","2026-09-01T05:55:53.634Z"
"A","R6","Bin 12","A-R6-Bin12","CTN-A-0085","LOT-A-0002","TWL ROM 75X150 MOS","The Roman Bath Towel","PCS","8907144270646","18","2026-09-01T05:59:12.986Z"
"A","R6","Bin 12","A-R6-Bin12","CTN-A-0075","LOT-A-0002","TWL ROM 75X150 GLD","The Roman Bath Towel","PCS","8907144270691","18","2026-09-01T05:59:44.999Z"
"A","R6","Bin 12","A-R6-Bin12","CTN-A-0082","LOT-A-0002","TWL ROM 75X150 GLD","The Roman Bath Towel","PCS","8907144270691","18","2026-09-01T06:00:17.902Z"
"A","R6","Bin 12","A-R6-Bin12","CTN-A-0083","LOT-A-0002","TWL ROM 75X150 GLD","The Roman Bath Towel","PCS","8907144270691","18","2026-09-01T06:00:46.147Z"
"A","R6","Bin 12","A-R6-Bin12","CTN-A-0084","LOT-A-0002","TWL ROM 75X150 CGY N","The Roman Bath Towel","PCS","8907144162583","18","2026-09-01T06:01:12.154Z"
"A","R6","Bin 12","A-R6-Bin12","CTN-A-0079","LOT-A-0001","TWL ROM 75X150 CR","The Roman Bath Towel","PCS","8907144270653","18","2026-09-01T06:01:58.005Z"
"A","R6","Bin 12","A-R6-Bin12","CTN-A-0086","LOT-A-0002","TWL ROM 75X150 CR","The Roman Bath Towel","PCS","8907144270653","18","2026-09-01T06:02:29.294Z"
"A","R6","Bin 12","A-R6-Bin12","CTN-A-0087","LOT-A-0002","TWL ROM 75X150 CR","The Roman Bath Towel","PCS","8907144270653","18","2026-09-01T06:03:00.434Z"
"A","R6","Bin 12","A-R6-Bin12","CTN-A-0088","LOT-A-0002","TWL ROM 75X150 CR","The Roman Bath Towel","PCS","8907144270653","18","2026-09-01T06:03:34.564Z"
"A","R6","Bin 12","A-R6-Bin12","CTN-A-0080","LOT-A-0002","TWL ROM 75X150 NBL","The Roman Bath Towel","PCS","8907144270622","18","2026-09-01T06:04:05.290Z"
"A","R6","Bin 12","A-R6-Bin12","CTN-A-0089","LOT-A-0002","TWL ROM 75X150 MOS","The Roman Bath Towel","PCS","8907144270646","18","2026-09-01T06:04:50.490Z"
"A","R6","Bin 13","A-R6-Bin13","CTN-A-0102","LOT-A-0002","TWL ROM 75X150 MOS","The Roman Bath Towel","PCS","8907144270646","18","2026-09-01T06:05:22.928Z"
"A","R6","Bin 13","A-R6-Bin13","CTN-A-0103","LOT-A-0002","TWL ROM 75X150 MOS","The Roman Bath Towel","PCS","8907144270646","18","2026-09-01T06:06:02.033Z"
"A","R6","Bin 13","A-R6-Bin13","CTN-A-0092","LOT-A-0002","TWL ROM 75X150 NBL","The Roman Bath Towel","PCS","8907144270622","18","2026-09-01T06:06:31.610Z"
"A","R6","Bin 13","A-R6-Bin13","CTN-A-0090","LOT-A-0002","TWL ROM 75X150 BR","The Roman Bath Towel","PCS","8907144270660","18","2026-09-01T06:07:01.206Z"
"A","R6","Bin 13","A-R6-Bin13","CTN-A-0094","LOT-A-0002","TWL ROM 75X150 BR","The Roman Bath Towel","PCS","8907144270660","18","2026-09-01T06:07:30.674Z"
"A","R6","Bin 13","A-R6-Bin13","CTN-A-0096","LOT-A-0002","TWL ROM 75X150 BR","The Roman Bath Towel","PCS","8907144270660","18","2026-09-01T06:07:58.963Z"
"A","R6","Bin 13","A-R6-Bin13","CTN-A-0099","LOT-A-0002","TWL ROM 75X150 BR","The Roman Bath Towel","PCS","8907144270660","18","2026-09-01T06:08:28.318Z"
"A","R6","Bin 13","A-R6-Bin13","CTN-A-0100","LOT-A-0002","TWL ROM 75X150 BR","The Roman Bath Towel","PCS","8907144270660","18","2026-09-01T06:09:04.939Z"
"A","R6","Bin 13","A-R6-Bin13","CTN-A-0101","LOT-A-0002","TWL ROM 75X150 BR","The Roman Bath Towel","PCS","8907144270660","18","2026-09-01T06:09:31.210Z"
"A","R6","Bin 13","A-R6-Bin13","CTN-A-0091","LOT-A-0002","TWL ROM 75X150 FUS","The Roman Bath Towel","PCS","8907144270639","18","2026-09-01T06:10:00.159Z"
"A","R6","Bin 13","A-R6-Bin13","CTN-A-0097","LOT-A-0002","TWL ROM 75X150 FUS","The Roman Bath Towel","PCS","8907144270639","18","2026-09-01T06:10:26.882Z"
"A","R6","Bin 13","A-R6-Bin13","CTN-A-0104","LOT-A-0002","TWL ROM 75X150 FUS","The Roman Bath Towel","PCS","8907144270639","18","2026-09-01T06:10:58.177Z"
"A","R6","Bin 13","A-R6-Bin13","CTN-A-0093","LOT-A-0002","TWL ROM 75X150 WT","The Roman Bath Towel","PCS","8907144270608","18","2026-09-01T06:11:32.987Z"
"A","R6","Bin 13","A-R6-Bin13","CTN-A-0095","LOT-A-0002","TWL ROM 75X150 PK","The Roman Bath Towel","PCS","8907144270615","18","2026-09-01T06:12:20.194Z"
"A","R6","Bin 13","A-R6-Bin13","CTN-A-0098","LOT-A-0002","TWL ROM 75X150 PK","The Roman Bath Towel","PCS","8907144270615","18","2026-09-01T06:12:50.090Z"
"A","R6","Bin 14","A-R6-Bin14","CTN-A-0010","LOT-A-0002","TWL ROM 75X150 CR","The Roman Bath Towel","PCS","8907144270653","18","2026-08-31T05:59:58.474Z"
"A","R6","Bin 14","A-R6-Bin14","CTN-A-0012","LOT-A-0002","TWL ROM 75X150 CR","The Roman Bath Towel","PCS","8907144270653","18","2026-08-31T06:00:43.171Z"
"A","R6","Bin 14","A-R6-Bin14","CTN-A-0022","LOT-A-0002","TWL ROM 75X150 CR","The Roman Bath Towel","PCS","8907144270653","18","2026-08-31T06:02:31.586Z"
"A","R6","Bin 14","A-R6-Bin14","CTN-A-0023","LOT-A-0002","TWL ROM 75X150 CR","The Roman Bath Towel","PCS","8907144270653","18","2026-08-31T06:19:44.338Z"
"A","R6","Bin 14","A-R6-Bin14","CTN-A-0013","LOT-A-0002","TWL ROM 75X150 NBL","The Roman Bath Towel","PCS","8907144270622","18","2026-08-31T06:05:24.754Z"
"A","R6","Bin 14","A-R6-Bin14","CTN-A-0011","LOT-A-0002","TWL ROM 75X150 BK","The Roman Bath Towel","PCS","8907144270684","18","2026-08-31T06:06:13.179Z"
"A","R6","Bin 14","A-R6-Bin14","CTN-A-0014","LOT-A-0002","TWL ROM 75X150 MOS","The Roman Bath Towel","PCS","8907144270646","18","2026-08-31T06:06:57.898Z"
"A","R6","Bin 14","A-R6-Bin14","CTN-A-0019","LOT-A-0002","TWL ROM 75X150 MOS","The Roman Bath Towel","PCS","8907144270646","18","2026-08-31T06:07:34.218Z"
"A","R6","Bin 14","A-R6-Bin14","CTN-A-0015","LOT-A-0002","TWL ROM 75X150 CGY N","The Roman Bath Towel","PCS","8907144162583","18","2026-08-31T06:08:05.424Z"
"A","R6","Bin 14","A-R6-Bin14","CTN-A-0016","LOT-A-0002","TWL ROM 75X150 BR","The Roman Bath Towel","PCS","8907144270660","18","2026-08-31T06:08:49.254Z"
"A","R6","Bin 14","A-R6-Bin14","CTN-A-0017","LOT-A-0002","TWL ROM 75X150 BR","The Roman Bath Towel","PCS","8907144270660","18","2026-08-31T06:09:22.331Z"
"A","R6","Bin 14","A-R6-Bin14","CTN-A-0018","LOT-A-0002","TWL ROM 75X150 MAR","The Roman Bath Towel","PCS","8907144257210","18","2026-08-31T06:15:51.314Z"
"A","R6","Bin 14","A-R6-Bin14","CTN-A-0020","LOT-A-0002","TWL ROM 75X150 GLD","The Roman Bath Towel","PCS","8907144270691","18","2026-08-31T06:16:40.252Z"
"A","R6","Bin 14","A-R6-Bin14","CTN-A-0021","LOT-A-0002","TWL ROM 75X150 GLD","The Roman Bath Towel","PCS","8907144270691","18","2026-08-31T06:18:08.570Z"
"A","R6","Bin 15","A-R6-Bin15","CTN-A-0020","LOT-A-0002","PILLOW TENCEL","Pillow Tencel","PCS","8907144259641","13","2026-09-15T06:43:24.317Z"
"A","R6","Bin 15","A-R6-Bin15","CTN-A-0021","LOT-A-0002","PILLOW TENCEL","Pillow Tencel","PCS","8907144259641","13","2026-09-15T06:43:47.480Z"
"A","R6","Bin 15","A-R6-Bin15","CTN-A-0022","LOT-A-0002","PILLOW TENCEL","Pillow Tencel","PCS","8907144259641","13","2026-09-15T06:44:20.134Z"
"A","R6","Bin 15","A-R6-Bin15","CTN-A-0023","LOT-A-0002","PILLOW TENCEL","Pillow Tencel","PCS","8907144259641","13","2026-09-15T06:44:45.751Z"
"A","R6","Bin 15","A-R6-Bin15","CTN-A-0024","LOT-A-0002","PILLOW TENCEL","Pillow Tencel","PCS","8907144259641","13","2026-09-15T06:45:10.513Z"
"A","R6","Bin 16","A-R6-Bin16","CTN-A-0001","LOT-A-0001","PILLOW MILK","Pillow Milk","PCS","8907144263440","10","2026-09-15T13:26:35.470Z"
"A","R6","Bin 16","A-R6-Bin16","CTN-A-0002","LOT-A-0001","PILLOW MILK","Pillow Milk","PCS","8907144263440","10","2026-09-15T13:27:01.631Z"
"A","R6","Bin 16","A-R6-Bin16","CTN-A-0003","LOT-A-0001","PILLOW MILK","Pillow Milk","PCS","8907144263440","10","2026-09-15T13:27:30.391Z"
"A","R6","Bin 16","A-R6-Bin16","CTN-A-0001","LOT-A-0001","MILK WIN DOUBLE","QUILTED TEXTILE MILK","PCS","8907144934487","3","2026-09-17T10:59:04.737Z"
"A","R6","Bin 16","A-R6-Bin16","CTN-A-0002","LOT-A-0001","MILK WIN DOUBLE","QUILTED TEXTILE MILK","PCS","8907144934487","3","2026-09-17T10:59:34.979Z"
"A","R6","Bin 17","A-R6-Bin17","CTN-A-0024","LOT-A-0002","TWL ROM 75X150 CGY N","The Roman Bath Towel","PCS","8907144162583","12","2026-09-01T05:19:44.971Z"
"A","R6","Bin 17","A-R6-Bin17","CTN-A-0027","LOT-A-0002","TWL ROM 75X150 CGY N","The Roman Bath Towel","PCS","8907144162583","18","2026-09-01T05:20:13.394Z"
"A","R6","Bin 17","A-R6-Bin17","CTN-A-0029","LOT-A-0002","TWL ROM 75X150 BR","The Roman Bath Towel","PCS","8907144270660","18","2026-09-01T05:20:48.483Z"
"A","R6","Bin 17","A-R6-Bin17","CTN-A-0025","LOT-A-0002","TWL ROM 75X150 MOS","The Roman Bath Towel","PCS","8907144270646","18","2026-09-01T05:21:25.306Z"
"A","R6","Bin 17","A-R6-Bin17","CTN-A-0033","LOT-A-0002","TWL ROM 75X150 MOS","The Roman Bath Towel","PCS","8907144270646","18","2026-09-01T05:21:56.338Z"
"A","R6","Bin 17","A-R6-Bin17","CTN-A-0035","LOT-A-0002","TWL ROM 75X150 MOS","The Roman Bath Towel","PCS","8907144270646","18","2026-09-01T05:22:28.170Z"
"A","R6","Bin 17","A-R6-Bin17","CTN-A-0026","LOT-A-0002","TWL ROM 75X150 CR","The Roman Bath Towel","PCS","8907144270653","18","2026-09-01T05:22:58.546Z"
"A","R6","Bin 17","A-R6-Bin17","CTN-A-0028","LOT-A-0002","TWL ROM 75X150 CR","The Roman Bath Towel","PCS","8907144270653","18","2026-09-01T05:23:32.812Z"
"A","R6","Bin 17","A-R6-Bin17","CTN-A-0030","LOT-A-0002","TWL ROM 75X150 CR","The Roman Bath Towel","PCS","8907144270653","18","2026-09-01T05:24:09.564Z"
"A","R6","Bin 17","A-R6-Bin17","CTN-A-0031","LOT-A-0002","TWL ROM 75X150 CR","The Roman Bath Towel","PCS","8907144270653","18","2026-09-01T05:24:35.036Z"
"A","R6","Bin 17","A-R6-Bin17","CTN-A-0032","LOT-A-0002","TWL ROM 75X150 CR","The Roman Bath Towel","PCS","8907144270653","18","2026-09-01T05:25:03.650Z"
"A","R6","Bin 17","A-R6-Bin17","CTN-A-0034","LOT-A-0002","TWL ROM 75X150 CR","The Roman Bath Towel","PCS","8907144270653","18","2026-09-01T05:25:33.922Z"
"A","R6","Bin 17","A-R6-Bin17","CTN-A-0036","LOT-A-0002","TWL ROM 75X150 CGY N","The Roman Bath Towel","PCS","8907144162583","18","2026-09-01T05:26:08.418Z"
"A","R6","Bin 17","A-R6-Bin17","CTN-A-0037","LOT-A-0002","TWL ROM 75X150 CGY N","The Roman Bath Towel","PCS","8907144162583","18","2026-09-01T05:26:36.507Z"
"A","R6","Bin 17","A-R6-Bin17","CTN-A-0109","LOT-A-0002","TWL ROM 75X150 WT","The Roman Bath Towel","PCS","8907144270608","18","2026-09-01T06:19:27.314Z"
"A","R6","Bin 18","A-R6-Bin18","CTN-A-0105","LOT-A-0002","TWL ROM 75X150 PK","The Roman Bath Towel","PCS","8907144270615","18","2026-09-01T06:13:19.082Z"
"A","R6","Bin 18","A-R6-Bin18","CTN-A-0115","LOT-A-0002","TWL ROM 75X150 PK","The Roman Bath Towel","PCS","8907144270615","18","2026-09-01T06:15:03.769Z"
"A","R6","Bin 18","A-R6-Bin18","CTN-A-0111","LOT-A-0002","TWL ROM 75X150 FUS","The Roman Bath Towel","PCS","8907144270639","18","2026-09-01T06:15:31.698Z"
"A","R6","Bin 18","A-R6-Bin18","CTN-A-0113","LOT-A-0002","TWL ROM 75X150 MOS","The Roman Bath Towel","PCS","8907144270646","18","2026-09-01T06:16:02.649Z"
"A","R6","Bin 18","A-R6-Bin18","CTN-A-0107","LOT-A-0002","TWL ROM 75X150 BR","The Roman Bath Towel","PCS","8907144270660","9","2026-09-01T06:17:20.925Z"
"A","R6","Bin 18","A-R6-Bin18","CTN-A-0112","LOT-A-0002","TWL ROM 75X150 BR","The Roman Bath Towel","PCS","8907144270660","18","2026-09-01T06:17:52.277Z"
"A","R6","Bin 18","A-R6-Bin18","CTN-A-0106","LOT-A-0002","TWL ROM 75X150 WT","The Roman Bath Towel","PCS","8907144270608","18","2026-09-01T06:18:58.043Z"
"A","R6","Bin 18","A-R6-Bin18","CTN-A-0108","LOT-A-0002","TWL ROM 75X150 GLD","The Roman Bath Towel","PCS","8907144270691","18","2026-09-01T06:20:58.301Z"
"A","R6","Bin 2","A-R6-Bin2","CTN-A-0001","LOT-A-0002","TWL ROM 30X30 MARS","The Roman Face Towel","PCS","8907144255490","144","2026-08-25T13:11:08.580Z"
"A","R6","Bin 2","A-R6-Bin2","CTN-A-0002","LOT-A-0002","TWL ROM 30X30 BK","The Roman Face Towel","PCS","8907144270875","216","2026-08-25T13:11:58.796Z"
"A","R6","Bin 2","A-R6-Bin2","CTN-A-0003","LOT-A-0002","TWL ROM 30X30 BK","The Roman Face Towel","PCS","8907144270875","216","2026-08-25T13:12:34.660Z"
"A","R6","Bin 2","A-R6-Bin2","CTN-A-0004","LOT-A-0002","TWL ROM 30X30 BK","The Roman Face Towel","PCS","8907144270875","216","2026-08-25T13:13:01.061Z"
"A","R6","Bin 2","A-R6-Bin2","CTN-A-0005","LOT-A-0002","TWL ROM 30X30 WT","The Roman Face Towel","PCS","8907144271018","216","2026-08-25T13:14:22.060Z"
"A","R6","Bin 2","A-R6-Bin2","CTN-A-0007","LOT-A-0002","TWL ROM 30X30 CR","The Roman Face Towel","PCS","8907144270943","216","2026-08-25T13:14:53.028Z"
"A","R6","Bin 2","A-R6-Bin2","CTN-A-0008","LOT-A-0002","TWL ROM 30X30 CGY N","The Roman Face Towel","PCS","8907144162460","216","2026-08-25T13:18:14.604Z"
"A","R6","Bin 2","A-R6-Bin2","CTN-A-0009","LOT-A-0002","TWL ROM 30X30 WT","The Roman Face Towel","PCS","8907144271018","216","2026-08-25T13:19:04.244Z"
"A","R6","Bin 2","A-R6-Bin2","CTN-A-0010","LOT-A-0002","TWL ROM 30X30 BR","The Roman Face Towel","PCS","8907144270929","216","2026-08-25T13:19:35.140Z"
"A","R6","Bin 5","A-R6-Bin5","CTN-A-0011","LOT-A-0002","TWL ROM 30X30 WT","The Roman Face Towel","PCS","8907144271018","216","2026-08-25T13:20:05.980Z"
"A","R6","Bin 5","A-R6-Bin5","CTN-A-0014","LOT-A-0002","TWL ROM 30X30 WT","The Roman Face Towel","PCS","8907144271018","216","2026-08-25T13:20:47.676Z"
"A","R6","Bin 5","A-R6-Bin5","CTN-A-0017","LOT-A-0002","TWL ROM 30X30 WT","The Roman Face Towel","PCS","8907144271018","216","2026-08-25T13:21:21.325Z"
"A","R6","Bin 5","A-R6-Bin5","CTN-A-0019","LOT-A-0002","TWL ROM 30X30 WT","The Roman Face Towel","PCS","8907144271018","216","2026-08-25T13:22:02.436Z"
"A","R6","Bin 5","A-R6-Bin5","CTN-A-0021","LOT-A-0002","TWL ROM 30X30 WT","The Roman Face Towel","PCS","8907144271018","216","2026-08-25T13:22:42.324Z"
"A","R6","Bin 5","A-R6-Bin5","CTN-A-0016","LOT-A-0002","TWL ROM 30X30 BR","The Roman Face Towel","PCS","8907144270929","216","2026-08-25T13:24:05.948Z"
"A","R6","Bin 5","A-R6-Bin5","CTN-A-0012","LOT-A-0002","TWL ROM 30X30 BR","The Roman Face Towel","PCS","8907144270929","216","2026-08-25T13:24:56.427Z"
"A","R6","Bin 5","A-R6-Bin5","CTN-A-0013","LOT-A-0002","TWL ROM 30X30 BR","The Roman Face Towel","PCS","8907144270929","216","2026-08-25T13:25:48.724Z"
"A","R6","Bin 5","A-R6-Bin5","CTN-A-0015","LOT-A-0002","TWL ROM 30X30 CR","The Roman Face Towel","PCS","8907144270943","216","2026-08-25T13:52:48.097Z"
"A","R6","Bin 5","A-R6-Bin5","CTN-A-0027","LOT-A-0002","TWL ROM 30X30 CR","The Roman Face Towel","PCS","8907144270943","216","2026-08-25T13:53:20.209Z"
"A","R6","Bin 5","A-R6-Bin5","CTN-A-0020","LOT-A-0002","TWL ROM 30X30 BK","The Roman Face Towel","PCS","8907144270875","216","2026-08-25T13:54:16.193Z"
"A","R6","Bin 5","A-R6-Bin5","CTN-A-0018","LOT-A-0002","TWL ROM 30X30 CGY N","The Roman Face Towel","PCS","8907144162460","216","2026-08-25T13:54:51.545Z"
"A","R6","Bin 5","A-R6-Bin5","CTN-A-0023","LOT-A-0002","TWL ROM 30X30 CGY N","The Roman Face Towel","PCS","8907144162460","216","2026-08-25T13:55:25.465Z"
"A","R6","Bin 5","A-R6-Bin5","CTN-A-0022","LOT-A-0002","TWL ROM 30X30 MOS","The Roman Face Towel","PCS","8907144270974","216","2026-08-25T13:56:34.632Z"
"A","R6","Bin 5","A-R6-Bin5","CTN-A-0025","LOT-A-0002","TWL ROM 30X30 NBL","The Roman Face Towel","PCS","8907144270981","216","2026-08-25T13:57:21.208Z"
"A","R6","Bin 5","A-R6-Bin5","CTN-A-0026","LOT-A-0002","TWL ROM 30X30 GLD","The Roman Face Towel","PCS","8907144271032","216","2026-08-25T13:57:52.192Z"
"A","R6","Bin 5","A-R6-Bin5","CTN-A-0024","LOT-A-0002","TWL ROM 30X30 GLD","The Roman Face Towel","PCS","8907144271032","216","2026-08-25T13:58:34.297Z"
"A","R6","Bin 6","A-R6-Bin6","CTN-A-0038","LOT-A-0002","TWL ROM 75X150 CGY N","The Roman Bath Towel","PCS","8907144162583","18","2026-09-01T05:27:26.898Z"
"A","R6","Bin 6","A-R6-Bin6","CTN-A-0041","LOT-A-0002","TWL ROM 75X150 CR","The Roman Bath Towel","PCS","8907144270653","18","2026-09-01T05:29:21.836Z"
"A","R6","Bin 6","A-R6-Bin6","CTN-A-0044","LOT-A-0002","TWL ROM 75X150 CR","The Roman Bath Towel","PCS","8907144270653","18","2026-09-01T05:29:51.211Z"
"A","R6","Bin 6","A-R6-Bin6","CTN-A-0051","LOT-A-0002","TWL ROM 75X150 BR","The Roman Bath Towel","PCS","8907144270660","18","2026-09-01T05:33:31.298Z"
"A","R6","Bin 6","A-R6-Bin6","CTN-A-0055","LOT-A-0002","TWL ROM 75X150 BR","The Roman Bath Towel","PCS","8907144270660","18","2026-09-01T05:33:56.130Z"
"A","R6","Bin 6","A-R6-Bin6","CTN-A-0058","LOT-A-0002","TWL ROM 75X150 BR","The Roman Bath Towel","PCS","8907144270660","18","2026-09-01T05:34:29.707Z"
"A","R6","Bin 6","A-R6-Bin6","CTN-A-0043","LOT-A-0002","TWL ROM 75X150 GLD","The Roman Bath Towel","PCS","8907144270691","18","2026-09-01T05:39:52.538Z"
"A","R6","Bin 6","A-R6-Bin6","CTN-A-0045","LOT-A-0002","TWL ROM 75X150 GLD","The Roman Bath Towel","PCS","8907144270691","18","2026-09-01T05:40:22.806Z"
"A","R6","Bin 6","A-R6-Bin6","CTN-A-0056","LOT-A-0002","TWL ROM 75X150 GLD","The Roman Bath Towel","PCS","8907144270691","18","2026-09-01T05:40:54.402Z"
"A","R6","Bin 6","A-R6-Bin6","CTN-A-0050","LOT-A-0002","TWL ROM 75X150 BK","The Roman Bath Towel","PCS","8907144270684","18","2026-09-01T05:41:28.308Z"
"A","R6","Bin 6","A-R6-Bin6","CTN-A-0053","LOT-A-0002","TWL ROM 75X150 BK","The Roman Bath Towel","PCS","8907144270684","18","2026-09-01T05:42:05.266Z"
"A","R6","Bin 6","A-R6-Bin6","CTN-A-0057","LOT-A-0002","TWL ROM 75X150 BK","The Roman Bath Towel","PCS","8907144270684","18","2026-09-01T05:43:05.971Z"
"A","R6","Bin 7","A-R6-Bin7","CTN-A-0064","LOT-A-0002","TWL ROM 75X150 MOS","The Roman Bath Towel","PCS","8907144270646","18","2026-09-01T05:44:05.972Z"
"A","R6","Bin 7","A-R6-Bin7","CTN-A-0060","LOT-A-0002","TWL ROM 75X150 PK","The Roman Bath Towel","PCS","8907144270615","18","2026-09-01T05:44:57.108Z"
"A","R6","Bin 7","A-R6-Bin7","CTN-A-0061","LOT-A-0002","TWL ROM 75X150 BR","The Roman Bath Towel","PCS","8907144270660","18","2026-09-01T05:45:27.647Z"
"A","R6","Bin 7","A-R6-Bin7","CTN-A-0068","LOT-A-0002","TWL ROM 75X150 BK","The Roman Bath Towel","PCS","8907144270684","18","2026-09-01T05:45:59.702Z"
"A","R6","Bin 7","A-R6-Bin7","CTN-A-0069","LOT-A-0002","TWL ROM 75X150 BK","The Roman Bath Towel","PCS","8907144270684","18","2026-09-01T05:46:29.153Z"
"A","R6","Bin 7","A-R6-Bin7","CTN-A-0065","LOT-A-0002","TWL ROM 75X150 CGY N","The Roman Bath Towel","PCS","8907144162583","18","2026-09-01T05:46:56.924Z"
"A","R6","Bin 7","A-R6-Bin7","CTN-A-0067","LOT-A-0002","TWL ROM 75X150 CGY N","The Roman Bath Towel","PCS","8907144162583","18","2026-09-01T05:47:22.995Z"
"A","R6","Bin 7","A-R6-Bin7","CTN-A-0073","LOT-A-0002","TWL ROM 75X150 CGY N","The Roman Bath Towel","PCS","8907144162583","18","2026-09-01T05:47:49.842Z"
"A","R6","Bin 7","A-R6-Bin7","CTN-A-0063","LOT-A-0002","TWL ROM 75X150 CR","The Roman Bath Towel","PCS","8907144270653","18","2026-09-01T05:48:29.642Z"
"A","R6","Bin 7","A-R6-Bin7","CTN-A-0066","LOT-A-0002","TWL ROM 75X150 CR","The Roman Bath Towel","PCS","8907144270653","18","2026-09-01T05:48:57.794Z"
"A","R6","Bin 7","A-R6-Bin7","CTN-A-0070","LOT-A-0002","TWL ROM 75X150 CR","The Roman Bath Towel","PCS","8907144270653","18","2026-09-01T05:49:27.170Z"
"A","R6","Bin 7","A-R6-Bin7","CTN-A-0071","LOT-A-0002","TWL ROM 75X150 CR","The Roman Bath Towel","PCS","8907144270653","18","2026-09-01T05:49:57.703Z"
"A","R6","Bin 7","A-R6-Bin7","CTN-A-0072","LOT-A-0002","TWL ROM 75X150 CR","The Roman Bath Towel","PCS","8907144270653","18","2026-09-01T05:50:28.290Z"
"A","R6","Bin 7","A-R6-Bin7","CTN-A-0062","LOT-A-0002","TWL ROM 75X150 GLD","The Roman Bath Towel","PCS","8907144270691","18","2026-09-01T05:50:55.066Z"
"A","R6","Bin 8","A-R6-Bin8","CTN-A-0028","LOT-A-0002","TWL ROM 30X30 CR","The Roman Face Towel","PCS","8907144270943","216","2026-08-25T13:59:36.528Z"
"A","R6","Bin 8","A-R6-Bin8","CTN-A-0029","LOT-A-0002","TWL ROM 30X30 MOS","The Roman Face Towel","PCS","8907144270974","216","2026-08-25T14:00:16.608Z"
"A","R6","Bin 8","A-R6-Bin8","CTN-A-0030","LOT-A-0002","TWL ROM 30X30 GLD","The Roman Face Towel","PCS","8907144271032","216","2026-08-25T14:01:16.223Z"
"A","R6","Bin 8","A-R6-Bin8","CTN-A-0031","LOT-A-0002","TWL ROM 30X30 MOS","The Roman Face Towel","PCS","8907144270974","216","2026-08-25T14:01:59.944Z"
"A","R6","Bin 8","A-R6-Bin8","CTN-A-0032","LOT-A-0002","TWL ROM 30X30 GLD","The Roman Face Towel","PCS","8907144271032","216","2026-08-25T14:02:27.624Z"
"A","R6","Bin 8","A-R6-Bin8","CTN-A-0033","LOT-A-0002","TWL ROM 30X30 CR","The Roman Face Towel","PCS","8907144270943","216","2026-08-25T14:03:10.607Z"
"A","R6","Bin 8","A-R6-Bin8","CTN-A-0034","LOT-A-0002","TWL ROM 30X30 GLD","The Roman Face Towel","PCS","8907144271032","216","2026-08-25T14:03:59.983Z"
"A","R6","Bin 8","A-R6-Bin8","CTN-A-0035","LOT-A-0002","TWL ROM 30X30 CR","The Roman Face Towel","PCS","8907144270943","216","2026-08-25T14:05:08.944Z"
"A","R6","Bin 8","A-R6-Bin8","CTN-A-0036","LOT-A-0002","TWL ROM 30X30 MOS","The Roman Face Towel","PCS","8907144270974","216","2026-08-25T14:05:37.488Z"
"A","R6","Bin 8","A-R6-Bin8","CTN-A-0039","LOT-A-0002","TWL ROM 30X30 MOS","The Roman Face Towel","PCS","8907144270974","216","2026-08-25T14:08:23.631Z"
"A","R6","Bin 8","A-R6-Bin8","CTN-A-0040","LOT-A-0002","TWL ROM 30X30 BK","The Roman Face Towel","PCS","8907144270875","216","2026-08-25T14:08:59.784Z"
"A","R6","Bin 8","A-R6-Bin8","CTN-A-0041","LOT-A-0002","TWL ROM 30X30 CR","The Roman Face Towel","PCS","8907144270943","216","2026-08-31T05:21:45.086Z"
"A","R6","Bin 8","A-R6-Bin8","CTN-A-0042","LOT-A-0002","TWL ROM 30X30 NBL","The Roman Face Towel","PCS","8907144270981","216","2026-08-31T05:45:53.954Z"
"A","R6","Bin 9","A-R6-Bin9","CTN-A-0009","LOT-A-0001","MILK WIN DOUBLE","QUILTED TEXTILE MILK","PCS","8907144934487","3","2026-09-17T11:19:58.738Z"
"A","R6","Bin 9","A-R6-Bin9","CTN-A-0010","LOT-A-0001","MILK WIN DOUBLE","QUILTED TEXTILE MILK","PCS","8907144934487","3","2026-09-17T11:20:29.396Z"
"A","R6","Bin 9","A-R6-Bin9","CTN-A-0011","LOT-A-0001","MILK WIN DOUBLE","QUILTED TEXTILE MILK","PCS","8907144934487","3","2026-09-17T11:30:47.278Z"
"A","R6","Bin 9","A-R6-Bin9","CTN-A-0012","LOT-A-0001","MILK WIN DOUBLE","QUILTED TEXTILE MILK","PCS","8907144934487","3","2026-09-17T11:31:15.259Z"
"A","R6","Bin 9","A-R6-Bin9","CTN-A-0013","LOT-A-0001","MILK WIN DOUBLE","QUILTED TEXTILE MILK","PCS","8907144934487","3","2026-09-17T11:31:51.546Z"
"A","R6","Bin 9","A-R6-Bin9","CTN-A-0002","LOT-A-0001","MILK WIN SINGLE","QUILTED TEXTILE MILK","PCS","8907144971062","4","2026-09-17T11:32:27.680Z"
"A","R6","Bin 9","A-R6-Bin9","CTN-A-0003","LOT-A-0001","MILK WIN SINGLE","QUILTED TEXTILE MILK","PCS","8907144971062","4","2026-09-17T11:33:08.017Z"
"A","R6","Bin 9","A-R6-Bin9","CTN-A-0004","LOT-A-0001","MILK WIN SINGLE","QUILTED TEXTILE MILK","PCS","8907144971062","4","2026-09-17T11:33:32.858Z"
"A","R6","Bin 9","A-R6-Bin9","CTN-A-0005","LOT-A-0001","MILK WIN SINGLE","QUILTED TEXTILE MILK","PCS","8907144971062","4","2026-09-17T11:34:00.027Z"
"A","R7","Bin 1","A-R7-Bin1","CTN-A-0001","LOT-A-0001","QUILT WIN STR DBL","Quilt Star Embossed White","PCS","8907144144404","5","2026-09-16T05:05:14.598Z"
"A","R7","Bin 1","A-R7-Bin1","CTN-A-0002","LOT-A-0001","QUILT WIN STR DBL","Quilt Star Embossed White","PCS","8907144144404","5","2026-09-16T05:05:40.192Z"
"A","R7","Bin 1","A-R7-Bin1","CTN-A-0003","LOT-A-0001","QUILT WIN STR DBL","Quilt Star Embossed White","PCS","8907144144404","5","2026-09-16T05:06:07.910Z"
"A","R7","Bin 1","A-R7-Bin1","CTN-A-0004","LOT-A-0001","QUILT WIN STR DBL","Quilt Star Embossed White","PCS","8907144144404","5","2026-09-16T05:06:49.087Z"
"A","R7","Bin 1","A-R7-Bin1","CTN-A-0005","LOT-A-0001","QUILT WIN STR DBL","Quilt Star Embossed White","PCS","8907144144404","5","2026-09-16T05:07:19.255Z"
"A","R7","Bin 1","A-R7-Bin1","CTN-A-0006","LOT-A-0001","QUILT WIN STR DBL","Quilt Star Embossed White","PCS","8907144144404","5","2026-09-16T05:07:49.868Z"
"A","R7","Bin 1","A-R7-Bin1","CTN-A-0007","LOT-A-0001","QUILT WIN STR DBL","Quilt Star Embossed White","PCS","8907144144404","5","2026-09-16T05:08:30.041Z"
"A","R7","Bin 10","A-R7-Bin10","CTN-A-0012","LOT-A-0002","PILLOW TENCEL","Pillow Tencel","PCS","8907144259641","12","2026-09-15T06:37:38.501Z"
"A","R7","Bin 10","A-R7-Bin10","CTN-A-0013","LOT-A-0002","PILLOW TENCEL","Pillow Tencel","PCS","8907144259641","12","2026-09-15T06:41:43.046Z"
"A","R7","Bin 10","A-R7-Bin10","CTN-A-0014","LOT-A-0002","PILLOW TENCEL","Pillow Tencel","PCS","8907144259641","12","2026-09-15T06:38:28.349Z"
"A","R7","Bin 10","A-R7-Bin10","CTN-A-0015","LOT-A-0002","PILLOW TENCEL","Pillow Tencel","PCS","8907144259641","12","2026-09-15T06:41:58.130Z"
"A","R7","Bin 10","A-R7-Bin10","CTN-A-0016","LOT-A-0002","PILLOW TENCEL","Pillow Tencel","PCS","8907144259641","12","2026-09-15T06:39:25.912Z"
"A","R7","Bin 10","A-R7-Bin10","CTN-A-0017","LOT-A-0002","PILLOW TENCEL","Pillow Tencel","PCS","8907144259641","12","2026-09-15T06:39:56.498Z"
"A","R7","Bin 10","A-R7-Bin10","CTN-A-0018","LOT-A-0002","PILLOW TENCEL","Pillow Tencel","PCS","8907144259641","12","2026-09-15T06:40:19.010Z"
"A","R7","Bin 10","A-R7-Bin10","CTN-A-0019","LOT-A-0002","PILLOW TENCEL","Pillow Tencel","PCS","8907144259641","12","2026-09-15T06:40:52.237Z"
"A","R7","Bin 10","A-R7-Bin10","CTN-A-0001","LOT-A-0002","PILLOW ROYALE","Pillow","PCS","8907144254783","10","2026-09-15T09:09:03.945Z"
"A","R7","Bin 10","A-R7-Bin10","CTN-A-0002","LOT-A-0002","PILLOW ROYALE","Pillow","PCS","8907144254783","10","2026-09-15T09:09:31.839Z"
"A","R7","Bin 10","A-R7-Bin10","CTN-A-0004","LOT-A-0002","PILLOW ROYALE","Pillow","PCS","8907144254783","10","2026-09-15T09:10:29.588Z"
"A","R7","Bin 10","A-R7-Bin10","CTN-A-0005","LOT-A-0002","PILLOW ROYALE","Pillow","PCS","8907144254783","10","2026-09-15T09:10:52.613Z"
"A","R7","Bin 10","A-R7-Bin10","CTN-A-0003","LOT-A-0002","PILLOW ROYALE","Pillow","PCS","8907144254783","10","2026-09-15T09:18:21.805Z"
"A","R7","Bin 11","A-R7-Bin11","CTN-A-0009","LOT-A-0002","PILLOW TENCEL","Pillow Tencel","PCS","8907144259641","12","2026-09-15T06:33:21.759Z"
"A","R7","Bin 11","A-R7-Bin11","CTN-A-0008","LOT-A-0002","PILLOW TENCEL","Pillow Tencel","PCS","8907144259641","12","2026-09-15T06:33:45.218Z"
"A","R7","Bin 11","A-R7-Bin11","CTN-A-0007","LOT-A-0002","PILLOW TENCEL","Pillow Tencel","PCS","8907144259641","12","2026-09-15T06:34:09.033Z"
"A","R7","Bin 11","A-R7-Bin11","CTN-A-0004","LOT-A-0005","PILLOW TENCEL","Pillow Tencel","PCS","8907144259641","12","2026-09-15T06:34:37.932Z"
"A","R7","Bin 11","A-R7-Bin11","CTN-A-0005","LOT-A-0002","PILLOW TENCEL","Pillow Tencel","PCS","8907144259641","12","2026-09-15T06:35:05.370Z"
"A","R7","Bin 11","A-R7-Bin11","CTN-A-0006","LOT-A-0002","PILLOW TENCEL","Pillow Tencel","PCS","8907144259641","12","2026-09-15T06:35:37.255Z"
"A","R7","Bin 11","A-R7-Bin11","CTN-A-0001","LOT-A-0002","PILLOW TENCEL","Pillow Tencel","PCS","8907144259641","12","2026-09-15T06:36:01.535Z"
"A","R7","Bin 11","A-R7-Bin11","CTN-A-0002","LOT-A-0002","PILLOW TENCEL","Pillow Tencel","PCS","8907144259641","12","2026-09-15T06:36:29.992Z"
"A","R7","Bin 11","A-R7-Bin11","CTN-A-0003","LOT-A-0002","PILLOW TENCEL","Pillow Tencel","PCS","8907144259641","12","2026-09-15T06:37:05.986Z"
"A","R7","Bin 14","A-R7-Bin14","CTN-A-0010","LOT-A-0002","PILLOW TENCEL","Pillow Tencel","PCS","8907144259641","12","2026-09-15T06:31:48.164Z"
"A","R7","Bin 14","A-R7-Bin14","CTN-A-0011","LOT-A-0002","PILLOW TENCEL","Pillow Tencel","PCS","8907144259641","12","2026-09-15T06:32:58.591Z"
"A","R7","Bin 14","A-R7-Bin14","CTN-A-0025","LOT-A-0002","PILLOW TENCEL","Pillow Tencel","PCS","8907144259641","13","2026-09-17T10:21:40.868Z"
"A","R7","Bin 14","A-R7-Bin14","CTN-A-0007","LOT-A-0001","QLT MOONWR SGL HZLNT","QUILTED MOON WALKER HAZELNUT","PCS","8907144357415","4","2026-09-17T12:56:29.666Z"
"A","R7","Bin 14","A-R7-Bin14","CTN-A-0008","LOT-A-0001","QLT MOONWR SGL WSMK","QUILTED MOON WALKER WOOD SMOKE","PCS","8907144357477","4","2026-09-17T12:58:34.472Z"
"A","R7","Bin 15","A-R7-Bin15","CTN-A-0006","LOT-A-0002","PILLOW ROYALE","Pillow","PCS","8907144254783","10","2026-09-15T09:11:22.581Z"
"A","R7","Bin 15","A-R7-Bin15","CTN-A-0007","LOT-A-0002","PILLOW ROYALE","Pillow","PCS","8907144254783","10","2026-09-15T09:11:57.429Z"
"A","R7","Bin 15","A-R7-Bin15","CTN-A-0008","LOT-A-0002","PILLOW ROYALE","Pillow","PCS","8907144254783","10","2026-09-15T09:12:23.927Z"
"A","R7","Bin 15","A-R7-Bin15","CTN-A-0009","LOT-A-0002","PILLOW ROYALE","Pillow","PCS","8907144254783","10","2026-09-15T09:12:50.475Z"
"A","R7","Bin 15","A-R7-Bin15","CTN-A-0010","LOT-A-0002","PILLOW ROYALE","Pillow","PCS","8907144254783","10","2026-09-15T09:13:13.769Z"
"A","R7","Bin 15","A-R7-Bin15","CTN-A-0011","LOT-A-0002","PILLOW ROYALE","Pillow","PCS","8907144254783","10","2026-09-15T09:13:36.334Z"
"A","R7","Bin 15","A-R7-Bin15","CTN-A-0012","LOT-A-0002","PILLOW ROYALE","Pillow","PCS","8907144254783","10","2026-09-15T09:14:27.284Z"
"A","R7","Bin 15","A-R7-Bin15","CTN-A-0013","LOT-A-0002","PILLOW ROYALE","Pillow","PCS","8907144254783","10","2026-09-15T09:14:57.727Z"
"A","R7","Bin 15","A-R7-Bin15","CTN-A-0014","LOT-A-0002","PILLOW ROYALE","Pillow","PCS","8907144254783","10","2026-09-15T09:16:15.730Z"
"A","R7","Bin 15","A-R7-Bin15","CTN-A-0015","LOT-A-0002","PILLOW ROYALE","Pillow","PCS","8907144254783","10","2026-09-15T09:18:50.390Z"
"A","R7","Bin 16","A-R7-Bin16","CTN-A-0014","LOT-A-0001","MILK WIN DOUBLE","QUILTED TEXTILE MILK","PCS","8907144934487","3","2026-09-17T11:50:40.826Z"
"A","R7","Bin 16","A-R7-Bin16","CTN-A-0015","LOT-A-0001","MILK WIN DOUBLE","QUILTED TEXTILE MILK","PCS","8907144934487","3","2026-09-17T11:51:10.822Z"
"A","R7","Bin 16","A-R7-Bin16","CTN-A-0016","LOT-A-0001","MILK WIN DOUBLE","QUILTED TEXTILE MILK","PCS","8907144934487","4","2026-09-17T11:51:36.189Z"
"A","R7","Bin 16","A-R7-Bin16","CTN-A-0017","LOT-A-0001","MILK WIN DOUBLE","QUILTED TEXTILE MILK","PCS","8907144934487","3","2026-09-17T11:52:01.424Z"
"A","R7","Bin 16","A-R7-Bin16","CTN-A-0018","LOT-A-0001","MILK WIN DOUBLE","QUILTED TEXTILE MILK","PCS","8907144934487","3","2026-09-17T11:52:33.029Z"
"A","R7","Bin 16","A-R7-Bin16","CTN-A-0019","LOT-A-0001","MILK WIN DOUBLE","QUILTED TEXTILE MILK","PCS","8907144934487","3","2026-09-17T11:53:05.242Z"
"A","R7","Bin 16","A-R7-Bin16","CTN-A-0004","LOT-A-0001","ALOVERA SINGLE","QUILTED TEXTILE ALOEVERA","PCS","8907144500866","11","2026-09-17T12:09:24.327Z"
"A","R7","Bin 16","A-R7-Bin16","CTN-A-0005","LOT-A-0001","ALOVERA SINGLE","QUILTED TEXTILE ALOEVERA","PCS","8907144500866","11","2026-09-17T12:09:54.922Z"
"A","R7","Bin 16","A-R7-Bin16","CTN-A-0006","LOT-A-0001","ALOVERA SINGLE","QUILTED TEXTILE ALOEVERA","PCS","8907144500866","11","2026-09-17T12:10:23.994Z"
"A","R7","Bin 17","A-R7-Bin17","CTN-A-0004","LOT-A-0001","QLT MOONWR SGL LTPK","QUILTED MOON WALKER LIGHT PINK","PCS","8907144357446","4","2026-09-17T13:11:45.876Z"
"A","R7","Bin 17","A-R7-Bin17","CTN-A-0003","LOT-A-0001","QLT MOONWR SGL DVGY","QUILTED MOON WALKER DOVE GREY","PCS","8907144357408","4","2026-09-17T13:21:58.120Z"
"A","R7","Bin 17","A-R7-Bin17","CTN-A-0006","LOT-A-0001","QLT MOONWR SGL HZLNT","QUILTED MOON WALKER HAZELNUT","PCS","8907144357415","4","2026-09-17T13:22:31.664Z"
"A","R7","Bin 17","A-R7-Bin17","CTN-A-0001","LOT-A-0001","QLT MOONWR SGL LTPK","QUILTED MOON WALKER LIGHT PINK","PCS","8907144357446","4","2026-09-17T13:23:15.241Z"
"A","R7","Bin 17","A-R7-Bin17","CTN-A-0002","LOT-A-0001","QLT MOONWR SGL HZLNT","QUILTED MOON WALKER HAZELNUT","PCS","8907144357415","4","2026-09-17T13:24:50.720Z"
"A","R7","Bin 17","A-R7-Bin17","CTN-A-0005","LOT-A-0001","QLT MOONWR SGL HZLNT","QUILTED MOON WALKER HAZELNUT","PCS","8907144357415","4","2026-09-17T13:26:03.389Z"
"A","R7","Bin 18","A-R7-Bin18","CTN-A-0010","LOT-A-0001","QLT MOONWR SGL WSMK","QUILTED MOON WALKER WOOD SMOKE","PCS","8907144357477","4","2026-09-17T13:27:04.631Z"
"A","R7","Bin 18","A-R7-Bin18","CTN-A-0009","LOT-A-0001","QLT MOONWR SGL DVGY","QUILTED MOON WALKER DOVE GREY","PCS","8907144357408","4","2026-09-17T13:27:37.056Z"
"A","R7","Bin 2","A-R7-Bin2","CTN-A-0008","LOT-A-0001","QUILT WIN STR DBL","Quilt Star Embossed White","PCS","8907144144404","5","2026-09-16T05:09:06.368Z"
"A","R7","Bin 2","A-R7-Bin2","CTN-A-0009","LOT-A-0001","QUILT WIN STR DBL","Quilt Star Embossed White","PCS","8907144144404","5","2026-09-16T05:09:40.761Z"
"A","R7","Bin 2","A-R7-Bin2","CTN-A-0001","LOT-A-0001","ARTIC SINGLE","QUILTED TEXTILE ARTIC","PCS","8907144263488","7","2026-09-17T11:48:17.515Z"
"A","R7","Bin 2","A-R7-Bin2","CTN-A-0002","LOT-A-0001","ARTIC SINGLE","QUILTED TEXTILE ARTIC","PCS","8907144263488","7","2026-09-17T11:48:41.290Z"
"A","R7","Bin 2","A-R7-Bin2","CTN-A-0003","LOT-A-0001","ARTIC SINGLE","QUILTED TEXTILE ARTIC","PCS","8907144263488","7","2026-09-17T11:49:10.218Z"
"A","R7","Bin 3","A-R7-Bin3","CTN-A-0001","LOT-A-0001","ARTIC DOUBLE","QUILTED TEXTILE ARTIC","PCS","8907144263471","4","2026-09-17T11:34:50.262Z"
"A","R7","Bin 3","A-R7-Bin3","CTN-A-0002","LOT-A-0001","ARTIC DOUBLE","QUILTED TEXTILE ARTIC","PCS","8907144263471","4","2026-09-17T11:35:20.003Z"
"A","R7","Bin 3","A-R7-Bin3","CTN-A-0003","LOT-A-0001","ARTIC DOUBLE","QUILTED TEXTILE ARTIC","PCS","8907144263471","4","2026-09-17T11:35:51.717Z"
"A","R7","Bin 3","A-R7-Bin3","CTN-A-0004","LOT-A-0001","ARTIC DOUBLE","QUILTED TEXTILE ARTIC","PCS","8907144263471","4","2026-09-17T11:45:34.524Z"
"A","R7","Bin 3","A-R7-Bin3","CTN-A-0005","LOT-A-0001","ARTIC DOUBLE","QUILTED TEXTILE ARTIC","PCS","8907144263471","4","2026-09-17T11:46:03.036Z"
"A","R7","Bin 3","A-R7-Bin3","CTN-A-0006","LOT-A-0001","ARTIC DOUBLE","QUILTED TEXTILE ARTIC","PCS","8907144263471","4","2026-09-17T11:46:30.050Z"
"A","R7","Bin 3","A-R7-Bin3","CTN-A-0007","LOT-A-0001","ARTIC DOUBLE","QUILTED TEXTILE ARTIC","PCS","8907144263471","4","2026-09-17T11:47:01.868Z"
"A","R7","Bin 3","A-R7-Bin3","CTN-A-0008","LOT-A-0001","ARTIC DOUBLE","QUILTED TEXTILE ARTIC","PCS","8907144263471","4","2026-09-17T11:47:30.986Z"
"A","R7","Bin 4","A-R7-Bin4","CTN-A-0010","LOT-A-0001","QUILT WIN STR DBL","Quilt Star Embossed White","PCS","8907144144404","5","2026-09-17T09:46:35.133Z"
"A","R7","Bin 4","A-R7-Bin4","CTN-A-0011","LOT-A-0001","QUILT WIN STR DBL","Quilt Star Embossed White","PCS","8907144144404","5","2026-09-17T09:47:06.719Z"
"A","R7","Bin 4","A-R7-Bin4","CTN-A-0012","LOT-A-0001","QUILT WIN STR DBL","Quilt Star Embossed White","PCS","8907144144404","5","2026-09-17T09:47:32.437Z"
"A","R7","Bin 4","A-R7-Bin4","CTN-A-0001","LOT-A-0001","QUILT WIN STR SGL","Quilt Star Embossed White","PCS","8907144144411","9","2026-09-17T09:48:27.277Z"
"A","R7","Bin 4","A-R7-Bin4","CTN-A-0002","LOT-A-0001","QUILT WIN STR SGL","Quilt Star Embossed White","PCS","8907144144411","9","2026-09-17T09:49:01.956Z"
"A","R7","Bin 4","A-R7-Bin4","CTN-A-0003","LOT-A-0001","QUILT WIN STR SGL","Quilt Star Embossed White","PCS","8907144144411","9","2026-09-17T09:49:35.653Z"
"A","R7","Bin 4","A-R7-Bin4","CTN-A-0004","LOT-A-0001","QUILT WIN STR SGL","Quilt Star Embossed White","PCS","8907144144411","9","2026-09-17T09:50:00.757Z"
"A","R7","Bin 4","A-R7-Bin4","CTN-A-0005","LOT-A-0001","QUILT WIN STR SGL","Quilt Star Embossed White","PCS","8907144144411","9","2026-09-17T09:50:33.128Z"
"A","R7","Bin 5","A-R7-Bin5","CTN-A-0001","LOT-A-0002","MILK AC DOUBLE","QUILTED TEXTILE MILK","PCS","8907144259573","7","2026-09-18T05:09:34.406Z"
"A","R7","Bin 5","A-R7-Bin5","CTN-A-0002","LOT-A-0002","MILK AC DOUBLE","QUILTED TEXTILE MILK","PCS","8907144259573","7","2026-09-18T05:10:01.996Z"
"A","R7","Bin 5","A-R7-Bin5","CTN-A-0003","LOT-A-0002","MILK AC DOUBLE","QUILTED TEXTILE MILK","PCS","8907144259573","7","2026-09-18T05:10:41.399Z"
"A","R7","Bin 5","A-R7-Bin5","CTN-A-0004","LOT-A-0002","MILK AC DOUBLE","QUILTED TEXTILE MILK","PCS","8907144259573","7","2026-09-18T05:11:22.480Z"
"A","R7","Bin 5","A-R7-Bin5","CTN-A-0005","LOT-A-0002","MILK AC DOUBLE","QUILTED TEXTILE MILK","PCS","8907144259573","7","2026-09-18T05:11:53.168Z"
"A","R7","Bin 5","A-R7-Bin5","CTN-A-0006","LOT-A-0006","MILK AC DOUBLE","QUILTED TEXTILE MILK","PCS","8907144259573","7","2026-09-18T05:12:20.496Z"
"A","R7","Bin 5","A-R7-Bin5","CTN-A-0007","LOT-A-0002","MILK AC DOUBLE","QUILTED TEXTILE MILK","PCS","8907144259573","7","2026-09-18T05:12:47.835Z"
"A","R7","Bin 6","A-R7-Bin6","CTN-A-0132","LOT-A-0002","SLEEPLOGY ACDBL ROS","QUILTED SLEEPOLOGY DOUBLE ROSE","PCS","8907144357750","8","2026-09-04T11:16:14.059Z"
"A","R7","Bin 6","A-R7-Bin6","CTN-A-0131","LOT-A-0002","SLEEPLOGY ACDBL ROS","QUILTED SLEEPOLOGY DOUBLE ROSE","PCS","8907144357750","9","2026-09-04T11:16:45.133Z"
"A","R7","Bin 6","A-R7-Bin6","CTN-A-0136","LOT-A-0002","SLEEPLOGY ACDBL CLD","QUILTED SLEEPOLOGY DOUBLE CLOUD","PCS","8907144357712","8","2026-09-04T11:17:55.053Z"
"A","R7","Bin 6","A-R7-Bin6","CTN-A-0137","LOT-A-0002","SLEEPLOGY ACDBL CLD","QUILTED SLEEPOLOGY DOUBLE CLOUD","PCS","8907144357712","8","2026-09-04T11:18:30.149Z"
"A","R7","Bin 7","A-R7-Bin7","CTN-A-0133","LOT-A-0002","SLEEPLOGY ACDBL CLD","QUILTED SLEEPOLOGY DOUBLE CLOUD","PCS","8907144357712","8","2026-09-04T11:18:54.815Z"
"A","R7","Bin 7","A-R7-Bin7","CTN-A-0129","LOT-A-0002","SLEEPLOGY ACDBL CLD","QUILTED SLEEPOLOGY DOUBLE CLOUD","PCS","8907144357712","8","2026-09-04T11:21:47.140Z"
"A","R7","Bin 7","A-R7-Bin7","CTN-A-0128","LOT-A-0002","SLEEPLOGY ACDBL CLD","QUILTED SLEEPOLOGY DOUBLE CLOUD","PCS","8907144357712","8","2026-09-04T11:19:40.870Z"
"A","R7","Bin 7","A-R7-Bin7","CTN-A-0134","LOT-A-0002","SLEEPLOGY ACDBL CLD","QUILTED SLEEPOLOGY DOUBLE CLOUD","PCS","8907144357712","8","2026-09-04T11:21:53.884Z"
"A","R7","Bin 7","A-R7-Bin7","CTN-A-0135","LOT-A-0002","SLEEPLOGY ACDBL CLD","QUILTED SLEEPOLOGY DOUBLE CLOUD","PCS","8907144357712","8","2026-09-04T11:20:31.791Z"
"A","R7","Bin 7","A-R7-Bin7","CTN-A-0138","LOT-A-0002","SLEEPLOGY ACDBL CLD","QUILTED SLEEPOLOGY DOUBLE CLOUD","PCS","8907144357712","8","2026-09-04T11:21:23.588Z"
"A","R7","Bin 7","A-R7-Bin7","CTN-A-0139","LOT-A-0002","SLEEPLOGY ACDBL CLD","QUILTED SLEEPOLOGY DOUBLE CLOUD","PCS","8907144357712","8","2026-09-04T11:22:25.476Z"
"A","R7","Bin 7","A-R7-Bin7","CTN-A-0140","LOT-A-0002","SLEEPLOGY ACDBL CLD","QUILTED SLEEPOLOGY DOUBLE CLOUD","PCS","8907144357712","8","2026-09-04T11:22:51.796Z"
"A","R7","Bin 7","A-R7-Bin7","CTN-A-0141","LOT-A-0002","SLEEPLOGY ACDBL CLD","QUILTED SLEEPOLOGY DOUBLE CLOUD","PCS","8907144357712","8","2026-09-04T11:23:12.900Z"
"A","R7","Bin 7","A-R7-Bin7","CTN-A-0142","LOT-A-0002","SLEEPLOGY ACDBL CLD","QUILTED SLEEPOLOGY DOUBLE CLOUD","PCS","8907144357712","8","2026-09-04T11:23:34.672Z"
"A","R7","Bin 7","A-R7-Bin7","CTN-A-0143","LOT-A-0002","SLEEPLOGY ACDBL CLD","QUILTED SLEEPOLOGY DOUBLE CLOUD","PCS","8907144357712","8","2026-09-04T11:23:57.012Z"
"A","R7","Bin 7","A-R7-Bin7","CTN-A-0144","LOT-A-0002","SLEEPLOGY ACDBL CLD","QUILTED SLEEPOLOGY DOUBLE CLOUD","PCS","8907144357712","8","2026-09-04T11:24:22.908Z"
"A","R7","Bin 7","A-R7-Bin7","CTN-A-0145","LOT-A-0002","SLEEPLOGY ACDBL CLD","QUILTED SLEEPOLOGY DOUBLE CLOUD","PCS","8907144357712","8","2026-09-04T11:24:49.628Z"
"A","R7","Bin 7","A-R7-Bin7","CTN-A-0130","LOT-A-0002","SLEEPLOGY ACDBL ROS","QUILTED SLEEPOLOGY DOUBLE ROSE","PCS","8907144357750","8","2026-09-04T11:25:18.078Z"
"A","R7","Bin 8","A-R7-Bin8","CTN-A-0016","LOT-A-0002","PILLOW ROYALE","Pillow","PCS","8907144254783","10","2026-09-15T09:19:15.794Z"
"A","R7","Bin 8","A-R7-Bin8","CTN-A-0017","LOT-A-0002","PILLOW ROYALE","Pillow","PCS","8907144254783","10","2026-09-15T09:19:40.925Z"
"A","R7","Bin 8","A-R7-Bin8","CTN-A-0008","LOT-A-0002","MILK AC DOUBLE","QUILTED TEXTILE MILK","PCS","8907144259573","7","2026-09-18T05:13:33.002Z"
"A","R7","Bin 8","A-R7-Bin8","CTN-A-0009","LOT-A-0002","MILK AC DOUBLE","QUILTED TEXTILE MILK","PCS","8907144259573","7","2026-09-18T05:13:57.288Z"
"A","R7","Bin 9","A-R7-Bin9","CTN-A-0003","LOT-A-0002","PILLOW ROYALE","Pillow","PCS","8907144254783","10","2026-09-15T09:09:57.055Z"
"A","R7","Bin 9","A-R7-Bin9","CTN-A-0001","LOT-A-0002","TENCEL AC SGL NA","QUILTED TEXTILE TENCEL SINGLE NA","PCS","8907144027622","8","2026-09-18T05:15:22.128Z"
"A","R7","Bin 9","A-R7-Bin9","CTN-A-0002","LOT-A-0002","TENCEL AC SGL NA","QUILTED TEXTILE TENCEL SINGLE NA","PCS","8907144027622","8","2026-09-18T05:15:46.201Z"
"A","R7","Bin 9","A-R7-Bin9","CTN-A-0003","LOT-A-0002","TENCEL AC SGL NA","QUILTED TEXTILE TENCEL SINGLE NA","PCS","8907144027622","8","2026-09-18T05:16:13.368Z"
"A","R7","Bin 9","A-R7-Bin9","CTN-A-0004","LOT-A-0002","TENCEL AC SGL NA","QUILTED TEXTILE TENCEL SINGLE NA","PCS","8907144027622","8","2026-09-18T05:16:46.020Z"
"A","R7","Bin 9","A-R7-Bin9","CTN-A-0005","LOT-A-0002","TENCEL AC SGL NA","QUILTED TEXTILE TENCEL SINGLE NA","PCS","8907144027622","8","2026-09-18T05:17:11.688Z"
"A","R7","Bin 9","A-R7-Bin9","CTN-A-0006","LOT-A-0002","TENCEL AC SGL NA","QUILTED TEXTILE TENCEL SINGLE NA","PCS","8907144027622","8","2026-09-18T05:17:37.544Z"
"A","R7","Bin 9","A-R7-Bin9","CTN-A-0007","LOT-A-0002","TENCEL AC SGL NA","QUILTED TEXTILE TENCEL SINGLE NA","PCS","8907144027622","8","2026-09-18T05:18:16.576Z"
"A","R7","Bin 9","A-R7-Bin9","CTN-A-0008","LOT-A-0002","TENCEL AC SGL NA","QUILTED TEXTILE TENCEL SINGLE NA","PCS","8907144027622","8","2026-09-18T05:18:45.056Z"
"A","R8","Bin 1","A-R8-Bin1","CTN-A-0011","LOT-A-0001","LAVENDER W DBL N","QUILTED TEXTILE LAVENDER","PCS","8907144259795","4","2026-09-18T10:05:46.161Z"
"A","R8","Bin 1","A-R8-Bin1","CTN-A-0012","LOT-A-0001","LAVENDER W DBL N","QUILTED TEXTILE LAVENDER","PCS","8907144259795","4","2026-09-18T10:06:09.961Z"
"A","R8","Bin 1","A-R8-Bin1","CTN-A-0013","LOT-A-0001","LAVENDER W DBL N","QUILTED TEXTILE LAVENDER","PCS","8907144259795","4","2026-09-18T10:06:32.649Z"
"A","R8","Bin 1","A-R8-Bin1","CTN-A-0014","LOT-A-0001","LAVENDER W DBL N","QUILTED TEXTILE LAVENDER","PCS","8907144259795","4","2026-09-18T10:07:01.510Z"
"A","R8","Bin 10","A-R8-Bin10","CTN-A-0011","LOT-A-0002","PILLOW MILK","Pillow Milk","PCS","8907144263440","12","2026-09-15T13:13:56.850Z"
"A","R8","Bin 10","A-R8-Bin10","CTN-A-0012","LOT-A-0002","PILLOW MILK","Pillow Milk","PCS","8907144263440","12","2026-09-15T13:19:14.638Z"
"A","R8","Bin 10","A-R8-Bin10","CTN-A-0013","LOT-A-0002","PILLOW MILK","Pillow Milk","PCS","8907144263440","12","2026-09-15T13:19:24.481Z"
"A","R8","Bin 10","A-R8-Bin10","CTN-A-0014","LOT-A-0002","PILLOW MILK","Pillow Milk","PCS","8907144263440","12","2026-09-15T13:19:34.573Z"
"A","R8","Bin 10","A-R8-Bin10","CTN-A-0017","LOT-A-0002","PILLOW MILK","Pillow Milk","PCS","8907144263440","12","2026-09-15T13:19:57.748Z"
"A","R8","Bin 10","A-R8-Bin10","CTN-A-0018","LOT-A-0002","PILLOW MILK","Pillow Milk","PCS","8907144263440","12","2026-09-15T13:20:09.439Z"
"A","R8","Bin 10","A-R8-Bin10","CTN-A-0019","LOT-A-0002","PILLOW MILK","Pillow Milk","PCS","8907144263440","12","2026-09-15T13:20:21.465Z"
"A","R8","Bin 10","A-R8-Bin10","CTN-A-0020","LOT-A-0002","PILLOW MILK","Pillow Milk","PCS","8907144263440","12","2026-09-15T13:20:56.412Z"
"A","R8","Bin 10","A-R8-Bin10","CTN-A-0021","LOT-A-0002","PILLOW MILK","Pillow Milk","PCS","8907144263440","12","2026-09-15T13:21:21.454Z"
"A","R8","Bin 10","A-R8-Bin10","CTN-A-0022","LOT-A-0002","PILLOW MILK","Pillow Milk","PCS","8907144263440","12","2026-09-15T13:21:49.640Z"
"A","R8","Bin 11","A-R8-Bin11","CTN-A-0004","LOT-A-0001","LAVENDER AC DBLN","QUILTED TEXTILE LAVENDER","PCS","8907144259580","6","2026-09-21T05:10:41.167Z"
"A","R8","Bin 11","A-R8-Bin11","CTN-A-0005","LOT-A-0001","LAVENDER AC DBLN","QUILTED TEXTILE LAVENDER","PCS","8907144259580","6","2026-09-21T05:11:19.036Z"
"A","R8","Bin 11","A-R8-Bin11","CTN-A-0007","LOT-A-0001","LAVENDER AC DBLN","QUILTED TEXTILE LAVENDER","PCS","8907144259580","6","2026-09-21T05:11:51.848Z"
"A","R8","Bin 11","A-R8-Bin11","CTN-A-0008","LOT-A-0001","LAVENDER AC DBLN","QUILTED TEXTILE LAVENDER","PCS","8907144259580","6","2026-09-21T05:12:18.620Z"
"A","R8","Bin 11","A-R8-Bin11","CTN-A-0009","LOT-A-0001","LAVENDER AC DBLN","QUILTED TEXTILE LAVENDER","PCS","8907144259580","6","2026-09-21T05:12:45.199Z"
"A","R8","Bin 11","A-R8-Bin11","CTN-A-0012","LOT-A-0001","LAVENDER AC DBLN","QUILTED TEXTILE LAVENDER","PCS","8907144259580","6","2026-09-21T05:14:26.639Z"
"A","R8","Bin 12","A-R8-Bin12","CTN-A-0007","LOT-A-0001","ALOVERA DBL NA","QUILTED TEXTILE ALOEVERA","PCS","8907144027592","7","2026-09-15T12:12:03.589Z"
"A","R8","Bin 12","A-R8-Bin12","CTN-A-0001","LOT-A-0001","ALOVERA SINGLE","QUILTED TEXTILE ALOEVERA","PCS","8907144500866","11","2026-09-17T12:10:51.273Z"
"A","R8","Bin 12","A-R8-Bin12","CTN-A-0002","LOT-A-0001","ALOVERA SINGLE","QUILTED TEXTILE ALOEVERA","PCS","8907144500866","11","2026-09-17T12:11:26.371Z"
"A","R8","Bin 12","A-R8-Bin12","CTN-A-0003","LOT-A-0001","ALOVERA SINGLE","QUILTED TEXTILE ALOEVERA","PCS","8907144500866","11","2026-09-17T12:11:58.127Z"
"A","R8","Bin 13","A-R8-Bin13","CTN-A-0001","LOT-A-0001","ALOVERA DBL NA","QUILTED TEXTILE ALOEVERA","PCS","8907144027592","7","2026-09-15T12:08:45.308Z"
"A","R8","Bin 13","A-R8-Bin13","CTN-A-0002","LOT-A-0001","ALOVERA DBL NA","QUILTED TEXTILE ALOEVERA","PCS","8907144027592","7","2026-09-15T12:09:07.793Z"
"A","R8","Bin 13","A-R8-Bin13","CTN-A-0003","LOT-A-0001","ALOVERA DBL NA","QUILTED TEXTILE ALOEVERA","PCS","8907144027592","7","2026-09-15T12:09:38.451Z"
"A","R8","Bin 13","A-R8-Bin13","CTN-A-0004","LOT-A-0001","ALOVERA DBL NA","QUILTED TEXTILE ALOEVERA","PCS","8907144027592","7","2026-09-15T12:10:10.295Z"
"A","R8","Bin 13","A-R8-Bin13","CTN-A-0005","LOT-A-0001","ALOVERA DBL NA","QUILTED TEXTILE ALOEVERA","PCS","8907144027592","7","2026-09-15T12:10:40.394Z"
"A","R8","Bin 13","A-R8-Bin13","CTN-A-0006","LOT-A-0001","ALOVERA DBL NA","QUILTED TEXTILE ALOEVERA","PCS","8907144027592","7","2026-09-15T12:11:09.876Z"
"A","R8","Bin 14","A-R8-Bin14","CTN-A-0010","LOT-A-0001","LAVENDER AC DBLN","QUILTED TEXTILE LAVENDER","PCS","8907144259580","6","2026-09-21T05:13:11.012Z"
"A","R8","Bin 14","A-R8-Bin14","CTN-A-0011","LOT-A-0001","LAVENDER AC DBLN","QUILTED TEXTILE LAVENDER","PCS","8907144259580","6","2026-09-21T05:13:56.256Z"
"A","R8","Bin 14","A-R8-Bin14","CTN-A-0001","LOT-A-0001","LAVENDER AC SGL","QUILTED TEXTILE LAVENDER","PCS","8907144581131","11","2026-09-21T05:20:39.367Z"
"A","R8","Bin 14","A-R8-Bin14","CTN-A-0001","LOT-A-0001","MILK WIN SINGLE","QUILTED TEXTILE MILK","PCS","8907144971062","5","2026-09-22T14:14:37.257Z"
"A","R8","Bin 15","A-R8-Bin15","CTN-A-0001","LOT-A-0002","PILLOW MILK","Pillow Milk","PCS","8907144263440","12","2026-09-18T09:14:32.070Z"
"A","R8","Bin 15","A-R8-Bin15","CTN-A-0002","LOT-A-0002","PILLOW MILK","Pillow Milk","PCS","8907144263440","12","2026-09-15T13:09:14.270Z"
"A","R8","Bin 15","A-R8-Bin15","CTN-A-0003","LOT-A-0002","PILLOW MILK","Pillow Milk","PCS","8907144263440","12","2026-09-15T13:09:39.130Z"
"A","R8","Bin 15","A-R8-Bin15","CTN-A-0004","LOT-A-0002","PILLOW MILK","Pillow Milk","PCS","8907144263440","12","2026-09-15T13:10:11.190Z"
"A","R8","Bin 15","A-R8-Bin15","CTN-A-0005","LOT-A-0002","PILLOW MILK","Pillow Milk","PCS","8907144263440","12","2026-09-15T13:10:57.999Z"
"A","R8","Bin 15","A-R8-Bin15","CTN-A-0006","LOT-A-0002","PILLOW MILK","Pillow Milk","PCS","8907144263440","12","2026-09-15T13:11:34.516Z"
"A","R8","Bin 15","A-R8-Bin15","CTN-A-0007","LOT-A-0002","PILLOW MILK","Pillow Milk","PCS","8907144263440","12","2026-09-15T13:11:58.968Z"
"A","R8","Bin 15","A-R8-Bin15","CTN-A-0008","LOT-A-1311","PILLOW MILK","Pillow Milk","PCS","8907144263440","12","2026-09-15T13:12:24.504Z"
"A","R8","Bin 15","A-R8-Bin15","CTN-A-0009","LOT-A-0002","PILLOW MILK","Pillow Milk","PCS","8907144263440","12","2026-09-15T13:12:59.292Z"
"A","R8","Bin 15","A-R8-Bin15","CTN-A-0010","LOT-A-0002","PILLOW MILK","Pillow Milk","PCS","8907144263440","12","2026-09-15T13:13:31.864Z"
"A","R8","Bin 15","A-R8-Bin15","CTN-A-0002","LOT-A-0001","SOYABEAN WINTER SGL","QUILTED TEXTILE SOYABEAN SINGLE","PCS","8907144259825","7","2026-09-21T14:05:27.838Z"
"A","R8","Bin 16","A-R8-Bin16","CTN-A-0001","LOT-A-0001","SOYABEAN WINTER SGL","QUILTED TEXTILE SOYABEAN SINGLE","PCS","8907144259825","7","2026-09-21T14:05:04.771Z"
"A","R8","Bin 16","A-R8-Bin16","CTN-A-0003","LOT-A-0001","SOYABEAN WINTER SGL","QUILTED TEXTILE SOYABEAN SINGLE","PCS","8907144259825","3","2026-09-21T14:05:54.516Z"
"A","R8","Bin 16","A-R8-Bin16","CTN-A-0004","LOT-A-0001","SOYABEAN WINTER SGL","QUILTED TEXTILE SOYABEAN SINGLE","PCS","8907144259825","7","2026-09-21T14:06:44.132Z"
"A","R8","Bin 16","A-R8-Bin16","CTN-A-0005","LOT-A-0001","SOYABEAN WINTER SGL","QUILTED TEXTILE SOYABEAN SINGLE","PCS","8907144259825","7","2026-09-21T14:07:25.082Z"
"A","R8","Bin 16","A-R8-Bin16","CTN-A-0006","LOT-A-0001","SOYABEAN WINTER SGL","QUILTED TEXTILE SOYABEAN SINGLE","PCS","8907144259825","7","2026-09-21T14:08:10.936Z"
"A","R8","Bin 17","A-R8-Bin17","CTN-A-0015","LOT-A-0001","SOYABEAN AC DBL NA","QUILTED TEXTILE SOYABEAN DOUBLE","PCS","8907144027646","9","2026-09-21T06:22:04.950Z"
"A","R8","Bin 17","A-R8-Bin17","CTN-A-0016","LOT-A-0001","SOYABEAN AC DBL NA","QUILTED TEXTILE SOYABEAN DOUBLE","PCS","8907144027646","9","2026-09-21T06:22:39.998Z"
"A","R8","Bin 17","A-R8-Bin17","CTN-A-0017","LOT-A-0001","SOYABEAN AC DBL NA","QUILTED TEXTILE SOYABEAN DOUBLE","PCS","8907144027646","9","2026-09-21T06:23:43.812Z"
"A","R8","Bin 17","A-R8-Bin17","CTN-A-0018","LOT-A-0001","SOYABEAN AC DBL NA","QUILTED TEXTILE SOYABEAN DOUBLE","PCS","8907144027646","9","2026-09-21T06:24:25.510Z"
"A","R8","Bin 17","A-R8-Bin17","CTN-A-0019","LOT-A-0001","SOYABEAN AC DBL NA","QUILTED TEXTILE SOYABEAN DOUBLE","PCS","8907144027646","9","2026-09-21T06:24:56.829Z"
"A","R8","Bin 17","A-R8-Bin17","CTN-A-0020","LOT-A-0001","SOYABEAN AC DBL NA","QUILTED TEXTILE SOYABEAN DOUBLE","PCS","8907144027646","9","2026-09-21T06:25:47.627Z"
"A","R8","Bin 17","A-R8-Bin17","CTN-A-0021","LOT-A-0001","SOYABEAN AC DBL NA","QUILTED TEXTILE SOYABEAN DOUBLE","PCS","8907144027646","9","2026-09-21T06:26:29.206Z"
"A","R8","Bin 18","A-R8-Bin18","CTN-A-0167","LOT-A-0002","TWL ROM 75X150 FUS","The Roman Bath Towel","PCS","8907144270639","18","2026-09-04T10:27:51.401Z"
"A","R8","Bin 18","A-R8-Bin18","CTN-A-0168","LOT-A-0002","TWL ROM 75X150 FUS","The Roman Bath Towel","PCS","8907144270639","18","2026-09-04T10:28:16.356Z"
"A","R8","Bin 18","A-R8-Bin18","CTN-A-0169","LOT-A-0002","TWL ROM 75X150 WT","The Roman Bath Towel","PCS","8907144270608","18","2026-09-04T10:28:51.692Z"
"A","R8","Bin 18","A-R8-Bin18","CTN-A-0170","LOT-A-0002","TWL ROM 75X150 WT","The Roman Bath Towel","PCS","8907144270608","18","2026-09-04T10:30:38.863Z"
"A","R8","Bin 18","A-R8-Bin18","CTN-A-0171","LOT-A-0002","TWL ROM 75X150 WT","The Roman Bath Towel","PCS","8907144270608","18","2026-09-04T10:31:02.893Z"
"A","R8","Bin 18","A-R8-Bin18","CTN-A-0172","LOT-A-0002","TWL ROM 75X150 WT","The Roman Bath Towel","PCS","8907144270608","18","2026-09-04T10:31:37.590Z"
"A","R8","Bin 18","A-R8-Bin18","CTN-A-0173","LOT-A-0002","TWL ROM 75X150 WT","The Roman Bath Towel","PCS","8907144270608","18","2026-09-04T10:32:04.804Z"
"A","R8","Bin 18","A-R8-Bin18","CTN-A-0176","LOT-A-0002","TWL ROM 75X150 WT","The Roman Bath Towel","PCS","8907144270608","18","2026-09-04T10:33:20.636Z"
"A","R8","Bin 18","A-R8-Bin18","CTN-A-0175","LOT-A-0002","TWL ROM 75X150 WT","The Roman Bath Towel","PCS","8907144270608","18","2026-09-04T10:33:08.101Z"
"A","R8","Bin 18","A-R8-Bin18","CTN-A-0177","LOT-A-0002","TWL ROM 75X150 WT","The Roman Bath Towel","PCS","8907144270608","18","2026-09-04T10:35:31.835Z"
"A","R8","Bin 18","A-R8-Bin18","CTN-A-0178","LOT-A-0002","TWL ROM 75X150 WT","The Roman Bath Towel","PCS","8907144270608","18","2026-09-04T10:35:56.989Z"
"A","R8","Bin 18","A-R8-Bin18","CTN-A-0179","LOT-A-0002","TWL ROM 75X150 WT","The Roman Bath Towel","PCS","8907144270608","18","2026-09-04T10:36:23.629Z"
"A","R8","Bin 18","A-R8-Bin18","CTN-A-0180","LOT-A-0002","TWL ROM 75X150 WT","The Roman Bath Towel","PCS","8907144270608","18","2026-09-04T10:36:51.771Z"
"A","R8","Bin 18","A-R8-Bin18","CTN-A-0181","LOT-A-0002","TWL ROM 75X150 WT","The Roman Bath Towel","PCS","8907144270608","18","2026-09-04T10:37:17.067Z"
"A","R8","Bin 18","A-R8-Bin18","CTN-A-0182","LOT-A-0002","TWL ROM 75X150 WT","The Roman Bath Towel","PCS","8907144270608","18","2026-09-04T10:37:42.251Z"
"A","R8","Bin 18","A-R8-Bin18","CTN-A-0183","LOT-A-0002","TWL ROM 75X150 WT","The Roman Bath Towel","PCS","8907144270608","18","2026-09-04T10:38:08.843Z"
"A","R8","Bin 18","A-R8-Bin18","CTN-A-0184","LOT-A-0002","TWL ROM 75X150 WT","The Roman Bath Towel","PCS","8907144270608","18","2026-09-04T10:38:54.003Z"
"A","R8","Bin 18","A-R8-Bin18","CTN-A-0174","LOT-A-0002","TWL ROM 75X150 BK","The Roman Bath Towel","PCS","8907144270684","18","2026-09-04T10:39:50.881Z"
"A","R8","Bin 2","A-R8-Bin2","CTN-A-0006","LOT-A-0001","LAVENDER W DBL N","QUILTED TEXTILE LAVENDER","PCS","8907144259795","4","2026-09-18T12:05:49.000Z"
"A","R8","Bin 2","A-R8-Bin2","CTN-A-0007","LOT-A-0001","LAVENDER W DBL N","QUILTED TEXTILE LAVENDER","PCS","8907144259795","4","2026-09-18T12:06:14.958Z"
"A","R8","Bin 2","A-R8-Bin2","CTN-A-0008","LOT-A-0001","LAVENDER W DBL N","QUILTED TEXTILE LAVENDER","PCS","8907144259795","4","2026-09-18T12:07:37.414Z"
"A","R8","Bin 2","A-R8-Bin2","CTN-A-0009","LOT-A-0001","LAVENDER W DBL N","QUILTED TEXTILE LAVENDER","PCS","8907144259795","4","2026-09-18T12:08:32.464Z"
"A","R8","Bin 2","A-R8-Bin2","CTN-A-0010","LOT-A-0001","LAVENDER W DBL N","QUILTED TEXTILE LAVENDER","PCS","8907144259795","4","2026-09-18T12:09:01.546Z"
"A","R8","Bin 2","A-R8-Bin2","CTN-A-0002","LOT-A-0001","LAVENDER W SGL N","QUILTED TEXTILE LAVENDER","PCS","8907144259801","7","2026-09-19T05:58:21.300Z"
"A","R8","Bin 2","A-R8-Bin2","CTN-A-0003","LOT-A-0001","LAVENDER W SGL N","QUILTED TEXTILE LAVENDER","PCS","8907144259801","7","2026-09-19T05:58:59.747Z"
"A","R8","Bin 2","A-R8-Bin2","CTN-A-0004","LOT-A-0001","LAVENDER W SGL N","QUILTED TEXTILE LAVENDER","PCS","8907144259801","7","2026-09-19T05:59:54.157Z"
"A","R8","Bin 3","A-R8-Bin3","CTN-A-0001","LOT-A-0001","LAVENDER W DBL N","QUILTED TEXTILE LAVENDER","PCS","8907144259795","4","2026-09-18T12:09:29.278Z"
"A","R8","Bin 3","A-R8-Bin3","CTN-A-0002","LOT-A-0001","LAVENDER W DBL N","QUILTED TEXTILE LAVENDER","PCS","8907144259795","4","2026-09-18T12:09:52.606Z"
"A","R8","Bin 3","A-R8-Bin3","CTN-A-0003","LOT-A-0001","LAVENDER W DBL N","QUILTED TEXTILE LAVENDER","PCS","8907144259795","4","2026-09-18T12:10:19.430Z"
"A","R8","Bin 3","A-R8-Bin3","CTN-A-0004","LOT-A-0001","LAVENDER W DBL N","QUILTED TEXTILE LAVENDER","PCS","8907144259795","4","2026-09-18T12:10:52.703Z"
"A","R8","Bin 3","A-R8-Bin3","CTN-A-0005","LOT-A-0001","LAVENDER W DBL N","QUILTED TEXTILE LAVENDER","PCS","8907144259795","4","2026-09-18T12:11:28.459Z"
"A","R8","Bin 3","A-R8-Bin3","CTN-A-0006","LOT-A-0001","LAVENDER W SGL N","QUILTED TEXTILE LAVENDER","PCS","8907144259801","5","2026-09-19T06:00:27.979Z"
"A","R8","Bin 3","A-R8-Bin3","CTN-A-0005","LOT-A-0001","LAVENDER W SGL N","QUILTED TEXTILE LAVENDER","PCS","8907144259801","6","2026-09-19T06:01:02.503Z"
"A","R8","Bin 6","A-R8-Bin6","CTN-A-0001","LOT-A-0001","QLT TEMPRCN DOUBLE","QUILTED TEXTILE TEMPRATURE CONTROL","PCS","8907144136393","4","2026-09-18T12:15:17.710Z"
"A","R8","Bin 6","A-R8-Bin6","CTN-A-0002","LOT-A-0001","QLT TEMPRCN DOUBLE","QUILTED TEXTILE TEMPRATURE CONTROL","PCS","8907144136393","4","2026-09-18T12:15:39.790Z"
"A","R8","Bin 6","A-R8-Bin6","CTN-A-0003","LOT-A-0001","QLT TEMPRCN DOUBLE","QUILTED TEXTILE TEMPRATURE CONTROL","PCS","8907144136393","4","2026-09-18T12:16:07.319Z"
"A","R8","Bin 6","A-R8-Bin6","CTN-A-0004","LOT-A-0001","QLT TEMPRCN DOUBLE","QUILTED TEXTILE TEMPRATURE CONTROL","PCS","8907144136393","4","2026-09-18T12:16:35.773Z"
"A","R8","Bin 6","A-R8-Bin6","CTN-A-0005","LOT-A-0001","QLT TEMPRCN DOUBLE","QUILTED TEXTILE TEMPRATURE CONTROL","PCS","8907144136393","4","2026-09-18T12:17:03.919Z"
"A","R8","Bin 6","A-R8-Bin6","CTN-A-0006","LOT-A-0001","QLT TEMPRCN DOUBLE","QUILTED TEXTILE TEMPRATURE CONTROL","PCS","8907144136393","4","2026-09-18T12:19:59.094Z"
"A","R8","Bin 6","A-R8-Bin6","CTN-A-0007","LOT-A-0001","QLT TEMPRCN DOUBLE","QUILTED TEXTILE TEMPRATURE CONTROL","PCS","8907144136393","4","2026-09-18T12:20:29.306Z"
"A","R8","Bin 6","A-R8-Bin6","CTN-A-0008","LOT-A-0001","QLT TEMPRCN DOUBLE","QUILTED TEXTILE TEMPRATURE CONTROL","PCS","8907144136393","4","2026-09-18T12:20:53.654Z"
"A","R8","Bin 6","A-R8-Bin6","CTN-A-0012","LOT-A-0001","QLT TEMPRCN DOUBLE","QUILTED TEXTILE TEMPRATURE CONTROL","PCS","8907144136393","4","2026-09-18T12:21:18.806Z"
"A","R8","Bin 6","A-R8-Bin6","CTN-A-0013","LOT-A-0001","QLT TEMPRCN DOUBLE","QUILTED TEXTILE TEMPRATURE CONTROL","PCS","8907144136393","4","2026-09-18T12:21:59.878Z"
"A","R8","Bin 6","A-R8-Bin6","CTN-A-0014","LOT-A-0001","QLT TEMPRCN DOUBLE","QUILTED TEXTILE TEMPRATURE CONTROL","PCS","8907144136393","4","2026-09-18T12:23:08.241Z"
"A","R8","Bin 6","A-R8-Bin6","CTN-A-0015","LOT-A-0001","QLT TEMPRCN DOUBLE","QUILTED TEXTILE TEMPRATURE CONTROL","PCS","8907144136393","4","2026-09-18T12:23:44.166Z"
"A","R8","Bin 7","A-R8-Bin7","CTN-A-0008","LOT-A-0001","ALOVERA DBL NA","QUILTED TEXTILE ALOEVERA","PCS","8907144027592","7","2026-09-15T12:12:33.328Z"
"A","R8","Bin 7","A-R8-Bin7","CTN-A-0009","LOT-A-0001","ALOVERA DBL NA","QUILTED TEXTILE ALOEVERA","PCS","8907144027592","7","2026-09-15T12:13:01.424Z"
"A","R8","Bin 7","A-R8-Bin7","CTN-A-0016","LOT-A-0001","QLT TEMPRCN DOUBLE","QUILTED TEXTILE TEMPRATURE CONTROL","PCS","8907144136393","4","2026-09-18T12:24:47.126Z"
"A","R8","Bin 7","A-R8-Bin7","CTN-A-0009","LOT-A-0001","QLT TEMPRCN DOUBLE","QUILTED TEXTILE TEMPRATURE CONTROL","PCS","8907144136393","4","2026-09-19T05:54:47.652Z"
"A","R8","Bin 7","A-R8-Bin7","CTN-A-0010","LOT-A-0001","QLT TEMPRCN DOUBLE","QUILTED TEXTILE TEMPRATURE CONTROL","PCS","8907144136393","4","2026-09-19T05:55:46.157Z"
"A","R8","Bin 7","A-R8-Bin7","CTN-A-0011","LOT-A-0001","QLT TEMPRCN DOUBLE","QUILTED TEXTILE TEMPRATURE CONTROL","PCS","8907144136393","4","2026-09-19T05:56:36.267Z"
"A","R8","Bin 8","A-R8-Bin8","CTN-A-0001","LOT-A-0001","LAVENDER W SGL N","QUILTED TEXTILE LAVENDER","PCS","8907144259801","7","2026-09-19T05:57:32.252Z"
"A","R8","Bin 8","A-R8-Bin8","CTN-A-0001","LOT-A-0001","LAVENDER AC DBLN","QUILTED TEXTILE LAVENDER","PCS","8907144259580","6","2026-09-19T06:02:24.531Z"
"A","R8","Bin 8","A-R8-Bin8","CTN-A-0002","LOT-A-0001","LAVENDER AC DBLN","QUILTED TEXTILE LAVENDER","PCS","8907144259580","6","2026-09-19T06:03:20.602Z"
"A","R8","Bin 8","A-R8-Bin8","CTN-A-0003","LOT-A-0001","LAVENDER AC DBLN","QUILTED TEXTILE LAVENDER","PCS","8907144259580","6","2026-09-21T05:10:16.048Z"
"A","R8","Bin 8","A-R8-Bin8","CTN-A-0007","LOT-A-0001","QLT SOFTELLE ACSG 03","SOFTELLE QUILT DENIM LIGHT GREY","PCS","8907144387818","10","2026-09-22T06:08:20.847Z"
"A","R8","Bin 9","A-R8-Bin9","CTN-A-0026","LOT-A-0002","PILLOW MILK","Pillow Milk","PCS","8907144263440","12","2026-09-15T13:23:44.096Z"
"A","R8","Bin 9","A-R8-Bin9","CTN-A-0027","LOT-A-0002","PILLOW MILK","Pillow Milk","PCS","8907144263440","12","2026-09-15T13:24:09.663Z"
"A","R9","Bin 1","A-R9-Bin1","CTN-A-0001","LOT-A-0001","QLT SOFTELLE WSGL 02","SOFTELLE QUILT GREY DENIM","PCS","8907144387894","8","2026-09-21T14:11:58.740Z"
"A","R9","Bin 1","A-R9-Bin1","CTN-A-0002","LOT-A-0001","QLT SOFTELLE WSGL 02","SOFTELLE QUILT GREY DENIM","PCS","8907144387894","8","2026-09-21T14:12:32.716Z"
"A","R9","Bin 1","A-R9-Bin1","CTN-A-0001","LOT-A-0001","QLT SOFTELLE WDBL 02","SOFTELLE QUILT GREY DENIM","PCS","8907144387856","4","2026-09-22T05:09:58.264Z"
"A","R9","Bin 1","A-R9-Bin1","CTN-A-0006","LOT-A-0001","QLT SOFTELLE ACDB 02","SOFTELLE QUILT GREY DENIM","PCS","8907144387757","3","2026-09-22T05:58:25.527Z"
"A","R9","Bin 1","A-R9-Bin1","CTN-A-0006","LOT-A-0001","QLT SOFTELLE ACDB 03","SOFTELLE QUILT DENIM LIGHT GREY","PCS","8907144387764","2","2026-09-22T05:58:59.212Z"
"A","R9","Bin 1","A-R9-Bin1","CTN-A-0006","LOT-A-0001","QLT SOFTELLE ACDB 05","SOFTELLE QUILT GREY LIGHT GREY","PCS","8907144387788","1","2026-09-22T05:59:28.827Z"
"A","R9","Bin 1","A-R9-Bin1","CTN-A-0005","LOT-A-0001","QLT SOFTELLE ACSG 01","SOFTELLE QUILT GREY BEIGE","PCS","8907144387795","10","2026-09-22T06:13:14.167Z"
"A","R9","Bin 10","A-R9-Bin10","CTN-A-0001","LOT-A-0002","QUILT AC STR DBL","Quilt Star Embossed White","PCS","8907144144381","9","2026-09-22T11:46:44.454Z"
"A","R9","Bin 10","A-R9-Bin10","CTN-A-0002","LOT-A-0002","QUILT AC STR DBL","Quilt Star Embossed White","PCS","8907144144381","9","2026-09-22T11:47:15.431Z"
"A","R9","Bin 10","A-R9-Bin10","CTN-A-0003","LOT-A-0002","QUILT AC STR DBL","Quilt Star Embossed White","PCS","8907144144381","9","2026-09-22T11:47:51.703Z"
"A","R9","Bin 11","A-R9-Bin11","CTN-A-0203","LOT-A-0002","TWL ROM 75X150 CR","The Roman Bath Towel","PCS","8907144270653","18","2026-09-04T10:56:53.201Z"
"A","R9","Bin 11","A-R9-Bin11","CTN-A-0204","LOT-A-0002","TWL ROM 75X150 CR","The Roman Bath Towel","PCS","8907144270653","18","2026-09-04T10:57:21.961Z"
"A","R9","Bin 11","A-R9-Bin11","CTN-A-0206","LOT-A-0002","TWL ROM 75X150 CR","The Roman Bath Towel","PCS","8907144270653","18","2026-09-04T10:57:57.536Z"
"A","R9","Bin 11","A-R9-Bin11","CTN-A-0208","LOT-A-0002","TWL ROM 75X150 CR","The Roman Bath Towel","PCS","8907144270653","18","2026-09-04T10:58:33.976Z"
"A","R9","Bin 11","A-R9-Bin11","CTN-A-0210","LOT-A-0002","TWL ROM 75X150 CR","The Roman Bath Towel","PCS","8907144270653","18","2026-09-04T10:59:23.751Z"
"A","R9","Bin 11","A-R9-Bin11","CTN-A-0214","LOT-A-0002","TWL ROM 75X150 CR","The Roman Bath Towel","PCS","8907144270653","18","2026-09-04T10:59:54.272Z"
"A","R9","Bin 11","A-R9-Bin11","CTN-A-0205","LOT-A-0002","TWL ROM 75X150 GLD","The Roman Bath Towel","PCS","8907144270691","18","2026-09-04T11:01:23.373Z"
"A","R9","Bin 11","A-R9-Bin11","CTN-A-0217","LOT-A-0002","TWL ROM 75X150 GLD","The Roman Bath Towel","PCS","8907144270691","18","2026-09-04T11:02:28.137Z"
"A","R9","Bin 11","A-R9-Bin11","CTN-A-0211","LOT-A-0002","TWL ROM 75X150 BR","The Roman Bath Towel","PCS","8907144270660","18","2026-09-04T11:03:05.595Z"
"A","R9","Bin 11","A-R9-Bin11","CTN-A-0215","LOT-A-0002","TWL ROM 75X150 FUS","The Roman Bath Towel","PCS","8907144270639","18","2026-09-04T11:03:48.495Z"
"A","R9","Bin 11","A-R9-Bin11","CTN-A-0207","LOT-A-0002","TWL ROM 75X150 WT","The Roman Bath Towel","PCS","8907144270608","18","2026-09-04T11:04:20.529Z"
"A","R9","Bin 11","A-R9-Bin11","CTN-A-0213","LOT-A-0002","TWL ROM 75X150 WT","The Roman Bath Towel","PCS","8907144270608","18","2026-09-04T11:04:51.050Z"
"A","R9","Bin 11","A-R9-Bin11","CTN-A-0216","LOT-A-0002","TWL ROM 75X150 WT","The Roman Bath Towel","PCS","8907144270608","18","2026-09-04T11:05:19.495Z"
"A","R9","Bin 11","A-R9-Bin11","CTN-A-0209","LOT-A-0002","TWL ROM 75X150 MOS","The Roman Bath Towel","PCS","8907144270646","18","2026-09-04T11:05:46.720Z"
"A","R9","Bin 11","A-R9-Bin11","CTN-A-0212","LOT-A-0002","TWL ROM 75X150 MOS","The Roman Bath Towel","PCS","8907144270646","18","2026-09-04T11:06:20.134Z"
"A","R9","Bin 12","A-R9-Bin12","CTN-A-0003","LOT-A-0001","QLT SOFTELLE WSGL 02","SOFTELLE QUILT GREY DENIM","PCS","8907144387894","8","2026-09-21T14:13:24.932Z"
"A","R9","Bin 12","A-R9-Bin12","CTN-A-0005","LOT-A-0001","QLT SOFTELLE WSGL 04","SOFTELLE QUILT BEIGE IVORY","PCS","8907144387917","6","2026-09-21T14:17:03.865Z"
"A","R9","Bin 12","A-R9-Bin12","CTN-A-0005","LOT-A-0001","QLT SOFTELLE WSGL 05","SOFTELLE QUILT GREY LIGHT GREY","PCS","8907144387924","1","2026-09-22T05:01:52.186Z"
"A","R9","Bin 12","A-R9-Bin12","CTN-A-0002","LOT-A-0001","QLT SOFTELLE WDBL 01","SOFTELLE QUILT GREY BEIGE","PCS","8907144387849","4","2026-09-22T05:10:26.969Z"
"A","R9","Bin 12","A-R9-Bin12","CTN-A-0003","LOT-A-0001","QLT SOFTELLE ACDB 04","SOFTELLE QUILT BEIGE IVORY","PCS","8907144387771","6","2026-09-22T05:56:34.960Z"
"A","R9","Bin 12","A-R9-Bin12","CTN-A-0004","LOT-A-0001","QLT SOFTELLE ACDB 05","SOFTELLE QUILT GREY LIGHT GREY","PCS","8907144387788","6","2026-09-22T05:57:08.792Z"
"A","R9","Bin 13","A-R9-Bin13","CTN-A-0005","LOT-A-0001","QLT SOFTELLE WDBL 03","SOFTELLE QUILT DENIM LIGHT GREY","PCS","8907144387863","5","2026-09-22T05:14:35.061Z"
"A","R9","Bin 13","A-R9-Bin13","CTN-A-0001","LOT-A-0001","QLT SOFTELLE ACDB 05","SOFTELLE QUILT GREY LIGHT GREY","PCS","8907144387788","6","2026-09-22T05:55:31.184Z"
"A","R9","Bin 13","A-R9-Bin13","CTN-A-0002","LOT-A-0001","QLT SOFTELLE ACDB 04","SOFTELLE QUILT BEIGE IVORY","PCS","8907144387771","6","2026-09-22T05:56:01.167Z"
"A","R9","Bin 13","A-R9-Bin13","CTN-A-0001","LOT-A-0001","QLT SOFTELLE ACSG 05","SOFTELLE QUILT GREY LIGHT GREY","PCS","8907144387832","10","2026-09-22T06:07:35.392Z"
"A","R9","Bin 14","A-R9-Bin14","CTN-A-0218","LOT-A-0002","TWL ROM 75X150 FUS","The Roman Bath Towel","PCS","8907144270639","18","2026-09-04T11:07:04.086Z"
"A","R9","Bin 14","A-R9-Bin14","CTN-A-0222","LOT-A-0002","TWL ROM 75X150 FUS","The Roman Bath Towel","PCS","8907144270639","18","2026-09-04T11:07:34.223Z"
"A","R9","Bin 14","A-R9-Bin14","CTN-A-0225","LOT-A-0002","TWL ROM 75X150 FUS","The Roman Bath Towel","PCS","8907144270639","18","2026-09-04T11:08:09.735Z"
"A","R9","Bin 14","A-R9-Bin14","CTN-A-0220","LOT-A-0002","TWL ROM 75X150 GLD","The Roman Bath Towel","PCS","8907144270691","18","2026-09-04T11:08:49.038Z"
"A","R9","Bin 14","A-R9-Bin14","CTN-A-0219","LOT-A-0002","TWL ROM 75X150 WT","The Roman Bath Towel","PCS","8907144270608","18","2026-09-04T11:10:16.494Z"
"A","R9","Bin 14","A-R9-Bin14","CTN-A-0221","LOT-A-0002","TWL ROM 75X150 WT","The Roman Bath Towel","PCS","8907144270608","18","2026-09-04T11:10:51.258Z"
"A","R9","Bin 14","A-R9-Bin14","CTN-A-0224","LOT-A-0002","TWL ROM 75X150 WT","The Roman Bath Towel","PCS","8907144270608","18","2026-09-04T11:11:16.518Z"
"A","R9","Bin 14","A-R9-Bin14","CTN-A-0226","LOT-A-0002","TWL ROM 75X150 WT","The Roman Bath Towel","PCS","8907144270608","18","2026-09-04T11:14:30.114Z"
"A","R9","Bin 14","A-R9-Bin14","CTN-A-0227","LOT-A-0002","TWL ROM 75X150 WT","The Roman Bath Towel","PCS","8907144270608","18","2026-09-04T11:12:15.475Z"
"A","R9","Bin 14","A-R9-Bin14","CTN-A-0223","LOT-A-0002","TWL ROM 75X150 MOS","The Roman Bath Towel","PCS","8907144270646","18","2026-09-04T11:12:46.614Z"
"A","R9","Bin 14","A-R9-Bin14","CTN-A-0228","LOT-A-0002","TWL ROM 75X150 MOS","The Roman Bath Towel","PCS","8907144270646","18","2026-09-04T11:13:24.341Z"
"A","R9","Bin 14","A-R9-Bin14","CTN-A-0003","LOT-A-0002","QUILT MUSHY AC SGL N","QUILTED TEXTILE MUSHY SINGLE","PCS","8907144264010","6","2026-09-22T06:34:42.675Z"
"A","R9","Bin 15","A-R9-Bin15","CTN-A-0003","LOT-A-0002","QUILT MUSHY AC DBL","QUILTED TEXTILE MUSHY DOUBLE","PCS","8907144054581","5","2026-09-22T06:25:49.449Z"
"A","R9","Bin 15","A-R9-Bin15","CTN-A-0004","LOT-A-0002","QUILT MUSHY AC DBL","QUILTED TEXTILE MUSHY DOUBLE","PCS","8907144054581","5","2026-09-22T06:26:22.535Z"
"A","R9","Bin 15","A-R9-Bin15","CTN-A-0005","LOT-A-0002","QUILT MUSHY AC DBL","QUILTED TEXTILE MUSHY DOUBLE","PCS","8907144054581","5","2026-09-22T06:26:45.506Z"
"A","R9","Bin 15","A-R9-Bin15","CTN-A-0006","LOT-A-0001","QUILT MUSHY AC DBL","QUILTED TEXTILE MUSHY DOUBLE","PCS","8907144054581","5","2026-09-22T06:27:06.926Z"
"A","R9","Bin 15","A-R9-Bin15","CTN-A-0007","LOT-A-0002","QUILT MUSHY AC DBL","QUILTED TEXTILE MUSHY DOUBLE","PCS","8907144054581","5","2026-09-22T06:27:31.375Z"
"A","R9","Bin 15","A-R9-Bin15","CTN-A-0008","LOT-A-0002","QUILT MUSHY AC DBL","QUILTED TEXTILE MUSHY DOUBLE","PCS","8907144054581","2","2026-09-22T06:27:55.840Z"
"A","R9","Bin 15","A-R9-Bin15","CTN-A-0009","LOT-A-0002","QUILT MUSHY AC DBL","QUILTED TEXTILE MUSHY DOUBLE","PCS","8907144054581","5","2026-09-22T06:28:27.519Z"
"A","R9","Bin 15","A-R9-Bin15","CTN-A-0002","LOT-A-0002","QUILT MUSHY AC SGL N","QUILTED TEXTILE MUSHY SINGLE","PCS","8907144264010","7","2026-09-22T06:34:10.333Z"
"A","R9","Bin 16","A-R9-Bin16","CTN-A-0012","LOT-A-0001","QLT SOFTELLE WSGL 01","SOFTELLE QUILT GREY BEIGE","PCS","8907144387887","6","2026-09-22T05:08:48.165Z"
"A","R9","Bin 16","A-R9-Bin16","CTN-A-0006","LOT-A-0001","QLT SOFTELLE ACSG 04","SOFTELLE QUILT BEIGE IVORY","PCS","8907144387825","6","2026-09-22T06:13:44.671Z"
"A","R9","Bin 16","A-R9-Bin16","CTN-A-0006","LOT-A-0001","QLT SOFTELLE ACSG 01","SOFTELLE QUILT GREY BEIGE","PCS","8907144387795","1","2026-09-22T06:14:17.111Z"
"A","R9","Bin 16","A-R9-Bin16","CTN-A-0001","LOT-A-0002","QUILT MUSHY AC DBL","QUILTED TEXTILE MUSHY DOUBLE","PCS","8907144054581","5","2026-09-22T06:25:00.695Z"
"A","R9","Bin 16","A-R9-Bin16","CTN-A-0002","LOT-A-0002","QUILT MUSHY AC DBL","QUILTED TEXTILE MUSHY DOUBLE","PCS","8907144054581","5","2026-09-22T06:25:24.119Z"
"A","R9","Bin 16","A-R9-Bin16","CTN-A-0001","LOT-A-0002","QUILT MUSHY AC SGL N","QUILTED TEXTILE MUSHY SINGLE","PCS","8907144264010","7","2026-09-22T06:33:28.967Z"
"A","R9","Bin 17","A-R9-Bin17","CTN-A-0010","LOT-A-0002","QUILT MUSHY AC DBL","QUILTED TEXTILE MUSHY DOUBLE","PCS","8907144054581","5","2026-09-22T06:28:51.583Z"
"A","R9","Bin 17","A-R9-Bin17","CTN-A-0011","LOT-A-0002","QUILT MUSHY AC DBL","QUILTED TEXTILE MUSHY DOUBLE","PCS","8907144054581","5","2026-09-22T06:29:27.535Z"
"A","R9","Bin 17","A-R9-Bin17","CTN-A-0012","LOT-A-0002","QUILT MUSHY AC DBL","QUILTED TEXTILE MUSHY DOUBLE","PCS","8907144054581","5","2026-09-22T06:30:25.428Z"
"A","R9","Bin 17","A-R9-Bin17","CTN-A-0013","LOT-A-0002","QUILT MUSHY AC DBL","QUILTED TEXTILE MUSHY DOUBLE","PCS","8907144054581","5","2026-09-22T06:30:55.179Z"
"A","R9","Bin 17","A-R9-Bin17","CTN-A-0014","LOT-A-0002","QUILT MUSHY AC DBL","QUILTED TEXTILE MUSHY DOUBLE","PCS","8907144054581","5","2026-09-22T06:31:54.184Z"
"A","R9","Bin 18","A-R9-Bin18","CTN-A-0185","LOT-A-0002","TWL ROM 75X150 WT","The Roman Bath Towel","PCS","8907144270608","18","2026-09-04T10:40:41.964Z"
"A","R9","Bin 18","A-R9-Bin18","CTN-A-0186","LOT-A-0002","TWL ROM 75X150 MAR","The Roman Bath Towel","PCS","8907144257210","18","2026-09-04T10:47:04.258Z"
"A","R9","Bin 18","A-R9-Bin18","CTN-A-0192","LOT-A-0002","TWL ROM 75X150 MAR","The Roman Bath Towel","PCS","8907144257210","18","2026-09-04T10:47:44.180Z"
"A","R9","Bin 18","A-R9-Bin18","CTN-A-0194","LOT-A-0002","TWL ROM 75X150 MAR","The Roman Bath Towel","PCS","8907144257210","18","2026-09-04T10:48:10.775Z"
"A","R9","Bin 18","A-R9-Bin18","CTN-A-0195","LOT-A-0002","TWL ROM 75X150 MAR","The Roman Bath Towel","PCS","8907144257210","18","2026-09-04T10:48:39.194Z"
"A","R9","Bin 18","A-R9-Bin18","CTN-A-0197","LOT-A-0002","TWL ROM 75X150 MAR","The Roman Bath Towel","PCS","8907144257210","18","2026-09-04T10:49:05.141Z"
"A","R9","Bin 18","A-R9-Bin18","CTN-A-0187","LOT-A-0002","TWL ROM 75X150 MOS","The Roman Bath Towel","PCS","8907144270646","18","2026-09-04T10:49:50.633Z"
"A","R9","Bin 18","A-R9-Bin18","CTN-A-0200","LOT-A-0002","TWL ROM 75X150 MOS","The Roman Bath Towel","PCS","8907144270646","18","2026-09-04T10:50:26.212Z"
"A","R9","Bin 18","A-R9-Bin18","CTN-A-0191","LOT-A-0002","TWL ROM 75X150 GLD","The Roman Bath Towel","PCS","8907144270691","18","2026-09-04T10:50:57.635Z"
"A","R9","Bin 18","A-R9-Bin18","CTN-A-0196","LOT-A-0002","TWL ROM 75X150 PK","The Roman Bath Towel","PCS","8907144270615","18","2026-09-04T10:51:30.277Z"
"A","R9","Bin 18","A-R9-Bin18","CTN-A-0188","LOT-A-0002","TWL ROM 75X150 NBL","The Roman Bath Towel","PCS","8907144270622","18","2026-09-04T10:52:10.129Z"
"A","R9","Bin 18","A-R9-Bin18","CTN-A-0199","LOT-A-0002","TWL ROM 75X150 NBL","The Roman Bath Towel","PCS","8907144270622","18","2026-09-04T10:52:33.729Z"
"A","R9","Bin 18","A-R9-Bin18","CTN-A-0201","LOT-A-0002","TWL ROM 75X150 NBL","The Roman Bath Towel","PCS","8907144270622","18","2026-09-04T10:53:10.841Z"
"A","R9","Bin 18","A-R9-Bin18","CTN-A-0189","LOT-A-0002","TWL ROM 75X150 CR","The Roman Bath Towel","PCS","8907144270653","18","2026-09-04T10:53:56.403Z"
"A","R9","Bin 18","A-R9-Bin18","CTN-A-0198","LOT-A-0002","TWL ROM 75X150 CR","The Roman Bath Towel","PCS","8907144270653","18","2026-09-04T10:54:29.153Z"
"A","R9","Bin 18","A-R9-Bin18","CTN-A-0202","LOT-A-0002","TWL ROM 75X150 FUS","The Roman Bath Towel","PCS","8907144270639","18","2026-09-04T10:55:01.469Z"
"A","R9","Bin 18","A-R9-Bin18","CTN-A-0190","LOT-A-0002","TWL ROM 75X150 CGY N","The Roman Bath Towel","PCS","8907144162583","18","2026-09-04T10:55:34.768Z"
"A","R9","Bin 18","A-R9-Bin18","CTN-A-0193","LOT-A-0002","TWL ROM 75X150 CGY N","The Roman Bath Towel","PCS","8907144162583","18","2026-09-04T10:56:05.370Z"
"A","R9","Bin 2","A-R9-Bin2","CTN-A-0008","LOT-A-0001","QLT SOFTELLE WDBL 02","SOFTELLE QUILT GREY DENIM","PCS","8907144387856","4","2026-09-22T05:17:22.792Z"
"A","R9","Bin 2","A-R9-Bin2","CTN-A-0009","LOT-A-0001","QLT SOFTELLE WDBL 01","SOFTELLE QUILT GREY BEIGE","PCS","8907144387849","4","2026-09-22T05:17:59.936Z"
"A","R9","Bin 2","A-R9-Bin2","CTN-A-0007","LOT-A-0001","QLT SOFTELLE ACDB 02","SOFTELLE QUILT GREY DENIM","PCS","8907144387757","5","2026-09-22T06:00:09.351Z"
"A","R9","Bin 2","A-R9-Bin2","CTN-A-0008","LOT-A-0001","QLT SOFTELLE ACDB 02","SOFTELLE QUILT GREY DENIM","PCS","8907144387757","6","2026-09-22T06:00:54.689Z"
"A","R9","Bin 2","A-R9-Bin2","CTN-A-0009","LOT-A-0001","QLT SOFTELLE ACDB 01","SOFTELLE QUILT GREY BEIGE","PCS","8907144387740","2","2026-09-22T06:01:33.342Z"
"A","R9","Bin 2","A-R9-Bin2","CTN-A-0009","LOT-A-0001","QLT SOFTELLE ACDB 04","SOFTELLE QUILT BEIGE IVORY","PCS","8907144387771","1","2026-09-22T06:02:23.305Z"
"A","R9","Bin 2","A-R9-Bin2","CTN-A-0009","LOT-A-0001","QLT SOFTELLE ACDB 05","SOFTELLE QUILT GREY LIGHT GREY","PCS","8907144387788","3","2026-09-22T06:02:57.391Z"
"A","R9","Bin 5","A-R9-Bin5","CTN-A-0003","LOT-A-0001","QLT SOFTELLE WDBL 02","SOFTELLE QUILT GREY DENIM","PCS","8907144387856","4","2026-09-22T05:13:16.266Z"
"A","R9","Bin 5","A-R9-Bin5","CTN-A-0010","LOT-A-0001","QLT SOFTELLE WDBL 01","SOFTELLE QUILT GREY BEIGE","PCS","8907144387849","2","2026-09-22T05:19:48.477Z"
"A","R9","Bin 5","A-R9-Bin5","CTN-A-0010","LOT-A-0001","QLT SOFTELLE WDBL 02","SOFTELLE QUILT GREY DENIM","PCS","8907144387856","1","2026-09-22T05:21:04.840Z"
"A","R9","Bin 5","A-R9-Bin5","CTN-A-0004","LOT-A-0001","QLT SOFTELLE ACSG 05","SOFTELLE QUILT GREY LIGHT GREY","PCS","8907144387832","12","2026-09-22T06:11:53.880Z"
"A","R9","Bin 6","A-R9-Bin6","CTN-A-0005","LOT-A-0001","QLT SOFTELLE ACDB 03","SOFTELLE QUILT DENIM LIGHT GREY","PCS","8907144387764","6","2026-09-22T05:57:42.000Z"
"A","R9","Bin 6","A-R9-Bin6","CTN-A-0010","LOT-A-0001","QLT SOFTELLE ACDB 05","SOFTELLE QUILT GREY LIGHT GREY","PCS","8907144387788","2","2026-09-22T06:03:41.640Z"
"A","R9","Bin 6","A-R9-Bin6","CTN-A-0010","LOT-A-0001","QLT SOFTELLE ACDB 01","SOFTELLE QUILT GREY BEIGE","PCS","8907144387740","4","2026-09-22T06:04:16.424Z"
"A","R9","Bin 6","A-R9-Bin6","CTN-A-0002","LOT-A-0001","QLT SOFTELLE ACSG 04","SOFTELLE QUILT BEIGE IVORY","PCS","8907144387825","12","2026-09-22T06:09:07.135Z"
"A","R9","Bin 6","A-R9-Bin6","CTN-A-0003","LOT-A-0001","QLT SOFTELLE ACSG 05","SOFTELLE QUILT GREY LIGHT GREY","PCS","8907144387832","2","2026-09-22T06:09:39.631Z"
"A","R9","Bin 6","A-R9-Bin6","CTN-A-0003","LOT-A-0001","QLT SOFTELLE ACSG 04","SOFTELLE QUILT BEIGE IVORY","PCS","8907144387825","5","2026-09-22T06:10:42.887Z"
"A","R9","Bin 6","A-R9-Bin6","CTN-A-0003","LOT-A-0001","QLT SOFTELLE ACSG 02","SOFTELLE QUILT GREY DENIM","PCS","8907144387801","5","2026-09-22T06:11:24.530Z"
"A","R9","Bin 7","A-R9-Bin7","CTN-A-0004","LOT-A-0001","QLT SOFTELLE WSGL 03","SOFTELLE QUILT DENIM LIGHT GREY","PCS","8907144387900","7","2026-09-21T14:14:11.163Z"
"A","R9","Bin 7","A-R9-Bin7","CTN-A-0004","LOT-A-0001","QLT SOFTELLE WDBL 02","SOFTELLE QUILT GREY DENIM","PCS","8907144387856","4","2026-09-22T05:13:50.158Z"
"A","R9","Bin 7","A-R9-Bin7","CTN-A-0006","LOT-A-0001","QLT SOFTELLE WDBL 02","SOFTELLE QUILT GREY DENIM","PCS","8907144387856","4","2026-09-22T05:15:17.490Z"
"A","R9","Bin 7","A-R9-Bin7","CTN-A-0007","LOT-A-0001","QLT SOFTELLE WDBL 04","SOFTELLE QUILT BEIGE IVORY","PCS","8907144387870","2","2026-09-22T05:15:52.544Z"
"A","R9","Bin 7","A-R9-Bin7","CTN-A-0007","LOT-A-1483","QLT SOFTELLE WDBL 03","SOFTELLE QUILT DENIM LIGHT GREY","PCS","8907144387863","1","2026-09-22T05:16:49.679Z"
"A","R9","Bin 9","A-R9-Bin9","CTN-A-0009","LOT-A-0001","ARTIC DOUBLE N","QUILTED TEXTILE ARTIC","PCS","8907144259771","4","2026-09-22T11:48:46.765Z"
"A","R9","Bin 9","A-R9-Bin9","CTN-A-0010","LOT-A-0001","ARTIC DOUBLE N","QUILTED TEXTILE ARTIC","PCS","8907144259771","4","2026-09-22T12:15:39.128Z"
"B","R1","Bin 1","B-R1-Bin1","CTN-B-0056","LOT-B-0001","TWLBMB 75X150 LIME","BAMBOO BATH TOWEL","PCS","8907144267127","50","2026-09-02T12:52:25.773Z"
"B","R1","Bin 1","B-R1-Bin1","CTN-B-0111","LOT-B-0001","TWLBMB 75X150 CR","BAMBOO BATH TOWEL","PCS","8907144267103","50","2026-09-02T12:52:55.559Z"
"B","R1","Bin 10","B-R1-Bin10","CTN-B-0025","LOT-B-0002","TWLBMB 75X150 SAND","BAMBOO BATH TOWEL","PCS","8907144267196","50","2026-09-05T05:29:51.936Z"
"B","R1","Bin 10","B-R1-Bin10","CTN-B-0026","LOT-B-0002","TWLBMB 75X150 ORCHD","BAMBOO BATH TOWEL","PCS","8907144267165","50","2026-09-05T05:35:35.655Z"
"B","R1","Bin 10","B-R1-Bin10","CTN-B-0028","LOT-B-0002","TWLBMB 75X150 ORCHD","BAMBOO BATH TOWEL","PCS","8907144267165","50","2026-09-05T05:36:56.092Z"
"B","R1","Bin 10","B-R1-Bin10","CTN-B-0031","LOT-B-0002","TWLBMB 75X150 ORCHD","BAMBOO BATH TOWEL","PCS","8907144267165","2","2026-09-05T07:59:50.880Z"
"B","R1","Bin 10","B-R1-Bin10","CTN-B-0027","LOT-B-0002","TWLBMB 75X150 OLIVE","BAMBOO BATH TOWEL","PCS","8907144267158","50","2026-09-05T08:00:23.568Z"
"B","R1","Bin 10","B-R1-Bin10","CTN-B-0029","LOT-B-0002","TWLBMB 75X150 BG","BAMBOO BATH TOWEL","PCS","8907144267097","50","2026-09-05T08:01:38.560Z"
"B","R1","Bin 10","B-R1-Bin10","CTN-B-0030","LOT-B-0002","TWLBMB 75X150 WT","BAMBOO BATH TOWEL","PCS","8907144267202","50","2026-09-05T08:02:07.616Z"
"B","R1","Bin 10","B-R1-Bin10","CTN-B-0031","LOT-B-0002","TWLBMB 75X150 MINT","BAMBOO BATH TOWEL","PCS","8907144267141","44","2026-09-05T08:02:42.400Z"
"B","R1","Bin 10","B-R1-Bin10","CTN-B-0032","LOT-B-0002","TWLBMB 75X150 S BLU","BAMBOO BATH TOWEL","PCS","8907144267189","50","2026-09-05T08:03:17.617Z"
"B","R1","Bin 11","B-R1-Bin11","CTN-B-0096","LOT-B-0002","TWLBMB 75X150 SAND","BAMBOO BATH TOWEL","PCS","8907144267196","50","2026-09-04T06:36:27.283Z"
"B","R1","Bin 11","B-R1-Bin11","CTN-B-0097","LOT-B-0002","TWLBMB 75X150 LT BL","BAMBOO BATH TOWEL","PCS","8907144267134","50","2026-09-04T06:37:06.875Z"
"B","R1","Bin 11","B-R1-Bin11","CTN-B-0098","LOT-B-0002","TWLBMB 75X150 LAV","BAMBOO BATH TOWEL","PCS","8907144267110","50","2026-09-04T06:37:39.449Z"
"B","R1","Bin 11","B-R1-Bin11","CTN-B-0103","LOT-B-0002","TWLBMB 75X150 LAV","BAMBOO BATH TOWEL","PCS","8907144267110","50","2026-09-04T06:38:08.975Z"
"B","R1","Bin 11","B-R1-Bin11","CTN-B-0099","LOT-B-0002","TWLBMB 75X150 BG","BAMBOO BATH TOWEL","PCS","8907144267097","50","2026-09-04T06:38:57.170Z"
"B","R1","Bin 11","B-R1-Bin11","CTN-B-0102","LOT-B-0002","TWLBMB 75X150 PE","BAMBOO BATH TOWEL","PCS","8907144267172","50","2026-09-04T06:42:26.656Z"
"B","R1","Bin 11","B-R1-Bin11","CTN-B-0130","LOT-B-0002","TWLBMB 75X150 S BLU","BAMBOO BATH TOWEL","PCS","8907144267189","50","2026-09-04T06:46:33.517Z"
"B","R1","Bin 11","B-R1-Bin11","CTN-B-0108","LOT-B-0002","TWLBMB 75X150 ORCHD","BAMBOO BATH TOWEL","PCS","8907144267165","50","2026-09-04T06:47:00.912Z"
"B","R1","Bin 12","B-R1-Bin12","CTN-B-0138","LOT-B-0002","TWLBMB 75X150 CR","BAMBOO BATH TOWEL","PCS","8907144267103","50","2026-09-04T06:13:09.206Z"
"B","R1","Bin 12","B-R1-Bin12","CTN-B-0110","LOT-B-0002","TWLBMB 75X150 ASH","BAMBOO BATH TOWEL","PCS","8907144267080","50","2026-09-04T06:17:25.621Z"
"B","R1","Bin 12","B-R1-Bin12","CTN-B-0111","LOT-B-0002","TWLBMB 75X150 MINT","BAMBOO BATH TOWEL","PCS","8907144267141","50","2026-09-04T06:18:01.137Z"
"B","R1","Bin 12","B-R1-Bin12","CTN-B-0112","LOT-B-0002","TWLBMB 75X150 PE","BAMBOO BATH TOWEL","PCS","8907144267172","50","2026-09-04T06:18:31.205Z"
"B","R1","Bin 2","B-R1-Bin2","CTN-B-0071","LOT-B-0002","TWLBMB 75X150 LT BL","BAMBOO BATH TOWEL","PCS","8907144267134","50","2026-09-04T07:11:18.708Z"
"B","R1","Bin 2","B-R1-Bin2","CTN-B-0073","LOT-B-0002","TWLBMB 75X150 LT BL","BAMBOO BATH TOWEL","PCS","8907144267134","50","2026-09-04T07:11:52.204Z"
"B","R1","Bin 2","B-R1-Bin2","CTN-B-0074","LOT-B-0002","TWLBMB 75X150 ORCHD","BAMBOO BATH TOWEL","PCS","8907144267165","50","2026-09-04T07:13:02.571Z"
"B","R1","Bin 3","B-R1-Bin3","CTN-B-0001","LOT-B-0002","TWLBMB 75X150 ORCHD","BAMBOO BATH TOWEL","PCS","8907144267165","50","2026-09-04T07:37:29.217Z"
"B","R1","Bin 3","B-R1-Bin3","CTN-B-0009","LOT-B-0002","TWLBMB 75X150 ORCHD","BAMBOO BATH TOWEL","PCS","8907144267165","50","2026-09-04T07:38:05.079Z"
"B","R1","Bin 3","B-R1-Bin3","CTN-B-0012","LOT-B-0002","TWLBMB 75X150 ORCHD","BAMBOO BATH TOWEL","PCS","8907144267165","50","2026-09-04T07:38:50.720Z"
"B","R1","Bin 3","B-R1-Bin3","CTN-B-0002","LOT-B-0002","TWLBMB 75X150 LT BL","BAMBOO BATH TOWEL","PCS","8907144267134","50","2026-09-04T07:39:22.008Z"
"B","R1","Bin 3","B-R1-Bin3","CTN-B-0006","LOT-B-0002","TWLBMB 75X150 LT BL","BAMBOO BATH TOWEL","PCS","8907144267134","50","2026-09-04T07:39:57.271Z"
"B","R1","Bin 3","B-R1-Bin3","CTN-B-0008","LOT-B-0002","TWLBMB 75X150 LT BL","BAMBOO BATH TOWEL","PCS","8907144267134","50","2026-09-04T07:42:06.755Z"
"B","R1","Bin 3","B-R1-Bin3","CTN-B-0003","LOT-B-0002","TWLBMB 75X150 PE","BAMBOO BATH TOWEL","PCS","8907144267172","17","2026-09-05T05:15:01.786Z"
"B","R1","Bin 3","B-R1-Bin3","CTN-B-0003","LOT-B-0002","TWLBMB 75X150 S BLU","BAMBOO BATH TOWEL","PCS","8907144267189","27","2026-09-05T05:15:42.290Z"
"B","R1","Bin 3","B-R1-Bin3","CTN-B-0010","LOT-B-0002","TWLBMB 75X150 MINT","BAMBOO BATH TOWEL","PCS","8907144267141","50","2026-09-05T05:16:16.114Z"
"B","R1","Bin 3","B-R1-Bin3","CTN-B-0005","LOT-B-0002","TWLBMB 75X150 OLIVE","BAMBOO BATH TOWEL","PCS","8907144267158","50","2026-09-05T05:16:48.025Z"
"B","R1","Bin 3","B-R1-Bin3","CTN-B-0004","LOT-B-0002","TWLBMB 75X150 WT","BAMBOO BATH TOWEL","PCS","8907144267202","50","2026-09-05T05:17:48.329Z"
"B","R1","Bin 3","B-R1-Bin3","CTN-B-0007","LOT-B-0002","TWLBMB 75X150 WT","BAMBOO BATH TOWEL","PCS","8907144267202","50","2026-09-05T05:19:46.771Z"
"B","R1","Bin 3","B-R1-Bin3","CTN-B-0011","LOT-B-0002","TWLBMB 75X150 WT","BAMBOO BATH TOWEL","PCS","8907144267202","50","2026-09-05T05:20:23.697Z"
"B","R1","Bin 4","B-R1-Bin4","CTN-B-0013","LOT-B-0002","TWLBMB 75X150 ASH","BAMBOO BATH TOWEL","PCS","8907144267080","50","2026-09-05T05:20:52.386Z"
"B","R1","Bin 4","B-R1-Bin4","CTN-B-0014","LOT-B-0002","TWLBMB 75X150 ASH","BAMBOO BATH TOWEL","PCS","8907144267080","50","2026-09-05T05:21:22.361Z"
"B","R1","Bin 4","B-R1-Bin4","CTN-B-0015","LOT-B-0002","TWLBMB 75X150 S BLU","BAMBOO BATH TOWEL","PCS","8907144267189","50","2026-09-05T05:21:50.804Z"
"B","R1","Bin 4","B-R1-Bin4","CTN-B-0016","LOT-B-0002","TWLBMB 75X150 OLIVE","BAMBOO BATH TOWEL","PCS","8907144267158","50","2026-09-05T05:22:29.116Z"
"B","R1","Bin 4","B-R1-Bin4","CTN-B-0017","LOT-B-0002","TWLBMB 75X150 BG","BAMBOO BATH TOWEL","PCS","8907144267097","50","2026-09-05T05:22:58.482Z"
"B","R1","Bin 4","B-R1-Bin4","CTN-B-0018","LOT-B-0002","TWLBMB 75X150 ORCHD","BAMBOO BATH TOWEL","PCS","8907144267165","50","2026-09-05T05:23:25.641Z"
"B","R1","Bin 4","B-R1-Bin4","CTN-B-0019","LOT-B-0002","TWLBMB 75X150 SAND","BAMBOO BATH TOWEL","PCS","8907144267196","50","2026-09-05T05:23:53.030Z"
"B","R1","Bin 4","B-R1-Bin4","CTN-B-0020","LOT-B-0002","TWLBMB 75X150 LAV","BAMBOO BATH TOWEL","PCS","8907144267110","50","2026-09-05T05:24:21.944Z"
"B","R1","Bin 5","B-R1-Bin5","CTN-B-0078","LOT-B-0002","TWLBMB 75X150 LT BL","BAMBOO BATH TOWEL","PCS","8907144267134","50","2026-09-04T07:14:31.383Z"
"B","R1","Bin 5","B-R1-Bin5","CTN-B-0076","LOT-B-0002","TWLBMB 75X150 S BLU","BAMBOO BATH TOWEL","PCS","8907144267189","50","2026-09-04T07:15:17.307Z"
"B","R1","Bin 5","B-R1-Bin5","CTN-B-0082","LOT-B-0002","TWLBMB 75X150 WT","BAMBOO BATH TOWEL","PCS","8907144267202","50","2026-09-04T07:16:45.139Z"
"B","R1","Bin 5","B-R1-Bin5","CTN-B-0079","LOT-B-0002","TWLBMB 75X150 ORCHD","BAMBOO BATH TOWEL","PCS","8907144267165","50","2026-09-04T07:17:18.043Z"
"B","R1","Bin 5","B-R1-Bin5","CTN-B-0080","LOT-B-0002","TWLBMB 75X150 LIME","BAMBOO BATH TOWEL","PCS","8907144267127","49","2026-09-04T07:19:41.643Z"
"B","R1","Bin 5","B-R1-Bin5","CTN-B-0081","LOT-B-0002","TWLBMB 75X150 SAND","BAMBOO BATH TOWEL","PCS","8907144267196","50","2026-09-04T07:18:33.931Z"
"B","R1","Bin 6","B-R1-Bin6","CTN-B-0007","LOT-B-0001","TWLBMB 75X150 MINT","BAMBOO BATH TOWEL","PCS","8907144267141","50","2026-09-02T13:01:28.263Z"
"B","R1","Bin 6","B-R1-Bin6","CTN-B-0055","LOT-B-0001","TWLBMB 75X150 LAV","BAMBOO BATH TOWEL","PCS","8907144267110","50","2026-09-02T13:00:51.792Z"
"B","R1","Bin 6","B-R1-Bin6","CTN-B-0051","LOT-B-0001","TWLBMB 75X150 LIME","BAMBOO BATH TOWEL","PCS","8907144267127","50","2026-09-02T12:53:40.179Z"
"B","R1","Bin 6","B-R1-Bin6","CTN-B-0084","LOT-B-0001","TWLBMB 75X150 S BLU","BAMBOO BATH TOWEL","PCS","8907144267189","50","2026-09-02T12:47:25.750Z"
"B","R1","Bin 6","B-R1-Bin6","CTN-B-0083","LOT-B-0001","TWLBMB 75X150 S BLU","BAMBOO BATH TOWEL","PCS","8907144267189","50","2026-09-02T12:59:53.445Z"
"B","R1","Bin 7","B-R1-Bin7","CTN-B-0106","LOT-B-0002","TWLBMB 75X150 LT BL","BAMBOO BATH TOWEL","PCS","8907144267134","50","2026-09-04T06:44:11.160Z"
"B","R1","Bin 7","B-R1-Bin7","CTN-B-0113","LOT-B-0002","TWLBMB 75X150 LT BL","BAMBOO BATH TOWEL","PCS","8907144267134","43","2026-09-04T06:45:10.056Z"
"B","R1","Bin 7","B-R1-Bin7","CTN-B-0107","LOT-B-0002","TWLBMB 75X150 S BLU","BAMBOO BATH TOWEL","PCS","8907144267189","50","2026-09-04T06:46:04.224Z"
"B","R1","Bin 7","B-R1-Bin7","CTN-B-0109","LOT-B-0002","TWLBMB 75X150 LAV","BAMBOO BATH TOWEL","PCS","8907144267110","50","2026-09-04T06:48:16.999Z"
"B","R1","Bin 7","B-R1-Bin7","CTN-B-0113","LOT-B-0002","TWLBMB 75X150 OLIVE","BAMBOO BATH TOWEL","PCS","8907144267158","6","2026-09-04T06:57:29.638Z"
"B","R1","Bin 7","B-R1-Bin7","CTN-B-0114","LOT-B-0002","TWLBMB 75X150 OLIVE","BAMBOO BATH TOWEL","PCS","8907144267158","50","2026-09-04T06:58:19.317Z"
"B","R1","Bin 7","B-R1-Bin7","CTN-B-0129","LOT-B-0002","TWLBMB 75X150 ASH","BAMBOO BATH TOWEL","PCS","8907144267080","50","2026-09-04T07:01:13.509Z"
"B","R1","Bin 7","B-R1-Bin7","CTN-B-0131","LOT-B-0002","TWLBMB 75X150 ASH","BAMBOO BATH TOWEL","PCS","8907144267080","50","2026-09-04T07:01:48.541Z"
"B","R1","Bin 7","B-R1-Bin7","CTN-B-0135","LOT-B-0002","TWLBMB 75X150 ASH","BAMBOO BATH TOWEL","PCS","8907144267080","50","2026-09-04T07:02:29.675Z"
"B","R1","Bin 7","B-R1-Bin7","CTN-B-0136","LOT-B-0002","TWLBMB 75X150 ASH","BAMBOO BATH TOWEL","PCS","8907144267080","50","2026-09-04T07:03:09.749Z"
"B","R1","Bin 7","B-R1-Bin7","CTN-B-0132","LOT-B-0002","TWLBMB 75X150 SAND","BAMBOO BATH TOWEL","PCS","8907144267196","50","2026-09-04T07:03:49.885Z"
"B","R1","Bin 7","B-R1-Bin7","CTN-B-0133","LOT-B-0002","TWLBMB 75X150 PE","BAMBOO BATH TOWEL","PCS","8907144267172","50","2026-09-04T07:04:33.577Z"
"B","R1","Bin 7","B-R1-Bin7","CTN-B-0137","LOT-B-0002","TWLBMB 75X150 PE","BAMBOO BATH TOWEL","PCS","8907144267172","50","2026-09-04T07:05:02.965Z"
"B","R1","Bin 7","B-R1-Bin7","CTN-B-0134","LOT-B-0002","TWLBMB 75X150 WT","BAMBOO BATH TOWEL","PCS","8907144267202","50","2026-09-04T07:05:51.372Z"
"B","R1","Bin 9","B-R1-Bin9","CTN-B-0133","LOT-B-0001","TWLBMB 75X150 ASH","BAMBOO BATH TOWEL","PCS","8907144267080","50","2026-09-02T12:48:59.203Z"
"B","R1","Bin 9","B-R1-Bin9","CTN-B-0148","LOT-B-0001","TWLBMB 75X150 OLIVE","BAMBOO BATH TOWEL","PCS","8907144267158","50","2026-09-02T13:06:57.169Z"
"B","R1","Bin 9","B-R1-Bin9","CTN-B-0146","LOT-B-0001","TWLBMB 75X150 OLIVE","BAMBOO BATH TOWEL","PCS","8907144267158","50","2026-09-02T13:06:30.314Z"
"B","R1","Bin 9","B-R1-Bin9","CTN-B-0162","LOT-B-0001","TWLBMB 75X150 OLIVE","BAMBOO BATH TOWEL","PCS","8907144267158","50","2026-09-02T13:07:11.436Z"
"B","R1","Bin 9","B-R1-Bin9","CTN-B-0123","LOT-B-0001","TWLBMB 75X150 OLIVE","BAMBOO BATH TOWEL","PCS","8907144267158","50","2026-09-02T13:07:50.674Z"
"B","R1","Bin 9","B-R1-Bin9","CTN-B-0125","LOT-B-0001","TWLBMB 75X150 BG","BAMBOO BATH TOWEL","PCS","8907144267097","50","2026-09-02T13:05:30.178Z"
"B","R1","Bin 9","B-R1-Bin9","CTN-B-0021","LOT-B-0002","TWLBMB 75X150 WT","BAMBOO BATH TOWEL","PCS","8907144267202","50","2026-09-05T05:25:25.944Z"
"B","R1","Bin 9","B-R1-Bin9","CTN-B-0023","LOT-B-0002","TWLBMB 75X150 WT","BAMBOO BATH TOWEL","PCS","8907144267202","50","2026-09-05T05:25:55.448Z"
"B","R1","Bin 9","B-R1-Bin9","CTN-B-0022","LOT-B-0002","TWLBMB 75X150 BG","BAMBOO BATH TOWEL","PCS","8907144267097","50","2026-09-05T05:27:10.905Z"
"B","R1","Bin 9","B-R1-Bin9","CTN-B-0024","LOT-B-0002","TWLBMB 75X150 ASH","BAMBOO BATH TOWEL","PCS","8907144267080","50","2026-09-05T05:27:39.080Z"
"B","R2","Bin 10","B-R2-Bin10","CTN-B-0158","LOT-B-0001","TWLREST 75X150 BG","Resort Towel","PCS","8907144267431","50","2026-09-18T09:17:37.323Z"
"B","R2","Bin 10","B-R2-Bin10","CTN-B-0041","LOT-B-0002","TWLBMB 75X150 WT","BAMBOO BATH TOWEL","PCS","8907144267202","51","2026-09-05T08:23:59.508Z"
"B","R2","Bin 10","B-R2-Bin10","CTN-B-0042","LOT-B-0002","TWLBMB 75X150 ASH","BAMBOO BATH TOWEL","PCS","8907144267080","50","2026-09-05T08:24:32.380Z"
"B","R2","Bin 10","B-R2-Bin10","CTN-B-0048","LOT-B-0002","TWLBMB 75X150 ASH","BAMBOO BATH TOWEL","PCS","8907144267080","50","2026-09-05T08:25:01.428Z"
"B","R2","Bin 10","B-R2-Bin10","CTN-B-0043","LOT-B-0002","TWLBMB 75X150 ORCHD","BAMBOO BATH TOWEL","PCS","8907144267165","50","2026-09-05T08:25:33.572Z"
"B","R2","Bin 10","B-R2-Bin10","CTN-B-0044","LOT-B-0002","TWLBMB 75X150 LAV","BAMBOO BATH TOWEL","PCS","8907144267110","50","2026-09-05T08:26:03.734Z"
"B","R2","Bin 10","B-R2-Bin10","CTN-B-0045","LOT-B-0002","TWLBMB 75X150 LAV","BAMBOO BATH TOWEL","PCS","8907144267110","50","2026-09-05T08:26:44.606Z"
"B","R2","Bin 10","B-R2-Bin10","CTN-B-0046","LOT-B-0002","TWLBMB 75X150 BG","BAMBOO BATH TOWEL","PCS","8907144267097","50","2026-09-05T08:27:13.796Z"
"B","R2","Bin 10","B-R2-Bin10","CTN-B-0047","LOT-B-0002","TWLBMB 75X150 BG","BAMBOO BATH TOWEL","PCS","8907144267097","50","2026-09-05T08:27:52.183Z"
"B","R2","Bin 11","B-R2-Bin11","CTN-B-0020","LOT-B-0002","TWLBMB 40X60 WT","BAMBOO HAND TOWEL","PCS","8907144116364","200","2026-09-05T10:23:18.262Z"
"B","R2","Bin 11","B-R2-Bin11","CTN-B-0021","LOT-B-0002","TWLBMB 40X60 WT","BAMBOO HAND TOWEL","PCS","8907144116364","199","2026-09-05T10:34:21.973Z"
"B","R2","Bin 11","B-R2-Bin11","CTN-B-0024","LOT-B-0002","TWLBMB 40X60 OLIVE","BAMBOO HAND TOWEL","PCS","8907144116319","113","2026-09-05T10:43:20.334Z"
"B","R2","Bin 11","B-R2-Bin11","CTN-B-0024","LOT-B-0002","TWLBMB 40X60 MINT","BAMBOO HAND TOWEL","PCS","8907144116296","119","2026-09-05T10:44:06.838Z"
"B","R2","Bin 11","B-R2-Bin11","CTN-B-0025","LOT-B-0002","TWLBMB 40X60 BG","BAMBOO HAND TOWEL","PCS","8907144116241","200","2026-09-05T10:44:48.566Z"
"B","R2","Bin 12","B-R2-Bin12","CTN-B-0119","LOT-B-0002","TWLBMB 75X150 S BLU","BAMBOO BATH TOWEL","PCS","8907144267189","50","2026-09-04T06:22:40.595Z"
"B","R2","Bin 12","B-R2-Bin12","CTN-B-0002","LOT-B-0002","TWLBMB 40X60 LT BL","BAMBOO HAND TOWEL","PCS","8907144116289","200","2026-09-05T09:12:12.511Z"
"B","R2","Bin 12","B-R2-Bin12","CTN-B-0001","LOT-B-0002","TWLBMB 40X60 ORCHID","BAMBOO HAND TOWEL","PCS","8907144116326","197","2026-09-05T09:13:15.623Z"
"B","R2","Bin 12","B-R2-Bin12","CTN-B-0004","LOT-B-0002","TWLBMB 40X60 LAV","BAMBOO HAND TOWEL","PCS","8907144116265","105","2026-09-05T09:13:57.485Z"
"B","R2","Bin 12","B-R2-Bin12","CTN-B-0004","LOT-B-0002","TWLBMB 40X60 CR","BAMBOO HAND TOWEL","PCS","8907144116258","66","2026-09-05T09:14:40.308Z"
"B","R2","Bin 13","B-R2-Bin13","CTN-B-0117","LOT-B-0002","TWLBMB 75X150 LAV","BAMBOO BATH TOWEL","PCS","8907144267110","48","2026-09-04T06:20:04.106Z"
"B","R2","Bin 13","B-R2-Bin13","CTN-B-0120","LOT-B-0002","TWLBMB 75X150 MINT","BAMBOO BATH TOWEL","PCS","8907144267141","50","2026-09-04T06:23:54.237Z"
"B","R2","Bin 14","B-R2-Bin14","CTN-B-0037","LOT-B-0002","TWLBMB 75X150 ORCHD","BAMBOO BATH TOWEL","PCS","8907144267165","50","2026-09-05T08:19:28.533Z"
"B","R2","Bin 14","B-R2-Bin14","CTN-B-0044","LOT-B-0002","TWLBMB 40X60 ASH","BAMBOO HAND TOWEL","PCS","8907144116234","200","2026-09-05T09:19:34.916Z"
"B","R2","Bin 14","B-R2-Bin14","CTN-B-0013","LOT-B-0002","TWLBMB 40X60 ASH","BAMBOO HAND TOWEL","PCS","8907144116234","200","2026-09-05T09:20:06.100Z"
"B","R2","Bin 14","B-R2-Bin14","CTN-B-0012","LOT-B-0002","TWLBMB 40X60 LAV","BAMBOO HAND TOWEL","PCS","8907144116265","189","2026-09-05T09:20:39.357Z"
"B","R2","Bin 14","B-R2-Bin14","CTN-B-0014","LOT-B-0002","TWLBMB 40X60 LIME","BAMBOO HAND TOWEL","PCS","8907144116272","200","2026-09-05T09:21:14.603Z"
"B","R2","Bin 14","B-R2-Bin14","CTN-B-0015","LOT-B-0002","TWLBMB 40X60 WT","BAMBOO HAND TOWEL","PCS","8907144116364","200","2026-09-05T09:21:52.859Z"
"B","R2","Bin 14","B-R2-Bin14","CTN-B-0016","LOT-B-0002","TWLBMB 40X60 SAND","BAMBOO HAND TOWEL","PCS","8907144116357","200","2026-09-05T09:22:48.699Z"
"B","R2","Bin 15","B-R2-Bin15","CTN-B-0033","LOT-B-0002","TWLBMB 75X150 ORCHD","BAMBOO BATH TOWEL","PCS","8907144267165","50","2026-09-05T08:19:03.290Z"
"B","R2","Bin 15","B-R2-Bin15","CTN-B-0034","LOT-B-0002","TWLBMB 75X150 WT","BAMBOO BATH TOWEL","PCS","8907144267202","50","2026-09-05T08:19:52.992Z"
"B","R2","Bin 15","B-R2-Bin15","CTN-B-0035","LOT-B-0002","TWLBMB 75X150 ASH","BAMBOO BATH TOWEL","PCS","8907144267080","50","2026-09-05T08:20:25.766Z"
"B","R2","Bin 15","B-R2-Bin15","CTN-B-0036","LOT-B-0002","TWLBMB 75X150 PE","BAMBOO BATH TOWEL","PCS","8907144267172","50","2026-09-05T08:21:42.475Z"
"B","R2","Bin 15","B-R2-Bin15","CTN-B-0038","LOT-B-0002","TWLBMB 75X150 SAND","BAMBOO BATH TOWEL","PCS","8907144267196","50","2026-09-05T08:22:16.444Z"
"B","R2","Bin 15","B-R2-Bin15","CTN-B-0039","LOT-B-0002","TWLBMB 75X150 LAV","BAMBOO BATH TOWEL","PCS","8907144267110","50","2026-09-05T08:22:59.869Z"
"B","R2","Bin 15","B-R2-Bin15","CTN-B-0040","LOT-B-0002","TWLBMB 75X150 OLIVE","BAMBOO BATH TOWEL","PCS","8907144267158","50","2026-09-05T08:23:26.189Z"
"B","R2","Bin 2","B-R2-Bin2","CTN-B-0063","LOT-B-0002","TWLBMB 75X150 BG","BAMBOO BATH TOWEL","PCS","8907144267097","11","2026-09-05T08:55:16.852Z"
"B","R2","Bin 2","B-R2-Bin2","CTN-B-0063","LOT-B-0002","TWLBMB 75X150 CR","BAMBOO BATH TOWEL","PCS","8907144267103","39","2026-09-05T08:56:44.103Z"
"B","R2","Bin 2","B-R2-Bin2","CTN-B-0064","LOT-B-0002","TWLBMB 75X150 ORCHD","BAMBOO BATH TOWEL","PCS","8907144267165","50","2026-09-05T08:57:59.719Z"
"B","R2","Bin 2","B-R2-Bin2","CTN-B-0067","LOT-B-0002","TWLBMB 75X150 OLIVE","BAMBOO BATH TOWEL","PCS","8907144267158","50","2026-09-05T08:59:42.046Z"
"B","R2","Bin 2","B-R2-Bin2","CTN-B-0068","LOT-B-0002","TWLBMB 75X150 WT","BAMBOO BATH TOWEL","PCS","8907144267202","50","2026-09-05T09:00:11.308Z"
"B","R2","Bin 2","B-R2-Bin2","CTN-B-0043","LOT-B-0002","TWLBMB 40X60 PEACH","BAMBOO HAND TOWEL","PCS","8907144116333","200","2026-09-05T11:03:39.307Z"
"B","R2","Bin 2","B-R2-Bin2","CTN-B-0041","LOT-B-0002","TWLBMB 40X60 SAND","BAMBOO HAND TOWEL","PCS","8907144116357","200","2026-09-05T11:04:09.027Z"
"B","R2","Bin 3","B-R2-Bin3","CTN-B-0056","LOT-B-0002","TWLBMB 75X150 ASH","BAMBOO BATH TOWEL","PCS","8907144267080","15","2026-09-05T08:48:28.297Z"
"B","R2","Bin 3","B-R2-Bin3","CTN-B-0058","LOT-B-0002","TWLBMB 75X150 ASH","BAMBOO BATH TOWEL","PCS","8907144267080","40","2026-09-05T08:48:57.077Z"
"B","R2","Bin 3","B-R2-Bin3","CTN-B-0056","LOT-B-0002","TWLBMB 75X150 SAND","BAMBOO BATH TOWEL","PCS","8907144267196","11","2026-09-05T08:51:41.232Z"
"B","R2","Bin 3","B-R2-Bin3","CTN-B-0057","LOT-B-0002","TWLBMB 75X150 PE","BAMBOO BATH TOWEL","PCS","8907144267172","47","2026-09-05T08:52:08.895Z"
"B","R2","Bin 3","B-R2-Bin3","CTN-B-0059","LOT-B-0002","TWLBMB 75X150 WT","BAMBOO BATH TOWEL","PCS","8907144267202","50","2026-09-05T08:52:41.964Z"
"B","R2","Bin 3","B-R2-Bin3","CTN-B-0061","LOT-B-0002","TWLBMB 75X150 WT","BAMBOO BATH TOWEL","PCS","8907144267202","50","2026-09-05T08:53:15.914Z"
"B","R2","Bin 3","B-R2-Bin3","CTN-B-0060","LOT-B-0002","TWLBMB 75X150 OLIVE","BAMBOO BATH TOWEL","PCS","8907144267158","50","2026-09-05T08:53:53.407Z"
"B","R2","Bin 3","B-R2-Bin3","CTN-B-0062","LOT-B-0002","TWLBMB 75X150 ORCHD","BAMBOO BATH TOWEL","PCS","8907144267165","50","2026-09-05T08:54:21.635Z"
"B","R2","Bin 4","B-R2-Bin4","CTN-B-0053","LOT-B-0002","TWLBMB 75X150 ASH","BAMBOO BATH TOWEL","PCS","8907144267080","47","2026-09-05T08:32:25.035Z"
"B","R2","Bin 4","B-R2-Bin4","CTN-B-0054","LOT-B-0002","TWLBMB 75X150 MINT","BAMBOO BATH TOWEL","PCS","8907144267141","50","2026-09-05T08:33:12.284Z"
"B","R2","Bin 4","B-R2-Bin4","CTN-B-0055","LOT-B-0002","TWLBMB 75X150 OLIVE","BAMBOO BATH TOWEL","PCS","8907144267158","50","2026-09-05T08:33:40.274Z"
"B","R2","Bin 4","B-R2-Bin4","CTN-B-0006","LOT-B-0002","TWLBMB 33X33 BG","BAMBOO FACE TOWEL","PCS","8907144116388","400","2026-09-07T10:03:33.200Z"
"B","R2","Bin 4","B-R2-Bin4","CTN-B-0009","LOT-B-0001","TWLBMB 33X33 CR","BAMBOO FACE TOWEL","PCS","8907144116395","400","2026-09-07T10:05:16.695Z"
"B","R2","Bin 4","B-R2-Bin4","CTN-B-0010","LOT-B-0001","TWLBMB 33X33 OLIVE","BAMBOO FACE TOWEL","PCS","8907144116449","400","2026-09-07T10:05:50.890Z"
"B","R2","Bin 4","B-R2-Bin4","CTN-B-0012","LOT-B-0002","TWLBMB 33X33 ORCHID","BAMBOO FACE TOWEL","PCS","8907144116456","375","2026-09-07T10:07:58.742Z"
"B","R2","Bin 4","B-R2-Bin4","CTN-B-0012","LOT-B-0001","TWLBMB 33X33 OLIVE","BAMBOO FACE TOWEL","PCS","8907144116449","9","2026-09-07T10:08:36.245Z"
"B","R2","Bin 4","B-R2-Bin4","CTN-B-0013","LOT-B-0002","TWLBMB 33X33 LAV","BAMBOO FACE TOWEL","PCS","8907144116401","133","2026-09-07T10:09:11.598Z"
"B","R2","Bin 4","B-R2-Bin4","CTN-B-0013","LOT-B-0001","TWLBMB 33X33 CR","BAMBOO FACE TOWEL","PCS","8907144116395","154","2026-09-07T10:09:48.254Z"
"B","R2","Bin 4","B-R2-Bin4","CTN-B-0014","LOT-B-0002","TWLBMB 33X33 MINT","BAMBOO FACE TOWEL","PCS","8907144116432","400","2026-09-07T10:10:30.227Z"
"B","R2","Bin 5","B-R2-Bin5","CTN-B-0038","LOT-B-0002","TWLBMB 40X60 WT","BAMBOO HAND TOWEL","PCS","8907144116364","21","2026-09-05T10:57:36.724Z"
"B","R2","Bin 5","B-R2-Bin5","CTN-B-0035","LOT-B-0002","TWLBMB 40X60 ORCHID","BAMBOO HAND TOWEL","PCS","8907144116326","59","2026-09-05T10:59:25.154Z"
"B","R2","Bin 5","B-R2-Bin5","CTN-B-0035","LOT-B-0002","TWLBMB 40X60 LIME","BAMBOO HAND TOWEL","PCS","8907144116272","150","2026-09-05T11:00:01.443Z"
"B","R2","Bin 5","B-R2-Bin5","CTN-B-0038","LOT-B-0002","TWLBMB 40X60 LT BL","BAMBOO HAND TOWEL","PCS","8907144116289","183","2026-09-05T11:00:34.647Z"
"B","R2","Bin 5","B-R2-Bin5","CTN-B-0039","LOT-B-0002","TWLBMB 40X60 S BLUE","BAMBOO HAND TOWEL","PCS","8907144116340","123","2026-09-05T11:01:18.685Z"
"B","R2","Bin 5","B-R2-Bin5","CTN-B-0039","LOT-B-0002","TWLBMB 40X60 SAND","BAMBOO HAND TOWEL","PCS","8907144116357","41","2026-09-05T11:01:49.203Z"
"B","R2","Bin 5","B-R2-Bin5","CTN-B-0040","LOT-B-0002","TWLBMB 40X60 ASH","BAMBOO HAND TOWEL","PCS","8907144116234","200","2026-09-05T11:02:33.551Z"
"B","R2","Bin 6","B-R2-Bin6","CTN-B-0001","LOT-B-0002","TWLBMB 90X180 SAND","BAMBOO BATH TOWEL","PCS","8907144359877","20","2026-09-07T10:12:05.216Z"
"B","R2","Bin 6","B-R2-Bin6","CTN-B-0002","LOT-B-0002","TWLBMB 90X180 SAND","BAMBOO BATH TOWEL","PCS","8907144359877","2","2026-09-07T10:19:13.974Z"
"B","R2","Bin 6","B-R2-Bin6","CTN-B-0006","LOT-B-0002","TWLBMB 90X180 SAND","BAMBOO BATH TOWEL","PCS","8907144359877","20","2026-09-07T10:13:16.805Z"
"B","R2","Bin 6","B-R2-Bin6","CTN-B-0002","LOT-B-0002","TWLBMB 90X180 WT","BAMBOO BATH TOWEL","PCS","8907144359884","11","2026-09-07T10:18:25.597Z"
"B","R2","Bin 6","B-R2-Bin6","CTN-B-0003","LOT-B-0002","TWLBMB 90X180 CR","BAMBOO BATH TOWEL","PCS","8907144359785","20","2026-09-07T10:19:54.677Z"
"B","R2","Bin 6","B-R2-Bin6","CTN-B-0005","LOT-B-0002","TWLBMB 90X180 CR","BAMBOO BATH TOWEL","PCS","8907144359785","20","2026-09-07T10:20:35.510Z"
"B","R2","Bin 6","B-R2-Bin6","CTN-B-0004","LOT-B-0002","TWLBMB 90X180 LT BL","BAMBOO POOL TOWEL","PCS","8907144237502","3","2026-09-07T10:21:27.110Z"
"B","R2","Bin 6","B-R2-Bin6","CTN-B-0008","LOT-B-0002","TWLBMB 90X180 LT BL","BAMBOO POOL TOWEL","PCS","8907144237502","17","2026-09-07T10:22:15.565Z"
"B","R2","Bin 6","B-R2-Bin6","CTN-B-0004","LOT-B-0002","TWLBMB 90X180 BG","BAMBOO BATH TOWEL","PCS","8907144359761","12","2026-09-07T10:23:02.671Z"
"B","R2","Bin 6","B-R2-Bin6","CTN-B-0007","LOT-B-0002","TWLBMB 90X180 S BLU","BAMBOO BATH TOWEL","PCS","8907144359860","21","2026-09-07T10:23:42.638Z"
"B","R2","Bin 7","B-R2-Bin7","CTN-B-0006","LOT-B-0001","TWLBMB 40X60 MINT","BAMBOO HAND TOWEL","PCS","8907144116296","200","2026-08-03T10:49:50.833Z"
"B","R2","Bin 7","B-R2-Bin7","CTN-B-0006","LOT-B-0002","TWLBMB 40X60 S BLUE","BAMBOO HAND TOWEL","PCS","8907144116340","200","2026-09-05T09:15:39.340Z"
"B","R2","Bin 7","B-R2-Bin7","CTN-B-0007","LOT-B-0002","TWLBMB 40X60 ORCHID","BAMBOO HAND TOWEL","PCS","8907144116326","200","2026-09-05T09:16:09.924Z"
"B","R2","Bin 7","B-R2-Bin7","CTN-B-0009","LOT-B-0002","TWLBMB 40X60 MINT","BAMBOO HAND TOWEL","PCS","8907144116296","200","2026-09-05T09:17:25.294Z"
"B","R2","Bin 7","B-R2-Bin7","CTN-B-0010","LOT-B-0002","TWLBMB 40X60 ASH","BAMBOO HAND TOWEL","PCS","8907144116234","193","2026-09-05T09:18:11.204Z"
"B","R2","Bin 8","B-R2-Bin8","CTN-B-0084","LOT-B-0002","TWLBMB 75X150 BG","BAMBOO BATH TOWEL","PCS","8907144267097","50","2026-09-04T07:21:00.907Z"
"B","R2","Bin 8","B-R2-Bin8","CTN-B-0085","LOT-B-0002","TWLBMB 75X150 LIME","BAMBOO BATH TOWEL","PCS","8907144267127","50","2026-09-04T07:32:37.153Z"
"B","R2","Bin 8","B-R2-Bin8","CTN-B-0086","LOT-B-0002","TWLBMB 75X150 SAND","BAMBOO BATH TOWEL","PCS","8907144267196","50","2026-09-04T07:33:08.433Z"
"B","R2","Bin 8","B-R2-Bin8","CTN-B-0094","LOT-B-0002","TWLBMB 75X150 SAND","BAMBOO BATH TOWEL","PCS","8907144267196","50","2026-09-04T07:33:47.121Z"
"B","R2","Bin 8","B-R2-Bin8","CTN-B-0087","LOT-B-0002","TWLBMB 75X150 ASH","BAMBOO BATH TOWEL","PCS","8907144267080","50","2026-09-04T07:34:18.066Z"
"B","R2","Bin 8","B-R2-Bin8","CTN-B-0090","LOT-B-0002","TWLBMB 75X150 ASH","BAMBOO BATH TOWEL","PCS","8907144267080","50","2026-09-04T07:34:54.024Z"
"B","R2","Bin 8","B-R2-Bin8","CTN-B-0091","LOT-B-0002","TWLBMB 75X150 LAV","BAMBOO BATH TOWEL","PCS","8907144267110","50","2026-09-04T07:35:24.624Z"
"B","R2","Bin 8","B-R2-Bin8","CTN-B-0092","LOT-B-0002","TWLBMB 75X150 CR","BAMBOO BATH TOWEL","PCS","8907144267103","50","2026-09-04T07:36:07.152Z"
"B","R2","Bin 8","B-R2-Bin8","CTN-B-0093","LOT-B-0002","TWLBMB 75X150 MINT","BAMBOO BATH TOWEL","PCS","8907144267141","50","2026-09-04T07:36:38.008Z"
"B","R2","Bin 8","B-R2-Bin8","CTN-B-0026","LOT-B-0002","TWLBMB 40X60 OLIVE","BAMBOO HAND TOWEL","PCS","8907144116319","202","2026-09-05T10:45:20.086Z"
"B","R2","Bin 8","B-R2-Bin8","CTN-B-0027","LOT-B-0002","TWLBMB 40X60 SAND","BAMBOO HAND TOWEL","PCS","8907144116357","200","2026-09-05T10:45:43.734Z"
"B","R2","Bin 8","B-R2-Bin8","CTN-B-0028","LOT-B-0002","TWLBMB 40X60 WT","BAMBOO HAND TOWEL","PCS","8907144116364","200","2026-09-05T10:46:11.910Z"
"B","R2","Bin 8","B-R2-Bin8","CTN-B-0030","LOT-B-0002","TWLBMB 40X60 WT","BAMBOO HAND TOWEL","PCS","8907144116364","200","2026-09-05T10:46:46.723Z"
"B","R2","Bin 8","B-R2-Bin8","CTN-B-0029","LOT-B-0002","TWLBMB 40X60 ASH","BAMBOO HAND TOWEL","PCS","8907144116234","124","2026-09-05T10:47:16.640Z"
"B","R2","Bin 8","B-R2-Bin8","CTN-B-0029","LOT-B-1177","TWLBMB 40X60 PEACH","BAMBOO HAND TOWEL","PCS","8907144116333","89","2026-09-05T10:51:03.493Z"
"B","R2","Bin 8","B-R2-Bin8","CTN-B-0032","LOT-B-0002","TWLBMB 40X60 CR","BAMBOO HAND TOWEL","PCS","8907144116258","200","2026-09-05T10:53:31.518Z"
"B","R2","Bin 8","B-R2-Bin8","CTN-B-0033","LOT-B-0002","TWLBMB 40X60 ORCHID","BAMBOO HAND TOWEL","PCS","8907144116326","200","2026-09-05T10:54:03.574Z"
"B","R2","Bin 9","B-R2-Bin9","CTN-B-0049","LOT-B-0002","TWLBMB 75X150 BG","BAMBOO BATH TOWEL","PCS","8907144267097","50","2026-09-05T08:29:02.796Z"
"B","R2","Bin 9","B-R2-Bin9","CTN-B-0050","LOT-B-0002","TWLBMB 75X150 LAV","BAMBOO BATH TOWEL","PCS","8907144267110","50","2026-09-05T08:29:34.315Z"
"B","R2","Bin 9","B-R2-Bin9","CTN-B-0051","LOT-B-0002","TWLBMB 75X150 OLIVE","BAMBOO BATH TOWEL","PCS","8907144267158","50","2026-09-05T08:30:05.474Z"
"B","R2","Bin 9","B-R2-Bin9","CTN-B-0052","LOT-B-0002","TWLBMB 75X150 ASH","BAMBOO BATH TOWEL","PCS","8907144267080","51","2026-09-05T08:30:57.539Z"
"B","R2","Bin 9","B-R2-Bin9","CTN-B-0001","LOT-B-0002","TWLBMB 33X33 ASH","BAMBOO FACE TOWEL","PCS","8907144116371","400","2026-09-07T09:58:10.261Z"
"B","R2","Bin 9","B-R2-Bin9","CTN-B-0004","LOT-B-0002","TWLBMB 33X33 WT","BAMBOO FACE TOWEL","PCS","8907144116500","294","2026-09-07T09:59:16.271Z"
"B","R2","Bin 9","B-R2-Bin9","CTN-B-0003","LOT-B-0002","TWLBMB 33X33 BG","BAMBOO FACE TOWEL","PCS","8907144116388","400","2026-09-07T09:59:53.276Z"
"B","R2","Bin 9","B-R2-Bin9","CTN-B-0004","LOT-B-0002","TWLBMB 33X33 LIME","BAMBOO FACE TOWEL","PCS","8907144116418","117","2026-09-07T10:01:27.376Z"
"B","R2","Bin 9","B-R2-Bin9","CTN-B-0005","LOT-B-0001","TWLBMB 33X33 LT BL","BAMBOO FACE TOWEL","PCS","8907144116425","400","2026-09-07T10:02:09.633Z"
"B","R3","Bin 11","B-R3-Bin11","CTN-B-0024","LOT-B-0001","TW STP 75X150 WTBK","TOWEL LIMITED EDITION","PCS","8907144347973","18","2026-09-07T10:56:45.935Z"
"B","R3","Bin 11","B-R3-Bin11","CTN-B-0060","LOT-B-0001","TW STP 75X150 WTBK","TOWEL LIMITED EDITION","PCS","8907144347973","18","2026-06-26T12:22:49.927Z"
"B","R3","Bin 11","B-R3-Bin11","CTN-B-0063","LOT-B-0001","TW STP 75X150 BKWT","TOWEL LIMITED EDITION","PCS","8907144347980","18","2026-06-26T12:25:42.727Z"
"B","R3","Bin 11","B-R3-Bin11","CTN-B-0065","LOT-B-0001","TW STP 75X150 BKWT","TOWEL LIMITED EDITION","PCS","8907144347980","18","2026-06-26T12:26:16.511Z"
"B","R3","Bin 11","B-R3-Bin11","CTN-B-0066","LOT-B-0001","TW STP 75X150 BKWT","TOWEL LIMITED EDITION","PCS","8907144347980","18","2026-06-26T12:26:44.547Z"
"B","R3","Bin 12","B-R3-Bin12","CTN-B-0015","LOT-B-0001","TW STP 75X150 WTGY","TOWEL LIMITED EDITION","PCS","8907144383216","18","2026-09-07T11:26:53.651Z"
"B","R3","Bin 12","B-R3-Bin12","CTN-B-0007","LOT-B-0001","TW STP 75X150 WTGY","TOWEL LIMITED EDITION","PCS","8907144383216","18","2026-09-07T11:29:58.104Z"
"B","R3","Bin 12","B-R3-Bin12","CTN-B-0003","LOT-B-0001","TW STP 75X150 WTGY","TOWEL LIMITED EDITION","PCS","8907144383216","18","2026-09-07T11:27:54.739Z"
"B","R3","Bin 12","B-R3-Bin12","CTN-B-0001","LOT-B-0001","TW STP 75X150 WTGY","TOWEL LIMITED EDITION","PCS","8907144383216","18","2026-09-07T11:30:20.933Z"
"B","R3","Bin 12","B-R3-Bin12","CTN-B-0027","LOT-B-0001","TW STP 40X60 GYWT","TOWEL LIMITED EDITION","PCS","8907144348048","90","2026-09-07T12:20:06.336Z"
"B","R3","Bin 12","B-R3-Bin12","CTN-B-0029","LOT-B-0001","TW STP 40X60 GYWT","TOWEL LIMITED EDITION","PCS","8907144348048","90","2026-09-07T12:20:38.803Z"
"B","R3","Bin 12","B-R3-Bin12","CTN-B-0030","LOT-B-0001","TW STP 40X60 BKWT","TOWEL LIMITED EDITION","PCS","8907144348031","90","2026-09-07T12:21:20.229Z"
"B","R3","Bin 13","B-R3-Bin13","CTN-B-0031","LOT-B-0001","TW STP 40X60 WTBK","TOWEL LIMITED EDITION","PCS","8907144348024","90","2026-09-07T12:27:28.768Z"
"B","R3","Bin 13","B-R3-Bin13","CTN-B-0013","LOT-B-0001","TW STP 40X60 WTGY","TOWEL LIMITED EDITION","PCS","8907144383223","90","2026-06-27T05:47:21.088Z"
"B","R3","Bin 13","B-R3-Bin13","CTN-B-0025","LOT-B-0001","TW STP 40X60 GYWT","TOWEL LIMITED EDITION","PCS","8907144348048","90","2026-09-07T12:26:36.490Z"
"B","R3","Bin 13","B-R3-Bin13","CTN-B-0032","LOT-B-0001","TW STP 40X60 BKWT","TOWEL LIMITED EDITION","PCS","8907144348031","90","2026-09-07T12:32:32.625Z"
"B","R3","Bin 14","B-R3-Bin14","CTN-B-0068","LOT-B-0001","TW STP 75X150 BKWT","TOWEL LIMITED EDITION","PCS","8907144347980","18","2026-06-26T12:28:45.623Z"
"B","R3","Bin 14","B-R3-Bin14","CTN-B-0070","LOT-B-0001","TW STP 75X150 BKWT","TOWEL LIMITED EDITION","PCS","8907144347980","18","2026-06-26T12:29:19.655Z"
"B","R3","Bin 14","B-R3-Bin14","CTN-B-0071","LOT-B-0001","TW STP 75X150 BKWT","TOWEL LIMITED EDITION","PCS","8907144347980","18","2026-06-26T12:29:54.038Z"
"B","R3","Bin 14","B-R3-Bin14","CTN-B-0074","LOT-B-0001","TW STP 75X150 BKWT","TOWEL LIMITED EDITION","PCS","8907144347980","18","2026-06-26T12:30:23.498Z"
"B","R3","Bin 14","B-R3-Bin14","CTN-B-0069","LOT-B-0001","TW STP 75X150 WTBK","TOWEL LIMITED EDITION","PCS","8907144347973","18","2026-06-26T12:31:30.692Z"
"B","R3","Bin 14","B-R3-Bin14","CTN-B-0072","LOT-B-0001","TW STP 75X150 GYWT","TOWEL LIMITED EDITION","PCS","8907144348000","18","2026-06-26T12:32:20.339Z"
"B","R3","Bin 14","B-R3-Bin14","CTN-B-0073","LOT-B-0001","TW STP 75X150 GYWT","TOWEL LIMITED EDITION","PCS","8907144348000","18","2026-06-26T12:32:49.070Z"
"B","R3","Bin 14","B-R3-Bin14","CTN-B-0075","LOT-B-0001","TW STP 75X150 GYWT","TOWEL LIMITED EDITION","PCS","8907144348000","18","2026-06-26T12:33:15.142Z"
"B","R3","Bin 16","B-R3-Bin16","CTN-B-0009","LOT-B-0001","TWLREST 33X33 FOG","Resort Towel","PCS","8907144124178","199","2026-09-07T06:57:55.089Z"
"B","R3","Bin 16","B-R3-Bin16","CTN-B-0010","LOT-B-0001","TWLREST 33X33 BRCH","Resort Towel","PCS","8907144124154","200","2026-09-07T06:59:05.882Z"
"B","R3","Bin 16","B-R3-Bin16","CTN-B-0012","LOT-B-0001","TWLREST 33X33 ASHR","Resort Towel","PCS","8907144124130","200","2026-09-07T06:59:44.922Z"
"B","R3","Bin 16","B-R3-Bin16","CTN-B-0005","LOT-B-0001","TWLREST 33X33 WT","Resort Towel","PCS","8907144124192","200","2026-09-07T07:00:54.883Z"
"B","R3","Bin 16","B-R3-Bin16","CTN-B-0002","LOT-B-0001","TWLREST 33X33 WT","Resort Towel","PCS","8907144124192","200","2026-09-07T07:01:28.596Z"
"B","R3","Bin 16","B-R3-Bin16","CTN-B-0003","LOT-B-0001","TWLREST 33X33 WT","Resort Towel","PCS","8907144124192","200","2026-09-07T07:01:51.972Z"
"B","R3","Bin 16","B-R3-Bin16","CTN-B-0001","LOT-B-0001","TWLREST 33X33 WT","Resort Towel","PCS","8907144124192","200","2026-09-07T07:02:23.245Z"
"B","R3","Bin 16","B-R3-Bin16","CTN-B-0006","LOT-B-0001","TWLREST 33X33 BG","Resort Towel","PCS","8907144124147","200","2026-09-07T07:03:29.454Z"
"B","R3","Bin 16","B-R3-Bin16","CTN-B-0007","LOT-B-0001","TWLREST 33X33 BG","Resort Towel","PCS","8907144124147","200","2026-09-07T07:04:04.487Z"
"B","R3","Bin 17","B-R3-Bin17","CTN-B-0077","LOT-B-0001","TW STP 75X150 GYWT","TOWEL LIMITED EDITION","PCS","8907144348000","18","2026-06-26T12:34:12.450Z"
"B","R3","Bin 17","B-R3-Bin17","CTN-B-0079","LOT-B-0001","TW STP 75X150 GYWT","TOWEL LIMITED EDITION","PCS","8907144348000","18","2026-06-26T12:34:44.475Z"
"B","R3","Bin 17","B-R3-Bin17","CTN-B-0078","LOT-B-0001","TW STP 75X150 BKWT","TOWEL LIMITED EDITION","PCS","8907144347980","18","2026-06-26T12:35:36.542Z"
"B","R3","Bin 17","B-R3-Bin17","CTN-B-0080","LOT-B-0001","TW STP 75X150 BKWT","TOWEL LIMITED EDITION","PCS","8907144347980","18","2026-06-26T12:36:06.894Z"
"B","R3","Bin 17","B-R3-Bin17","CTN-B-0081","LOT-B-0001","TW STP 75X150 BKWT","TOWEL LIMITED EDITION","PCS","8907144347980","18","2026-06-26T12:36:35.750Z"
"B","R3","Bin 17","B-R3-Bin17","CTN-B-0082","LOT-B-0001","TW STP 75X150 BKWT","TOWEL LIMITED EDITION","PCS","8907144347980","18","2026-06-26T12:37:35.421Z"
"B","R3","Bin 17","B-R3-Bin17","CTN-B-0086","LOT-B-0288","TW STP 75X150 BKWT","TOWEL LIMITED EDITION","PCS","8907144347980","18","2026-06-26T12:38:06.605Z"
"B","R3","Bin 17","B-R3-Bin17","CTN-B-0083","LOT-B-0001","TW STP 75X150 WTBK","TOWEL LIMITED EDITION","PCS","8907144347973","18","2026-06-26T12:38:44.973Z"
"B","R3","Bin 17","B-R3-Bin17","CTN-B-0084","LOT-B-0001","TW STP 75X150 WTBK","TOWEL LIMITED EDITION","PCS","8907144347973","18","2026-06-26T12:39:17.858Z"
"B","R3","Bin 17","B-R3-Bin17","CTN-B-0085","LOT-B-0001","TW STP 75X150 WTBK","TOWEL LIMITED EDITION","PCS","8907144347973","18","2026-06-26T12:39:52.441Z"
"B","R3","Bin 18","B-R3-Bin18","CTN-B-0007","LOT-B-0001","TW STP 40X60 WTBK","TOWEL LIMITED EDITION","PCS","8907144348024","90","2026-06-27T05:50:37.358Z"
"B","R3","Bin 18","B-R3-Bin18","CTN-B-0009","LOT-B-0001","TW STP 40X60 WTBG","TOWEL LIMITED EDITION","PCS","8907144348055","90","2026-06-27T05:52:45.527Z"
"B","R3","Bin 18","B-R3-Bin18","CTN-B-0006","LOT-B-0001","TW STP 40X60 WTBG","TOWEL LIMITED EDITION","PCS","8907144348055","90","2026-06-27T05:53:16.921Z"
"B","R3","Bin 18","B-R3-Bin18","CTN-B-0004","LOT-B-0001","TW STP 40X60 WTGY","TOWEL LIMITED EDITION","PCS","8907144383223","90","2026-06-27T05:54:26.357Z"
"B","R3","Bin 18","B-R3-Bin18","CTN-B-0005","LOT-B-0001","TW STP 40X60 WTGY","TOWEL LIMITED EDITION","PCS","8907144383223","90","2026-06-27T05:54:57.687Z"
"B","R3","Bin 18","B-R3-Bin18","CTN-B-0002","LOT-B-0001","TW STP 40X60 BGWT","TOWEL LIMITED EDITION","PCS","8907144348062","90","2026-06-27T05:56:10.061Z"
"B","R3","Bin 18","B-R3-Bin18","CTN-B-0015","LOT-B-0001","TW STP 40X60 WTBG","TOWEL LIMITED EDITION","PCS","8907144348055","90","2026-09-07T12:38:45.392Z"
"B","R3","Bin 18","B-R3-Bin18","CTN-B-0003","LOT-B-0001","TW STP 40X60 WTBK","TOWEL LIMITED EDITION","PCS","8907144348024","90","2026-09-07T12:39:40.520Z"
"B","R3","Bin 18","B-R3-Bin18","CTN-B-0001","LOT-B-0001","TW STP 40X60 WTBK","TOWEL LIMITED EDITION","PCS","8907144348024","90","2026-09-07T12:41:39.737Z"
"B","R3","Bin 18","B-R3-Bin18","CTN-B-0011","LOT-B-0001","TW STP 40X60 WTGY","TOWEL LIMITED EDITION","PCS","8907144383223","90","2026-09-07T12:42:55.175Z"
"B","R3","Bin 18","B-R3-Bin18","CTN-B-0010","LOT-B-0001","TW STP 40X60 BKWT","TOWEL LIMITED EDITION","PCS","8907144348031","90","2026-09-07T12:44:07.017Z"
"B","R3","Bin 18","B-R3-Bin18","CTN-B-0026","LOT-B-0001","TW STP 40X60 BKWT","TOWEL LIMITED EDITION","PCS","8907144348031","90","2026-09-07T12:45:18.640Z"
"B","R3","Bin 2","B-R3-Bin2","CTN-B-0029","LOT-B-0001","TW STP 75X150 WTGY","TOWEL LIMITED EDITION","PCS","8907144383216","18","2026-06-26T09:58:08.617Z"
"B","R3","Bin 2","B-R3-Bin2","CTN-B-0030","LOT-B-0001","TW STP 75X150 BGWT","TOWEL LIMITED EDITION","PCS","8907144348017","18","2026-06-26T10:00:31.696Z"
"B","R3","Bin 2","B-R3-Bin2","CTN-B-0012","LOT-B-0001","TW STP 75X150 WTGY","TOWEL LIMITED EDITION","PCS","8907144383216","18","2026-09-07T10:29:10.307Z"
"B","R3","Bin 2","B-R3-Bin2","CTN-B-0009","LOT-B-0001","TW STP 75X150 WTGY","TOWEL LIMITED EDITION","PCS","8907144383216","18","2026-09-07T10:28:46.780Z"
"B","R3","Bin 2","B-R3-Bin2","CTN-B-0010","LOT-B-0001","TW STP 75X150 WTGY","TOWEL LIMITED EDITION","PCS","8907144383216","18","2026-09-07T10:28:57.916Z"
"B","R3","Bin 2","B-R3-Bin2","CTN-B-0050","LOT-B-0001","TW STP 75X150 WTBG","TOWEL LIMITED EDITION","PCS","8907144347997","18","2026-09-07T10:30:27.031Z"
"B","R3","Bin 2","B-R3-Bin2","CTN-B-0051","LOT-B-0001","TW STP 75X150 GYWT","TOWEL LIMITED EDITION","PCS","8907144348000","18","2026-09-07T10:30:08.872Z"
"B","R3","Bin 2","B-R3-Bin2","CTN-B-0052","LOT-B-0001","TW STP 75X150 BGWT","TOWEL LIMITED EDITION","PCS","8907144348017","18","2026-09-07T11:10:02.709Z"
"B","R3","Bin 3","B-R3-Bin3","CTN-B-0087","LOT-B-0001","TW STP 75X150 GYWT","TOWEL LIMITED EDITION","PCS","8907144348000","18","2026-06-26T12:55:20.314Z"
"B","R3","Bin 3","B-R3-Bin3","CTN-B-0088","LOT-B-0001","TW STP 75X150 GYWT","TOWEL LIMITED EDITION","PCS","8907144348000","18","2026-06-26T12:55:47.435Z"
"B","R3","Bin 3","B-R3-Bin3","CTN-B-0089","LOT-B-0001","TW STP 75X150 WTBK","TOWEL LIMITED EDITION","PCS","8907144347973","18","2026-06-26T12:56:18.517Z"
"B","R3","Bin 3","B-R3-Bin3","CTN-B-0093","LOT-B-0001","TW STP 75X150 WTBK","TOWEL LIMITED EDITION","PCS","8907144347973","18","2026-06-26T12:56:49.322Z"
"B","R3","Bin 3","B-R3-Bin3","CTN-B-0094","LOT-B-0001","TW STP 75X150 WTBK","TOWEL LIMITED EDITION","PCS","8907144347973","18","2026-06-26T12:57:20.459Z"
"B","R3","Bin 3","B-R3-Bin3","CTN-B-0096","LOT-B-0001","TW STP 75X150 WTBK","TOWEL LIMITED EDITION","PCS","8907144347973","18","2026-06-26T12:57:50.914Z"
"B","R3","Bin 3","B-R3-Bin3","CTN-B-0097","LOT-B-0001","TW STP 75X150 WTBK","TOWEL LIMITED EDITION","PCS","8907144347973","18","2026-06-26T12:58:28.242Z"
"B","R3","Bin 3","B-R3-Bin3","CTN-B-0098","LOT-B-0001","TW STP 75X150 WTBK","TOWEL LIMITED EDITION","PCS","8907144347973","18","2026-06-26T12:58:56.506Z"
"B","R3","Bin 3","B-R3-Bin3","CTN-B-0099","LOT-B-0001","TW STP 75X150 WTBK","TOWEL LIMITED EDITION","PCS","8907144347973","18","2026-06-26T12:59:21.106Z"
"B","R3","Bin 3","B-R3-Bin3","CTN-B-0100","LOT-B-0001","TW STP 75X150 WTBK","TOWEL LIMITED EDITION","PCS","8907144347973","18","2026-06-26T12:59:44.602Z"
"B","R3","Bin 3","B-R3-Bin3","CTN-B-0102","LOT-B-0001","TW STP 75X150 WTBK","TOWEL LIMITED EDITION","PCS","8907144347973","18","2026-06-26T13:00:11.490Z"
"B","R3","Bin 3","B-R3-Bin3","CTN-B-0090","LOT-B-0001","TW STP 75X150 WTBG","TOWEL LIMITED EDITION","PCS","8907144347997","18","2026-06-26T13:03:04.481Z"
"B","R3","Bin 3","B-R3-Bin3","CTN-B-0091","LOT-B-0001","TW STP 75X150 WTBG","TOWEL LIMITED EDITION","PCS","8907144347997","18","2026-06-26T13:03:30.935Z"
"B","R3","Bin 3","B-R3-Bin3","CTN-B-0092","LOT-B-0001","TW STP 75X150 BKWT","TOWEL LIMITED EDITION","PCS","8907144347980","18","2026-06-26T13:04:06.913Z"
"B","R3","Bin 3","B-R3-Bin3","CTN-B-0095","LOT-B-0001","TW STP 75X150 BKWT","TOWEL LIMITED EDITION","PCS","8907144347980","18","2026-06-26T13:04:35.521Z"
"B","R3","Bin 3","B-R3-Bin3","CTN-B-0101","LOT-B-0001","TW STP 75X150 BKWT","TOWEL LIMITED EDITION","PCS","8907144347980","18","2026-06-26T13:05:01.961Z"
"B","R3","Bin 5","B-R3-Bin5","CTN-B-0025","LOT-B-0001","TW STP 75X150 WTGY","TOWEL LIMITED EDITION","PCS","8907144383216","18","2026-09-07T10:40:39.140Z"
"B","R3","Bin 5","B-R3-Bin5","CTN-B-0026","LOT-B-0001","TW STP 75X150 WTGY","TOWEL LIMITED EDITION","PCS","8907144383216","18","2026-09-07T10:40:18.722Z"
"B","R3","Bin 5","B-R3-Bin5","CTN-B-0033","LOT-B-0001","TW STP 75X150 WTGY","TOWEL LIMITED EDITION","PCS","8907144383216","18","2026-09-07T10:39:27.563Z"
"B","R3","Bin 5","B-R3-Bin5","CTN-B-0035","LOT-B-0001","TW STP 75X150 WTGY","TOWEL LIMITED EDITION","PCS","8907144383216","18","2026-09-07T10:41:46.900Z"
"B","R3","Bin 5","B-R3-Bin5","CTN-B-0032","LOT-B-0001","TW STP 75X150 BGWT","TOWEL LIMITED EDITION","PCS","8907144348017","18","2026-09-07T10:42:08.922Z"
"B","R3","Bin 5","B-R3-Bin5","CTN-B-0038","LOT-B-0001","TW STP 75X150 WTBK","TOWEL LIMITED EDITION","PCS","8907144347973","18","2026-06-26T12:04:48.635Z"
"B","R3","Bin 5","B-R3-Bin5","CTN-B-0039","LOT-B-0001","TW STP 75X150 BGWT","TOWEL LIMITED EDITION","PCS","8907144348017","18","2026-06-26T12:06:00.443Z"
"B","R3","Bin 5","B-R3-Bin5","CTN-B-0042","LOT-B-0001","TW STP 75X150 BGWT","TOWEL LIMITED EDITION","PCS","8907144348017","18","2026-06-26T12:06:31.542Z"
"B","R3","Bin 5","B-R3-Bin5","CTN-B-0041","LOT-B-0001","TW STP 75X150 WTBG","TOWEL LIMITED EDITION","PCS","8907144347997","18","2026-06-26T12:08:33.827Z"
"B","R3","Bin 5","B-R3-Bin5","CTN-B-0048","LOT-B-0001","TW STP 75X150 WTBG","TOWEL LIMITED EDITION","PCS","8907144347997","18","2026-06-26T12:10:47.469Z"
"B","R3","Bin 8","B-R3-Bin8","CTN-B-0028","LOT-B-0001","TW STP 75X150 WTGY","TOWEL LIMITED EDITION","PCS","8907144383216","18","2026-09-07T10:52:25.910Z"
"B","R3","Bin 8","B-R3-Bin8","CTN-B-0054","LOT-B-0001","TW STP 75X150 GYWT","TOWEL LIMITED EDITION","PCS","8907144348000","18","2026-06-26T12:14:27.810Z"
"B","R3","Bin 8","B-R3-Bin8","CTN-B-0055","LOT-B-0001","TW STP 75X150 GYWT","TOWEL LIMITED EDITION","PCS","8907144348000","18","2026-06-26T12:15:53.129Z"
"B","R3","Bin 8","B-R3-Bin8","CTN-B-0057","LOT-B-0001","TW STP 75X150 BGWT","TOWEL LIMITED EDITION","PCS","8907144348017","18","2026-06-26T12:17:30.103Z"
"B","R3","Bin 8","B-R3-Bin8","CTN-B-0056","LOT-B-0001","TW STP 75X150 BKWT","TOWEL LIMITED EDITION","PCS","8907144347980","18","2026-06-26T12:20:42.400Z"
"B","R4","Bin 1","B-R4-Bin1","CTN-B-0038","LOT-B-0001","TWLREST 75X150 FOG","Resort Towel","PCS","8907144267479","30","2026-09-18T09:18:21.860Z"
"B","R4","Bin 1","B-R4-Bin1","CTN-B-0039","LOT-B-0001","TWLREST 75X150 FOG","Resort Towel","PCS","8907144267479","30","2026-09-18T09:18:30.504Z"
"B","R4","Bin 1","B-R4-Bin1","CTN-B-0034","LOT-B-0001","TWLREST 75X150 IV","Resort Towel","PCS","8907144267486","30","2026-09-18T09:18:38.714Z"
"B","R4","Bin 1","B-R4-Bin1","CTN-B-0035","LOT-B-0001","TWLREST 75X150 IV","Resort Towel","PCS","8907144267486","30","2026-09-18T09:18:52.178Z"
"B","R4","Bin 1","B-R4-Bin1","CTN-B-0031","LOT-B-0001","TWLREST 75X150 IV","Resort Towel","PCS","8907144267486","30","2026-09-18T09:19:00.995Z"
"B","R4","Bin 10","B-R4-Bin10","CTN-B-0025","LOT-B-0001","TWLREST 40X60 COST","Resort Towel","PCS","8907144124284","100","2026-09-07T09:40:48.111Z"
"B","R4","Bin 10","B-R4-Bin10","CTN-B-0029","LOT-B-0001","TWLREST 40X60 LNFG","Resort Towel","PCS","8907144124291","29","2026-09-07T09:42:26.374Z"
"B","R4","Bin 10","B-R4-Bin10","CTN-B-0031","LOT-B-0001","TWLREST 40X60 LNFG","Resort Towel","PCS","8907144124291","99","2026-09-07T09:43:26.281Z"
"B","R4","Bin 10","B-R4-Bin10","CTN-B-0032","LOT-B-0001","TWLREST 40X60 LNFG","Resort Towel","PCS","8907144124291","99","2026-09-07T09:43:53.386Z"
"B","R4","Bin 11","B-R4-Bin11","CTN-B-0068","LOT-B-0001","TWLREST 75X150 CRBN","Resort Towel","PCS","8907144267455","30","2026-09-18T09:19:16.107Z"
"B","R4","Bin 11","B-R4-Bin11","CTN-B-0069","LOT-B-0001","TWLREST 75X150 CRBN","Resort Towel","PCS","8907144267455","30","2026-09-18T09:19:22.443Z"
"B","R4","Bin 11","B-R4-Bin11","CTN-B-0065","LOT-B-0001","TWLREST 75X150 CRBN","Resort Towel","PCS","8907144267455","30","2026-09-18T09:19:29.771Z"
"B","R4","Bin 11","B-R4-Bin11","CTN-B-0066","LOT-B-0001","TWLREST 75X150 CRBN","Resort Towel","PCS","8907144267455","30","2026-09-18T09:19:42.083Z"
"B","R4","Bin 12","B-R4-Bin12","CTN-B-0019","LOT-B-0001","TWLREST 75X150 WT","Resort Towel","PCS","8907144267509","30","2026-09-18T09:20:13.181Z"
"B","R4","Bin 12","B-R4-Bin12","CTN-B-0020","LOT-B-0001","TWLREST 75X150 WT","Resort Towel","PCS","8907144267509","30","2026-09-18T09:20:21.260Z"
"B","R4","Bin 12","B-R4-Bin12","CTN-B-0021","LOT-B-0001","TWLREST 75X150 WT","Resort Towel","PCS","8907144267509","30","2026-09-18T09:20:27.829Z"
"B","R4","Bin 12","B-R4-Bin12","CTN-B-0013","LOT-B-0001","TWLREST 75X150 WT","Resort Towel","PCS","8907144267509","30","2026-09-18T09:20:34.858Z"
"B","R4","Bin 12","B-R4-Bin12","CTN-B-0014","LOT-B-0001","TWLREST 75X150 WT","Resort Towel","PCS","8907144267509","30","2026-09-18T09:20:46.094Z"
"B","R4","Bin 12","B-R4-Bin12","CTN-B-0015","LOT-B-0001","TWLREST 75X150 WT","Resort Towel","PCS","8907144267509","30","2026-09-18T09:20:53.682Z"
"B","R4","Bin 12","B-R4-Bin12","CTN-B-0016","LOT-B-0001","TWLREST 75X150 WT","Resort Towel","PCS","8907144267509","50","2026-09-18T09:21:02.414Z"
"B","R4","Bin 12","B-R4-Bin12","CTN-B-0017","LOT-B-0001","TWLREST 75X150 WT","Resort Towel","PCS","8907144267509","30","2026-09-18T09:21:09.100Z"
"B","R4","Bin 12","B-R4-Bin12","CTN-B-0018","LOT-B-0001","TWLREST 75X150 WT","Resort Towel","PCS","8907144267509","30","2026-09-18T09:21:23.668Z"
"B","R4","Bin 13","B-R4-Bin13","CTN-B-0010","LOT-B-0462","TWLREST 75X150 WT","Resort Towel","PCS","8907144267509","30","2026-09-18T09:21:47.565Z"
"B","R4","Bin 13","B-R4-Bin13","CTN-B-0011","LOT-B-0001","TWLREST 75X150 WT","Resort Towel","PCS","8907144267509","30","2026-09-18T09:21:53.285Z"
"B","R4","Bin 13","B-R4-Bin13","CTN-B-0012","LOT-B-0001","TWLREST 75X150 WT","Resort Towel","PCS","8907144267509","30","2026-09-18T09:21:59.258Z"
"B","R4","Bin 13","B-R4-Bin13","CTN-B-0007","LOT-B-0001","TWLREST 75X150 WT","Resort Towel","PCS","8907144267509","30","2026-09-18T09:22:05.863Z"
"B","R4","Bin 13","B-R4-Bin13","CTN-B-0008","LOT-B-0001","TWLREST 75X150 WT","Resort Towel","PCS","8907144267509","30","2026-09-18T09:22:15.827Z"
"B","R4","Bin 13","B-R4-Bin13","CTN-B-0009","LOT-B-0001","TWLREST 75X150 WT","Resort Towel","PCS","8907144267509","30","2026-09-18T09:22:23.322Z"
"B","R4","Bin 15","B-R4-Bin15","CTN-B-0013","LOT-B-0001","TWLREST 40X60 IV","Resort Towel","PCS","8907144124260","100","2026-09-07T09:20:33.659Z"
"B","R4","Bin 15","B-R4-Bin15","CTN-B-0014","LOT-B-0001","TWLREST 40X60 IV","Resort Towel","PCS","8907144124260","100","2026-09-07T09:24:54.211Z"
"B","R4","Bin 15","B-R4-Bin15","CTN-B-0015","LOT-B-0001","TWLREST 40X60 IV","Resort Towel","PCS","8907144124260","97","2026-09-07T09:25:26.453Z"
"B","R4","Bin 15","B-R4-Bin15","CTN-B-0016","LOT-B-0001","TWLREST 40X60 BG","Resort Towel","PCS","8907144124222","99","2026-09-07T09:26:02.179Z"
"B","R4","Bin 15","B-R4-Bin15","CTN-B-0017","LOT-B-0017","TWLREST 40X60 BG","Resort Towel","PCS","8907144124222","100","2026-09-07T09:26:44.045Z"
"B","R4","Bin 15","B-R4-Bin15","CTN-B-0018","LOT-B-0001","TWLREST 40X60 BRCH","Resort Towel","PCS","8907144124239","100","2026-09-07T09:27:30.739Z"
"B","R4","Bin 15","B-R4-Bin15","CTN-B-0019","LOT-B-0001","TWLREST 40X60 BRCH","Resort Towel","PCS","8907144124239","99","2026-09-07T09:28:06.379Z"
"B","R4","Bin 15","B-R4-Bin15","CTN-B-0021","LOT-B-0001","TWLREST 40X60 BRCH","Resort Towel","PCS","8907144124239","100","2026-09-07T09:28:54.387Z"
"B","R4","Bin 15","B-R4-Bin15","CTN-B-0023","LOT-B-0001","TWLREST 40X60 COST","Resort Towel","PCS","8907144124284","100","2026-09-07T09:30:15.137Z"
"B","R4","Bin 15","B-R4-Bin15","CTN-B-0024","LOT-B-0001","TWLREST 40X60 COST","Resort Towel","PCS","8907144124284","99","2026-09-07T09:31:07.356Z"
"B","R4","Bin 16","B-R4-Bin16","CTN-B-0002","LOT-B-0001","TWLREST 40X60 WT","Resort Towel","PCS","8907144124277","100","2026-09-07T09:13:27.231Z"
"B","R4","Bin 16","B-R4-Bin16","CTN-B-0003","LOT-B-0001","TWLREST 40X60 WT","Resort Towel","PCS","8907144124277","100","2026-09-07T09:14:00.774Z"
"B","R4","Bin 16","B-R4-Bin16","CTN-B-0005","LOT-B-0001","TWLREST 40X60 WT","Resort Towel","PCS","8907144124277","100","2026-09-07T09:15:20.050Z"
"B","R4","Bin 16","B-R4-Bin16","CTN-B-0006","LOT-B-0001","TWLREST 40X60 WT","Resort Towel","PCS","8907144124277","100","2026-09-07T09:15:49.397Z"
"B","R4","Bin 16","B-R4-Bin16","CTN-B-0009","LOT-B-0001","TWLREST 40X60 WT","Resort Towel","PCS","8907144124277","100","2026-09-07T09:17:42.453Z"
"B","R4","Bin 16","B-R4-Bin16","CTN-B-0010","LOT-B-0001","TWLREST 40X60 WT","Resort Towel","PCS","8907144124277","99","2026-09-07T09:18:31.276Z"
"B","R4","Bin 17","B-R4-Bin17","CTN-B-0083","LOT-B-0001","TWLREST 75X150 ASHR","Resort Towel","PCS","8907144267424","28","2026-09-18T09:23:54.442Z"
"B","R4","Bin 18","B-R4-Bin18","CTN-B-0122","LOT-B-0001","TWLREST 75X150 BG","Resort Towel","PCS","8907144267431","30","2026-09-18T09:24:04.777Z"
"B","R4","Bin 18","B-R4-Bin18","CTN-B-0119","LOT-B-0001","TWLREST 75X150 COST","Resort Towel","PCS","8907144267462","29","2026-09-18T09:24:23.405Z"
"B","R4","Bin 2","B-R4-Bin2","CTN-B-0047","LOT-B-0001","TWLREST 75X150 FOG","Resort Towel","PCS","8907144267479","30","2026-09-18T09:24:33.696Z"
"B","R4","Bin 2","B-R4-Bin2","CTN-B-0048","LOT-B-0001","TWLREST 75X150 FOG","Resort Towel","PCS","8907144267479","28","2026-09-18T09:24:39.876Z"
"B","R4","Bin 2","B-R4-Bin2","CTN-B-0049","LOT-B-0001","TWLREST 75X150 FOG","Resort Towel","PCS","8907144267479","30","2026-09-18T09:24:46.083Z"
"B","R4","Bin 2","B-R4-Bin2","CTN-B-0041","LOT-B-0001","TWLREST 75X150 FOG","Resort Towel","PCS","8907144267479","30","2026-09-18T09:24:54.346Z"
"B","R4","Bin 2","B-R4-Bin2","CTN-B-0042","LOT-B-0001","TWLREST 75X150 FOG","Resort Towel","PCS","8907144267479","30","2026-09-18T09:25:00.347Z"
"B","R4","Bin 2","B-R4-Bin2","CTN-B-0043","LOT-B-0001","TWLREST 75X150 FOG","Resort Towel","PCS","8907144267479","30","2026-09-18T09:25:07.059Z"
"B","R4","Bin 4","B-R4-Bin4","CTN-B-0045","LOT-B-0001","TWLREST 40X60 ASHR","Resort Towel","PCS","8907144124215","100","2026-09-07T09:51:03.633Z"
"B","R4","Bin 4","B-R4-Bin4","CTN-B-0046","LOT-B-0001","TWLREST 40X60 COST","Resort Towel","PCS","8907144124284","100","2026-09-07T09:51:41.960Z"
"B","R4","Bin 4","B-R4-Bin4","CTN-B-0047","LOT-B-0001","TWLREST 40X60 COST","Resort Towel","PCS","8907144124284","100","2026-09-07T09:52:25.571Z"
"B","R4","Bin 4","B-R4-Bin4","CTN-B-0052","LOT-B-0001","TWLREST 40X60 CRBN","Resort Towel","PCS","8907144124246","100","2026-09-07T09:53:09.852Z"
"B","R4","Bin 4","B-R4-Bin4","CTN-B-0049","LOT-B-0001","TWLREST 40X60 CRBN","Resort Towel","PCS","8907144124246","99","2026-09-07T09:53:39.888Z"
"B","R4","Bin 4","B-R4-Bin4","CTN-B-0050","LOT-B-0001","TWLREST 40X60 CRBN","Resort Towel","PCS","8907144124246","50","2026-09-07T09:54:10.325Z"
"B","R4","Bin 4","B-R4-Bin4","CTN-B-0053","LOT-B-0001","TWLREST 40X60 CRBN","Resort Towel","PCS","8907144124246","100","2026-09-07T09:55:00.305Z"
"B","R4","Bin 4","B-R4-Bin4","CTN-B-0054","LOT-B-0001","TWLREST 40X60 CRBN","Resort Towel","PCS","8907144124246","101","2026-09-07T09:55:27.136Z"
"B","R4","Bin 4","B-R4-Bin4","CTN-B-0057","LOT-B-0001","TWLREST 40X60 BG","Resort Towel","PCS","8907144124222","100","2026-09-07T09:55:59.821Z"
"B","R4","Bin 4","B-R4-Bin4","CTN-B-0069","LOT-B-0002","PILLOW MOON","Pillow Moon","PCS","8907144406229","14","2026-09-09T09:50:30.031Z"
"B","R4","Bin 4","B-R4-Bin4","CTN-B-0070","LOT-B-0002","PILLOW MOON","Pillow Moon","PCS","8907144406229","14","2026-09-09T09:51:01.085Z"
"B","R4","Bin 4","B-R4-Bin4","CTN-B-0071","LOT-B-0002","PILLOW MOON","Pillow Moon","PCS","8907144406229","14","2026-09-09T09:51:37.743Z"
"B","R4","Bin 4","B-R4-Bin4","CTN-B-0072","LOT-B-0002","PILLOW MOON","Pillow Moon","PCS","8907144406229","14","2026-09-09T09:52:09.352Z"
"B","R4","Bin 4","B-R4-Bin4","CTN-B-0073","LOT-B-0002","PILLOW MOON","Pillow Moon","PCS","8907144406229","14","2026-09-09T09:55:36.183Z"
"B","R4","Bin 5","B-R4-Bin5","CTN-B-0053","LOT-B-0001","TWLREST 75X150 FOG","Resort Towel","PCS","8907144267479","30","2026-09-18T09:25:40.050Z"
"B","R4","Bin 5","B-R4-Bin5","CTN-B-0054","LOT-B-0001","TWLREST 75X150 FOG","Resort Towel","PCS","8907144267479","30","2026-09-18T09:25:46.421Z"
"B","R4","Bin 5","B-R4-Bin5","CTN-B-0055","LOT-B-0001","TWLREST 75X150 FOG","Resort Towel","PCS","8907144267479","30","2026-09-18T09:25:53.024Z"
"B","R4","Bin 5","B-R4-Bin5","CTN-B-0050","LOT-B-0001","TWLREST 75X150 FOG","Resort Towel","PCS","8907144267479","30","2026-09-18T09:25:58.858Z"
"B","R4","Bin 5","B-R4-Bin5","CTN-B-0092","LOT-B-0001","TWLREST 75X150 BRCH","Resort Towel","PCS","8907144267448","30","2026-09-18T09:26:04.382Z"
"B","R4","Bin 5","B-R4-Bin5","CTN-B-0091","LOT-B-0001","TWLREST 75X150 ASHR","Resort Towel","PCS","8907144267424","30","2026-09-18T09:26:10.032Z"
"B","R4","Bin 6","B-R4-Bin6","CTN-B-0028","LOT-B-0001","TWLREST 75X150 IV","Resort Towel","PCS","8907144267486","30","2026-09-18T09:26:16.318Z"
"B","R4","Bin 6","B-R4-Bin6","CTN-B-0029","LOT-B-0001","TWLREST 75X150 IV","Resort Towel","PCS","8907144267486","30","2026-09-18T09:26:24.312Z"
"B","R4","Bin 6","B-R4-Bin6","CTN-B-0030","LOT-B-0001","TWLREST 75X150 IV","Resort Towel","PCS","8907144267486","30","2026-09-18T09:26:30.920Z"
"B","R4","Bin 7","B-R4-Bin7","CTN-B-0025","LOT-B-0001","TWLREST 75X150 WT","Resort Towel","PCS","8907144267509","30","2026-09-18T09:26:42.274Z"
"B","R4","Bin 7","B-R4-Bin7","CTN-B-0026","LOT-B-0001","TWLREST 75X150 WT","Resort Towel","PCS","8907144267509","30","2026-09-18T09:26:57.504Z"
"B","R4","Bin 7","B-R4-Bin7","CTN-B-0027","LOT-B-0449","TWLREST 75X150 WT","Resort Towel","PCS","8907144267509","30","2026-09-18T09:27:03.325Z"
"B","R4","Bin 7","B-R4-Bin7","CTN-B-0022","LOT-B-0001","TWLREST 75X150 WT","Resort Towel","PCS","8907144267509","30","2026-09-18T09:27:12.661Z"
"B","R4","Bin 7","B-R4-Bin7","CTN-B-0023","LOT-B-0001","TWLREST 75X150 WT","Resort Towel","PCS","8907144267509","30","2026-09-18T09:27:19.986Z"
"B","R4","Bin 7","B-R4-Bin7","CTN-B-0024","LOT-B-0001","TWLREST 75X150 WT","Resort Towel","PCS","8907144267509","30","2026-09-18T09:27:24.883Z"
"B","R4","Bin 8","B-R4-Bin8","CTN-B-0059","LOT-B-0001","TWLREST 75X150 CRBN","Resort Towel","PCS","8907144267455","30","2026-09-18T09:27:31.237Z"
"B","R4","Bin 8","B-R4-Bin8","CTN-B-0060","LOT-B-0001","TWLREST 75X150 CRBN","Resort Towel","PCS","8907144267455","29","2026-09-18T09:27:37.243Z"
"B","R4","Bin 8","B-R4-Bin8","CTN-B-0061","LOT-B-0001","TWLREST 75X150 CRBN","Resort Towel","PCS","8907144267455","30","2026-09-18T09:27:44.818Z"
"B","R4","Bin 8","B-R4-Bin8","CTN-B-0056","LOT-B-0001","TWLREST 75X150 CRBN","Resort Towel","PCS","8907144267455","30","2026-09-18T09:27:53.925Z"
"B","R4","Bin 8","B-R4-Bin8","CTN-B-0094","LOT-B-0001","TWLREST 75X150 BRCH","Resort Towel","PCS","8907144267448","30","2026-09-18T09:27:59.586Z"
"B","R4","Bin 8","B-R4-Bin8","CTN-B-0095","LOT-B-0001","TWLREST 75X150 BRCH","Resort Towel","PCS","8907144267448","30","2026-09-18T09:28:06.908Z"
"B","R4","Bin 9","B-R4-Bin9","CTN-B-0035","LOT-B-1207","TWLREST 40X60 FOG","Resort Towel","PCS","8907144124253","100","2026-09-07T09:44:33.977Z"
"B","R4","Bin 9","B-R4-Bin9","CTN-B-0033","LOT-B-0001","TWLREST 40X60 FOG","Resort Towel","PCS","8907144124253","100","2026-09-07T09:45:03.745Z"
"B","R4","Bin 9","B-R4-Bin9","CTN-B-0038","LOT-B-0001","TWLREST 40X60 FOG","Resort Towel","PCS","8907144124253","100","2026-09-07T09:46:18.473Z"
"B","R4","Bin 9","B-R4-Bin9","CTN-B-0037","LOT-B-0001","TWLREST 40X60 FOG","Resort Towel","PCS","8907144124253","100","2026-09-07T09:47:09.627Z"
"B","R4","Bin 9","B-R4-Bin9","CTN-B-0040","LOT-B-0001","TWLREST 40X60 FOG","Resort Towel","PCS","8907144124253","100","2026-09-07T09:47:48.577Z"
"B","R4","Bin 9","B-R4-Bin9","CTN-B-0039","LOT-B-0001","TWLREST 40X60 FOG","Resort Towel","PCS","8907144124253","100","2026-09-07T09:48:23.057Z"
"B","R4","Bin 9","B-R4-Bin9","CTN-B-0041","LOT-B-0001","TWLREST 40X60 FOG","Resort Towel","PCS","8907144124253","100","2026-09-07T09:48:53.969Z"
"B","R4","Bin 9","B-R4-Bin9","CTN-B-0042","LOT-B-0001","TWLREST 40X60 ASHR","Resort Towel","PCS","8907144124215","100","2026-09-07T09:49:35.047Z"
"B","R5","Bin 1","B-R5-Bin1","CTN-B-0116","LOT-B-0001","TWLREST 75X150 BG","Resort Towel","PCS","8907144267431","30","2026-09-18T09:28:18.762Z"
"B","R5","Bin 1","B-R5-Bin1","CTN-B-0117","LOT-B-0001","TWLREST 75X150 BG","Resort Towel","PCS","8907144267431","30","2026-09-18T09:28:25.338Z"
"B","R5","Bin 1","B-R5-Bin1","CTN-B-0118","LOT-B-0001","TWLREST 75X150 BG","Resort Towel","PCS","8907144267431","30","2026-09-18T09:28:31.258Z"
"B","R5","Bin 1","B-R5-Bin1","CTN-B-0113","LOT-B-0001","TWLREST 75X150 BG","Resort Towel","PCS","8907144267431","30","2026-09-18T09:28:41.893Z"
"B","R5","Bin 1","B-R5-Bin1","CTN-B-0114","LOT-B-0001","TWLREST 75X150 BG","Resort Towel","PCS","8907144267431","30","2026-09-18T09:28:48.715Z"
"B","R5","Bin 1","B-R5-Bin1","CTN-B-0110","LOT-B-0001","TWLREST 75X150 BG","Resort Towel","PCS","8907144267431","30","2026-09-18T09:28:57.827Z"
"B","R5","Bin 1","B-R5-Bin1","CTN-B-0111","LOT-B-0001","TWLREST 75X150 BG","Resort Towel","PCS","8907144267431","30","2026-09-18T09:29:03.933Z"
"B","R5","Bin 1","B-R5-Bin1","CTN-B-0107","LOT-B-0001","TWLREST 75X150 COST","Resort Towel","PCS","8907144267462","30","2026-09-18T09:29:12.362Z"
"B","R5","Bin 11","B-R5-Bin11","CTN-B-0015","LOT-B-0001","TWROMA 2 70X160 CML","ROMA BATH TOWEL","PCS","8907144343425","30","2026-07-28T11:53:31.969Z"
"B","R5","Bin 11","B-R5-Bin11","CTN-B-0016","LOT-B-0001","TWROMA 2 70X160 BK","ROMA BATH TOWEL","PCS","8907144343418","30","2026-07-28T11:55:00.721Z"
"B","R5","Bin 11","B-R5-Bin11","CTN-B-0020","LOT-B-0001","TWROMA 2 70X160 BK","ROMA BATH TOWEL","PCS","8907144343418","29","2026-07-28T11:55:58.721Z"
"B","R5","Bin 11","B-R5-Bin11","CTN-B-0017","LOT-B-0001","TWROMA 2 70X160 MOS","ROMA BATH TOWEL","PCS","8907144343456","30","2026-07-28T11:58:20.473Z"
"B","R5","Bin 11","B-R5-Bin11","CTN-B-0018","LOT-B-0001","TWROMA 2 70X160 MOS","ROMA BATH TOWEL","PCS","8907144343456","30","2026-07-28T11:59:05.496Z"
"B","R5","Bin 11","B-R5-Bin11","CTN-B-0035","LOT-B-0001","TWROMA 2 70X160 BK","ROMA BATH TOWEL","PCS","8907144343418","30","2026-09-08T09:49:43.589Z"
"B","R5","Bin 12","B-R5-Bin12","CTN-B-0090","LOT-B-0001","TWL REST 75X150 ASHR","Resort Towel Ash Rose","PCS","8907144262177","30","2026-08-01T14:09:32.991Z"
"B","R5","Bin 12","B-R5-Bin12","CTN-B-0076","LOT-B-0002","PILLOW MUSHY","PILLOW","PCS","8907144041703","15","2026-09-12T11:33:20.677Z"
"B","R5","Bin 12","B-R5-Bin12","CTN-B-0077","LOT-B-0002","PILLOW MUSHY","PILLOW","PCS","8907144041703","15","2026-09-12T11:34:48.437Z"
"B","R5","Bin 12","B-R5-Bin12","CTN-B-0078","LOT-B-0002","PILLOW MUSHY","PILLOW","PCS","8907144041703","15","2026-09-12T11:36:09.063Z"
"B","R5","Bin 12","B-R5-Bin12","CTN-B-0079","LOT-B-0002","PILLOW MUSHY","PILLOW","PCS","8907144041703","15","2026-09-12T11:37:04.071Z"
"B","R5","Bin 12","B-R5-Bin12","CTN-B-0080","LOT-B-0002","PILLOW MUSHY","PILLOW","PCS","8907144041703","15","2026-09-12T11:37:35.863Z"
"B","R5","Bin 12","B-R5-Bin12","CTN-B-0081","LOT-B-0002","PILLOW MUSHY","PILLOW","PCS","8907144041703","15","2026-09-12T11:38:27.864Z"
"B","R5","Bin 12","B-R5-Bin12","CTN-B-0082","LOT-B-0002","PILLOW MUSHY","PILLOW","PCS","8907144041703","15","2026-09-12T11:39:29.312Z"
"B","R5","Bin 13","B-R5-Bin13","CTN-B-0084","LOT-B-0001","TWL REST 75X150 ASHR","Resort Towel Ash Rose","PCS","8907144262177","30","2026-08-03T06:25:49.293Z"
"B","R5","Bin 13","B-R5-Bin13","CTN-B-0084","LOT-B-0002","PILLOW MUSHY","PILLOW","PCS","8907144041703","15","2026-09-12T11:42:03.077Z"
"B","R5","Bin 13","B-R5-Bin13","CTN-B-0083","LOT-B-0002","PILLOW MUSHY","PILLOW","PCS","8907144041703","15","2026-09-12T11:42:30.010Z"
"B","R5","Bin 13","B-R5-Bin13","CTN-B-0085","LOT-B-0002","PILLOW MUSHY","PILLOW","PCS","8907144041703","15","2026-09-12T11:43:02.178Z"
"B","R5","Bin 13","B-R5-Bin13","CTN-B-0086","LOT-B-0002","PILLOW MUSHY","PILLOW","PCS","8907144041703","15","2026-09-12T11:43:34.535Z"
"B","R5","Bin 13","B-R5-Bin13","CTN-B-0088","LOT-B-0002","PILLOW MUSHY","PILLOW","PCS","8907144041703","15","2026-09-12T11:44:03.434Z"
"B","R5","Bin 13","B-R5-Bin13","CTN-B-0087","LOT-B-0002","PILLOW MUSHY","PILLOW","PCS","8907144041703","15","2026-09-12T11:44:33.428Z"
"B","R5","Bin 14","B-R5-Bin14","CTN-B-0024","LOT-B-0001","TWROMA 2 70X160 BK","ROMA BATH TOWEL","PCS","8907144343418","30","2026-07-28T12:07:25.361Z"
"B","R5","Bin 14","B-R5-Bin14","CTN-B-0025","LOT-B-0001","TWROMA 2 70X160 MOS","ROMA BATH TOWEL","PCS","8907144343456","30","2026-07-28T12:08:54.536Z"
"B","R5","Bin 14","B-R5-Bin14","CTN-B-0026","LOT-B-0001","TWROMA 2 70X160 MOS","ROMA BATH TOWEL","PCS","8907144343456","30","2026-07-28T12:09:29.992Z"
"B","R5","Bin 14","B-R5-Bin14","CTN-B-0027","LOT-B-0001","TWROMA 2 70X160 CML","ROMA BATH TOWEL","PCS","8907144343425","30","2026-07-28T12:10:11.057Z"
"B","R5","Bin 14","B-R5-Bin14","CTN-B-0021","LOT-B-0001","TWROMA 2 70X160 BK","ROMA BATH TOWEL","PCS","8907144343418","30","2026-09-08T09:51:20.821Z"
"B","R5","Bin 2","B-R5-Bin2","CTN-B-0047","LOT-B-0001","TWROMA 1 70X160 BK","ROMA BATH TOWEL","PCS","8907144343302","29","2026-07-28T10:58:49.041Z"
"B","R5","Bin 2","B-R5-Bin2","CTN-B-0044","LOT-B-0001","TWROMA 1 70X160 MOS","ROMA BATH TOWEL","PCS","8907144343333","30","2026-07-28T10:59:26.273Z"
"B","R5","Bin 2","B-R5-Bin2","CTN-B-0048","LOT-B-0001","TWROMA 1 70X160 MOS","ROMA BATH TOWEL","PCS","8907144343333","30","2026-07-28T11:00:09.769Z"
"B","R5","Bin 2","B-R5-Bin2","CTN-B-0030","LOT-B-0001","TWROMA 2 70X160 CML","ROMA BATH TOWEL","PCS","8907144343425","30","2026-09-08T09:30:53.932Z"
"B","R5","Bin 2","B-R5-Bin2","CTN-B-0038","LOT-B-0001","TWROMA 2 70X160 BK","ROMA BATH TOWEL","PCS","8907144343418","30","2026-09-08T09:37:44.559Z"
"B","R5","Bin 3","B-R5-Bin3","CTN-B-0051","LOT-B-0001","TWROMA 1 70X160 CML","ROMA BATH TOWEL","PCS","8907144343319","21","2026-09-08T09:44:45.446Z"
"B","R5","Bin 3","B-R5-Bin3","CTN-B-0022","LOT-B-0001","TWHH 70X150 GR","HIS AND HER TOWEL","PCS","8907144117576","21","2026-08-27T09:18:20.689Z"
"B","R5","Bin 5","B-R5-Bin5","CTN-B-0049","LOT-B-0001","TWROMA 1 70X160 MOS","ROMA BATH TOWEL","PCS","8907144343333","30","2026-09-08T09:24:43.623Z"
"B","R5","Bin 5","B-R5-Bin5","CTN-B-0050","LOT-B-0001","TWROMA 1 70X160 MOS","ROMA BATH TOWEL","PCS","8907144343333","30","2026-09-08T09:24:32.351Z"
"B","R5","Bin 5","B-R5-Bin5","CTN-B-0001","LOT-B-0001","TWROMA 2 70X160 BK","ROMA BATH TOWEL","PCS","8907144343418","30","2026-07-28T11:03:30.593Z"
"B","R5","Bin 5","B-R5-Bin5","CTN-B-0002","LOT-B-0001","TWROMA 2 70X160 CML","ROMA BATH TOWEL","PCS","8907144343425","30","2026-07-28T11:04:35.389Z"
"B","R5","Bin 5","B-R5-Bin5","CTN-B-0033","LOT-B-0001","TWROMA 2 70X160 LTGY","ROMA BATH TOWEL","PCS","8907144343449","30","2026-09-08T09:40:56.606Z"
"B","R5","Bin 5","B-R5-Bin5","CTN-B-0051","LOT-B-0001","TWROMA 1 70X160 CML","ROMA BATH TOWEL","PCS","8907144343319","21","2026-09-08T09:42:04.782Z"
"B","R5","Bin 6","B-R5-Bin6","CTN-B-0108","LOT-B-0001","TWL REST 75X150 COST","Resort Towel Cobble Stone","PCS","8907144262207","30","2026-07-06T13:56:00.866Z"
"B","R5","Bin 6","B-R5-Bin6","CTN-B-0109","LOT-B-0001","TWL REST 75X150 COST","Resort Towel Cobble Stone","PCS","8907144262207","30","2026-07-06T13:56:38.959Z"
"B","R5","Bin 6","B-R5-Bin6","CTN-B-0062","LOT-B-0002","PILLOW MUSHY","PILLOW","PCS","8907144041703","15","2026-09-12T11:16:31.046Z"
"B","R5","Bin 6","B-R5-Bin6","CTN-B-0063","LOT-B-0002","PILLOW MUSHY","PILLOW","PCS","8907144041703","15","2026-09-12T11:16:58.095Z"
"B","R5","Bin 6","B-R5-Bin6","CTN-B-0064","LOT-B-0002","PILLOW MUSHY","PILLOW","PCS","8907144041703","15","2026-09-12T11:17:30.285Z"
"B","R5","Bin 6","B-R5-Bin6","CTN-B-0065","LOT-B-0002","PILLOW MUSHY","PILLOW","PCS","8907144041703","15","2026-09-12T11:17:56.058Z"
"B","R5","Bin 6","B-R5-Bin6","CTN-B-0066","LOT-B-0002","PILLOW MUSHY","PILLOW","PCS","8907144041703","15","2026-09-12T11:18:20.806Z"
"B","R5","Bin 6","B-R5-Bin6","CTN-B-0067","LOT-B-0002","PILLOW MUSHY","PILLOW","PCS","8907144041703","15","2026-09-12T11:18:46.110Z"
"B","R5","Bin 7","B-R5-Bin7","CTN-B-0068","LOT-B-0002","PILLOW MUSHY","PILLOW","PCS","8907144041703","15","2026-09-12T11:19:18.894Z"
"B","R5","Bin 7","B-R5-Bin7","CTN-B-0069","LOT-B-0002","PILLOW MUSHY","PILLOW","PCS","8907144041703","15","2026-09-12T11:19:49.510Z"
"B","R5","Bin 7","B-R5-Bin7","CTN-B-0070","LOT-B-0002","PILLOW MUSHY","PILLOW","PCS","8907144041703","15","2026-09-12T11:20:18.470Z"
"B","R5","Bin 7","B-R5-Bin7","CTN-B-0071","LOT-B-0002","PILLOW MUSHY","PILLOW","PCS","8907144041703","15","2026-09-12T11:20:48.591Z"
"B","R5","Bin 7","B-R5-Bin7","CTN-B-0072","LOT-B-0002","PILLOW MUSHY","PILLOW","PCS","8907144041703","15","2026-09-12T11:21:19.859Z"
"B","R5","Bin 7","B-R5-Bin7","CTN-B-0073","LOT-B-0002","PILLOW MUSHY","PILLOW","PCS","8907144041703","15","2026-09-12T11:23:10.952Z"
"B","R5","Bin 7","B-R5-Bin7","CTN-B-0074","LOT-B-0002","PILLOW MUSHY","PILLOW","PCS","8907144041703","15","2026-09-12T11:23:38.192Z"
"B","R5","Bin 7","B-R5-Bin7","CTN-B-0075","LOT-B-0002","PILLOW MUSHY","PILLOW","PCS","8907144041703","15","2026-09-12T11:24:05.686Z"
"B","R5","Bin 8","B-R5-Bin8","CTN-B-0008","LOT-B-0001","TWROMA 2 70X160 CML","ROMA BATH TOWEL","PCS","8907144343425","30","2026-07-28T11:49:54.572Z"
"B","R5","Bin 8","B-R5-Bin8","CTN-B-0009","LOT-B-0001","TWROMA 2 70X160 CML","ROMA BATH TOWEL","PCS","8907144343425","28","2026-07-28T11:50:40.175Z"
"B","R5","Bin 8","B-R5-Bin8","CTN-B-0013","LOT-B-0001","TWROMA 2 70X160 CML","ROMA BATH TOWEL","PCS","8907144343425","30","2026-07-28T11:51:17.085Z"
"B","R5","Bin 9","B-R5-Bin9","CTN-B-0023","LOT-B-0001","PL MEMORY FOAM DR +","Pillow Doctor Plus","PCS","8907144259726","10","2026-09-22T14:01:43.524Z"
"B","R5","Bin 9","B-R5-Bin9","CTN-B-0024","LOT-B-0002","PL MEMORY FOAM DR +","Pillow Doctor Plus","PCS","8907144259726","10","2026-09-22T14:02:10.562Z"
"B","R5","Bin 9","B-R5-Bin9","CTN-B-0025","LOT-B-0001","PL MEMORY FOAM DR +","Pillow Doctor Plus","PCS","8907144259726","4","2026-09-22T14:02:45.300Z"
"B","R6","Bin 1","B-R6-Bin1","CTN-B-0038","LOT-B-0001","TWROMA 1 70X160 BK","ROMA BATH TOWEL","PCS","8907144343302","30","2026-07-28T08:00:21.819Z"
"B","R6","Bin 1","B-R6-Bin1","CTN-B-0041","LOT-B-0001","TWROMA 1 70X160 BK","ROMA BATH TOWEL","PCS","8907144343302","30","2026-07-28T08:01:16.868Z"
"B","R6","Bin 1","B-R6-Bin1","CTN-B-0037","LOT-B-0001","TWROMA 1 70X160 MOS","ROMA BATH TOWEL","PCS","8907144343333","30","2026-09-08T06:45:28.370Z"
"B","R6","Bin 1","B-R6-Bin1","CTN-B-0040","LOT-B-0001","TWROMA 1 70X160 MOS","ROMA BATH TOWEL","PCS","8907144343333","30","2026-07-28T08:03:09.531Z"
"B","R6","Bin 1","B-R6-Bin1","CTN-B-0053","LOT-B-0001","TWROMA 1 70X160 BK","ROMA BATH TOWEL","PCS","8907144343302","30","2026-09-08T06:47:47.497Z"
"B","R6","Bin 1","B-R6-Bin1","CTN-B-0039","LOT-B-0001","TWROMA 2 70X160 BK","ROMA BATH TOWEL","PCS","8907144343418","30","2026-09-09T09:29:11.656Z"
"B","R6","Bin 10","B-R6-Bin10","CTN-B-0005","LOT-B-0001","TWHH 40X60 BR","HIS AND HER TOWEL","PCS","8907144117620","42","2026-09-08T10:42:34.215Z"
"B","R6","Bin 10","B-R6-Bin10","CTN-B-0002","LOT-B-0001","TWHH 40X60 GRY","HIS AND HER TOWEL","PCS","8907144117613","96","2026-08-27T12:34:19.315Z"
"B","R6","Bin 10","B-R6-Bin10","CTN-B-0010","LOT-B-0001","TWHH 40X60 GRY","HIS AND HER TOWEL","PCS","8907144117613","96","2026-08-27T12:35:05.764Z"
"B","R6","Bin 10","B-R6-Bin10","CTN-B-0009","LOT-B-0001","TWHH 40X60 GRY","HIS AND HER TOWEL","PCS","8907144117613","95","2026-08-27T12:35:49.987Z"
"B","R6","Bin 10","B-R6-Bin10","CTN-B-0006","LOT-B-0001","TWHH 40X60 LT GY","HIS AND HER TOWEL","PCS","8907144117590","96","2026-08-29T13:45:46.595Z"
"B","R6","Bin 10","B-R6-Bin10","CTN-B-0008","LOT-B-0001","TWHH 40X60 LT GY","HIS AND HER TOWEL","PCS","8907144117590","96","2026-08-29T13:46:37.343Z"
"B","R6","Bin 10","B-R6-Bin10","CTN-B-0013","LOT-B-0001","TWHH 40X60 LT GY","HIS AND HER TOWEL","PCS","8907144117590","96","2026-08-29T13:47:55.221Z"
"B","R6","Bin 10","B-R6-Bin10","CTN-B-0007","LOT-B-0001","TWHH 40X60 WHT","HIS AND HER TOWEL","PCS","8907144117606","96","2026-08-29T13:49:44.875Z"
"B","R6","Bin 10","B-R6-Bin10","CTN-B-0011","LOT-B-0001","TWHH 40X60 GR","HIS AND HER TOWEL","PCS","8907144117637","96","2026-08-29T13:50:45.546Z"
"B","R6","Bin 10","B-R6-Bin10","CTN-B-0013","LOT-B-0001","TWROMA 1 40X60 CML","ROMA HAND TOWEL","PCS","8907144343951","150","2026-09-08T06:16:18.751Z"
"B","R6","Bin 10","B-R6-Bin10","CTN-B-0022","LOT-B-0001","TWROMA 1 40X60 BK","ROMA HAND TOWEL","PCS","8907144343944","69","2026-09-08T06:21:06.077Z"
"B","R6","Bin 10","B-R6-Bin10","CTN-B-0057","LOT-B-0001","TWHH 40X60 WHT","HIS AND HER TOWEL","PCS","8907144117606","30","2026-09-08T10:41:17.554Z"
"B","R6","Bin 10","B-R6-Bin10","CTN-B-0005","LOT-B-0001","TWHH 40X60 GRY","HIS AND HER TOWEL","PCS","8907144117613","42","2026-09-08T10:43:14.512Z"
"B","R6","Bin 11","B-R6-Bin11","CTN-B-0009","LOT-B-0001","TWROMA 1 40X60 CML","ROMA HAND TOWEL","PCS","8907144343951","150","2026-09-08T06:15:27.423Z"
"B","R6","Bin 11","B-R6-Bin11","CTN-B-0010","LOT-B-0001","TWROMA 1 40X60 CML","ROMA HAND TOWEL","PCS","8907144343951","150","2026-09-08T06:15:52.390Z"
"B","R6","Bin 11","B-R6-Bin11","CTN-B-0008","LOT-B-0001","TWROMA 1 40X60 BK","ROMA HAND TOWEL","PCS","8907144343944","150","2026-09-08T06:16:50.582Z"
"B","R6","Bin 11","B-R6-Bin11","CTN-B-0011","LOT-B-0001","TWROMA 2 40X60 BK","ROMA HAND TOWEL","PCS","8907144343982","144","2026-09-08T06:18:02.110Z"
"B","R6","Bin 11","B-R6-Bin11","CTN-B-0011","LOT-B-0001","TWROMA 1 40X60 MOS","ROMA HAND TOWEL","PCS","8907144343975","150","2026-09-08T06:19:08.360Z"
"B","R6","Bin 11","B-R6-Bin11","CTN-B-0012","LOT-B-0001","TWROMA 1 40X60 CML","ROMA HAND TOWEL","PCS","8907144343951","45","2026-09-08T06:20:00.134Z"
"B","R6","Bin 11","B-R6-Bin11","CTN-B-0012","LOT-B-0001","TWROMA 1 40X60 MOS","ROMA HAND TOWEL","PCS","8907144343975","37","2026-09-08T06:20:28.413Z"
"B","R6","Bin 11","B-R6-Bin11","CTN-B-0022","LOT-B-0001","TWROMA 1 40X60 LGY","ROMA HAND TOWEL","PCS","8907144343968","56","2026-09-08T06:21:43.446Z"
"B","R6","Bin 11","B-R6-Bin11","CTN-B-0021","LOT-B-0001","TWROMA 1 40X60 MOS","ROMA HAND TOWEL","PCS","8907144343975","150","2026-09-08T06:22:12.101Z"
"B","R6","Bin 12","B-R6-Bin12","CTN-B-0013","LOT-B-0001","TWROMA 1 70X160 CML","ROMA BATH TOWEL","PCS","8907144343319","30","2026-09-08T06:53:01.808Z"
"B","R6","Bin 12","B-R6-Bin12","CTN-B-0014","LOT-B-0001","TWROMA 1 70X160 CML","ROMA BATH TOWEL","PCS","8907144343319","30","2026-09-08T06:53:25.804Z"
"B","R6","Bin 12","B-R6-Bin12","CTN-B-0015","LOT-B-0001","TWROMA 1 70X160 CML","ROMA BATH TOWEL","PCS","8907144343319","30","2026-09-08T06:53:43.762Z"
"B","R6","Bin 12","B-R6-Bin12","CTN-B-0017","LOT-B-0001","TWROMA 1 70X160 CML","ROMA BATH TOWEL","PCS","8907144343319","30","2026-07-28T07:34:51.339Z"
"B","R6","Bin 12","B-R6-Bin12","CTN-B-0018","LOT-B-0001","TWROMA 1 70X160 CML","ROMA BATH TOWEL","PCS","8907144343319","30","2026-07-28T07:35:26.941Z"
"B","R6","Bin 12","B-R6-Bin12","CTN-B-0016","LOT-B-0001","TWROMA 1 70X160 MOS","ROMA BATH TOWEL","PCS","8907144343333","30","2026-07-28T07:36:11.828Z"
"B","R6","Bin 12","B-R6-Bin12","CTN-B-0021","LOT-B-0001","TWROMA 1 70X160 MOS","ROMA BATH TOWEL","PCS","8907144343333","30","2026-07-28T07:36:59.200Z"
"B","R6","Bin 12","B-R6-Bin12","CTN-B-0020","LOT-B-0001","TWROMA 1 70X160 BK","ROMA BATH TOWEL","PCS","8907144343302","30","2026-07-28T07:37:48.685Z"
"B","R6","Bin 12","B-R6-Bin12","CTN-B-0019","LOT-B-0001","TWROMA 1 70X160 BK","ROMA BATH TOWEL","PCS","8907144343302","21","2026-07-28T07:38:32.004Z"
"B","R6","Bin 13","B-R6-Bin13","CTN-B-0010","LOT-B-0001","TWROMA 1 70X160 BK","ROMA BATH TOWEL","PCS","8907144343302","30","2026-07-28T07:28:58.604Z"
"B","R6","Bin 13","B-R6-Bin13","CTN-B-0011","LOT-B-0001","TWROMA 1 70X160 MOS","ROMA BATH TOWEL","PCS","8907144343333","29","2026-07-28T07:30:50.044Z"
"B","R6","Bin 13","B-R6-Bin13","CTN-B-0007","LOT-B-0001","TWROMA 1 70X160 LTGY","ROMA BATH TOWEL","PCS","8907144343326","30","2026-09-08T06:59:20.664Z"
"B","R6","Bin 13","B-R6-Bin13","CTN-B-0008","LOT-B-0001","TWROMA 1 70X160 LTGY","ROMA BATH TOWEL","PCS","8907144343326","30","2026-09-08T07:00:03.607Z"
"B","R6","Bin 13","B-R6-Bin13","CTN-B-0009","LOT-B-0001","TWROMA 1 70X160 LTGY","ROMA BATH TOWEL","PCS","8907144343326","30","2026-09-08T07:00:36.662Z"
"B","R6","Bin 14","B-R6-Bin14","CTN-B-0016","LOT-B-0001","TWROMA 1 40X60 MOS","ROMA HAND TOWEL","PCS","8907144343975","150","2026-09-08T06:24:29.021Z"
"B","R6","Bin 14","B-R6-Bin14","CTN-B-0017","LOT-B-0001","TWROMA 1 40X60 LGY","ROMA HAND TOWEL","PCS","8907144343968","150","2026-09-08T06:25:41.496Z"
"B","R6","Bin 14","B-R6-Bin14","CTN-B-0019","LOT-B-0001","TWROMA 1 40X60 LGY","ROMA HAND TOWEL","PCS","8907144343968","150","2026-09-08T06:26:24.156Z"
"B","R6","Bin 14","B-R6-Bin14","CTN-B-0001","LOT-B-0001","TWROMA 1 33X33 LGY","ROMA FACE TOWEL","PCS","8907144368053","200","2026-09-08T06:28:33.558Z"
"B","R6","Bin 14","B-R6-Bin14","CTN-B-0004","LOT-B-0001","TWROMA 1 33X33 LGY","ROMA FACE TOWEL","PCS","8907144368053","199","2026-09-08T06:29:05.280Z"
"B","R6","Bin 14","B-R6-Bin14","CTN-B-0002","LOT-B-0001","TWROMA 1 33X33 MOS","ROMA FACE TOWEL","PCS","8907144368060","200","2026-09-08T06:29:40.497Z"
"B","R6","Bin 14","B-R6-Bin14","CTN-B-0003","LOT-B-0001","TWROMA 1 33X33 MOS","ROMA FACE TOWEL","PCS","8907144368060","215","2026-09-08T06:30:23.710Z"
"B","R6","Bin 14","B-R6-Bin14","CTN-B-0005","LOT-B-0001","TWROMA 1 33X33 BK","ROMA FACE TOWEL","PCS","8907144368022","227","2026-09-08T06:31:10.567Z"
"B","R6","Bin 15","B-R6-Bin15","CTN-B-0004","LOT-B-0001","TWHH 40X60 LT GY","HIS AND HER TOWEL","PCS","8907144117590","96","2026-09-08T10:48:18.536Z"
"B","R6","Bin 15","B-R6-Bin15","CTN-B-0001","LOT-B-0001","TWHH 40X60 LT BG","HIS AND HER TOWEL","PCS","8907144117583","96","2026-09-08T10:49:05.662Z"
"B","R6","Bin 15","B-R6-Bin15","CTN-B-0014","LOT-B-0001","TWHH 40X60 BR","HIS AND HER TOWEL","PCS","8907144117620","96","2026-09-08T10:50:29.806Z"
"B","R6","Bin 16","B-R6-Bin16","CTN-B-0009","LOT-B-0001","TWROMA 1 33X33 CML","ROMA FACE TOWEL","PCS","8907144368046","200","2026-09-08T06:33:17.963Z"
"B","R6","Bin 17","B-R6-Bin17","CTN-B-0006","LOT-B-0001","TWROMA 1 33X33 BK","ROMA FACE TOWEL","PCS","8907144368022","199","2026-09-08T06:31:50.350Z"
"B","R6","Bin 17","B-R6-Bin17","CTN-B-0007","LOT-B-0001","TWROMA 1 33X33 BK","ROMA FACE TOWEL","PCS","8907144368022","200","2026-09-08T06:32:18.131Z"
"B","R6","Bin 17","B-R6-Bin17","CTN-B-0008","LOT-B-0001","TWROMA 1 33X33 CML","ROMA FACE TOWEL","PCS","8907144368046","256","2026-09-08T06:37:28.891Z"
"B","R6","Bin 17","B-R6-Bin17","CTN-B-0001","LOT-B-0001","TWROMA 2 33X33 MOS","ROMA FACE TOWEL","PCS","8907144367230","200","2026-09-08T06:34:13.881Z"
"B","R6","Bin 17","B-R6-Bin17","CTN-B-0003","LOT-B-0001","TWROMA 1 33X33 CML","ROMA FACE TOWEL","PCS","8907144368046","187","2026-09-08T06:38:47.444Z"
"B","R6","Bin 18","B-R6-Bin18","CTN-B-0001","LOT-B-0001","TWROMA 1 70X160 LTGY","ROMA BATH TOWEL","PCS","8907144343326","30","2026-09-08T07:08:33.798Z"
"B","R6","Bin 18","B-R6-Bin18","CTN-B-0002","LOT-B-0001","TWROMA 1 70X160 LTGY","ROMA BATH TOWEL","PCS","8907144343326","30","2026-09-08T07:09:03.903Z"
"B","R6","Bin 18","B-R6-Bin18","CTN-B-0003","LOT-B-0001","TWROMA 1 70X160 LTGY","ROMA BATH TOWEL","PCS","8907144343326","30","2026-09-08T07:09:38.180Z"
"B","R6","Bin 18","B-R6-Bin18","CTN-B-0004","LOT-B-0001","TWROMA 1 70X160 LTGY","ROMA BATH TOWEL","PCS","8907144343326","30","2026-09-08T07:10:09.158Z"
"B","R6","Bin 18","B-R6-Bin18","CTN-B-0005","LOT-B-0001","TWROMA 1 70X160 LTGY","ROMA BATH TOWEL","PCS","8907144343326","30","2026-09-08T07:10:43.833Z"
"B","R6","Bin 18","B-R6-Bin18","CTN-B-0006","LOT-B-0001","TWROMA 1 70X160 LTGY","ROMA BATH TOWEL","PCS","8907144343326","30","2026-09-08T07:11:12.028Z"
"B","R6","Bin 2","B-R6-Bin2","CTN-B-0001","LOT-B-0001","TWROMA 2 40X60 BK","ROMA HAND TOWEL","PCS","8907144343982","150","2026-09-08T05:28:02.894Z"
"B","R6","Bin 2","B-R6-Bin2","CTN-B-0004","LOT-B-0001","TWROMA 2 40X60 CML","ROMA HAND TOWEL","PCS","8907144343999","147","2026-09-08T09:18:25.002Z"
"B","R6","Bin 2","B-R6-Bin2","CTN-B-0008","LOT-B-0001","TWROMA 2 40X60 CML","ROMA HAND TOWEL","PCS","8907144343999","148","2026-09-08T05:30:58.796Z"
"B","R6","Bin 2","B-R6-Bin2","CTN-B-0005","LOT-B-0001","TWROMA 2 40X60 LGY","ROMA HAND TOWEL","PCS","8907144344002","150","2026-09-08T05:31:32.190Z"
"B","R6","Bin 2","B-R6-Bin2","CTN-B-0007","LOT-B-0001","TWROMA 2 40X60 LGY","ROMA HAND TOWEL","PCS","8907144344002","150","2026-09-08T05:32:04.851Z"
"B","R6","Bin 2","B-R6-Bin2","CTN-B-0009","LOT-B-0001","TWROMA 2 40X60 LGY","ROMA HAND TOWEL","PCS","8907144344002","150","2026-09-08T05:32:37.486Z"
"B","R6","Bin 3","B-R6-Bin3","CTN-B-0001","LOT-B-0001","TWHH 70X150 WHT","HIS AND HER TOWEL","PCS","8907144117545","21","2026-08-27T07:57:43.472Z"
"B","R6","Bin 3","B-R6-Bin3","CTN-B-0002","LOT-B-0001","TWHH 70X150 WHT","HIS AND HER TOWEL","PCS","8907144117545","21","2026-08-27T07:58:29.847Z"
"B","R6","Bin 3","B-R6-Bin3","CTN-B-0003","LOT-B-0001","TWHH 70X150 WHT","HIS AND HER TOWEL","PCS","8907144117545","21","2026-08-27T07:59:14.583Z"
"B","R6","Bin 3","B-R6-Bin3","CTN-B-0006","LOT-B-0001","TWHH 70X150 WHT","HIS AND HER TOWEL","PCS","8907144117545","21","2026-08-27T07:59:50.959Z"
"B","R6","Bin 3","B-R6-Bin3","CTN-B-0007","LOT-B-0001","TWHH 70X150 WHT","HIS AND HER TOWEL","PCS","8907144117545","21","2026-08-27T08:00:28.832Z"
"B","R6","Bin 3","B-R6-Bin3","CTN-B-0005","LOT-B-0001","TWHH 70X150 LT GY","HIS AND HER TOWEL","PCS","8907144117538","21","2026-08-27T08:02:42.615Z"
"B","R6","Bin 3","B-R6-Bin3","CTN-B-0004","LOT-B-0001","TWHH 70X150 LT BG","HIS AND HER TOWEL","PCS","8907144117521","21","2026-08-27T09:06:29.666Z"
"B","R6","Bin 3","B-R6-Bin3","CTN-B-0008","LOT-B-0001","TWHH 70X150 LT BG","HIS AND HER TOWEL","PCS","8907144117521","21","2026-08-27T09:07:24.362Z"
"B","R6","Bin 3","B-R6-Bin3","CTN-B-0009","LOT-B-0001","TWHH 70X150 WHT","HIS AND HER TOWEL","PCS","8907144117545","21","2026-08-27T09:14:38.910Z"
"B","R6","Bin 3","B-R6-Bin3","CTN-B-0014","LOT-B-0001","TWHH 70X150 WHT","HIS AND HER TOWEL","PCS","8907144117545","21","2026-08-27T09:15:24.744Z"
"B","R6","Bin 3","B-R6-Bin3","CTN-B-0015","LOT-B-0001","TWHH 70X150 WHT","HIS AND HER TOWEL","PCS","8907144117545","21","2026-08-27T09:16:00.663Z"
"B","R6","Bin 3","B-R6-Bin3","CTN-B-0019","LOT-B-0001","TWHH 70X150 WHT","HIS AND HER TOWEL","PCS","8907144117545","21","2026-08-27T09:16:59.034Z"
"B","R6","Bin 3","B-R6-Bin3","CTN-B-0016","LOT-B-0001","TWHH 70X150 GRY","HIS AND HER TOWEL","PCS","8907144117552","21","2026-09-08T09:57:18.757Z"
"B","R6","Bin 3","B-R6-Bin3","CTN-B-0021","LOT-B-0001","TWHH 70X150 GRY","HIS AND HER TOWEL","PCS","8907144117552","18","2026-08-27T11:55:30.667Z"
"B","R6","Bin 4","B-R6-Bin4","CTN-B-0023","LOT-B-0001","TWHH 70X150 LT GY","HIS AND HER TOWEL","PCS","8907144117538","21","2026-09-08T09:58:09.003Z"
"B","R6","Bin 4","B-R6-Bin4","CTN-B-0010","LOT-B-0001","TWHH 70X150 LT BG","HIS AND HER TOWEL","PCS","8907144117521","21","2026-08-27T09:21:09.782Z"
"B","R6","Bin 4","B-R6-Bin4","CTN-B-0011","LOT-B-0001","TWHH 70X150 WHT","HIS AND HER TOWEL","PCS","8907144117545","21","2026-08-27T09:21:44.667Z"
"B","R6","Bin 4","B-R6-Bin4","CTN-B-0012","LOT-B-0001","TWHH 70X150 BR","HIS AND HER TOWEL","PCS","8907144117569","21","2026-08-27T09:22:24.350Z"
"B","R6","Bin 4","B-R6-Bin4","CTN-B-0027","LOT-B-0001","TWHH 70X150 BR","HIS AND HER TOWEL","PCS","8907144117569","21","2026-08-27T09:22:58.247Z"
"B","R6","Bin 4","B-R6-Bin4","CTN-B-0025","LOT-B-0001","TWHH 70X150 BR","HIS AND HER TOWEL","PCS","8907144117569","21","2026-08-27T09:23:36.161Z"
"B","R6","Bin 4","B-R6-Bin4","CTN-B-0024","LOT-B-0001","TWHH 70X150 GRY","HIS AND HER TOWEL","PCS","8907144117552","21","2026-08-27T11:56:22.039Z"
"B","R6","Bin 4","B-R6-Bin4","CTN-B-0026","LOT-B-0001","TWHH 70X150 LT GY","HIS AND HER TOWEL","PCS","8907144117538","21","2026-08-27T09:25:11.113Z"
"B","R6","Bin 4","B-R6-Bin4","CTN-B-0028","LOT-B-0001","TWHH 70X150 WHT","HIS AND HER TOWEL","PCS","8907144117545","21","2026-08-27T09:25:48.117Z"
"B","R6","Bin 4","B-R6-Bin4","CTN-B-0029","LOT-B-0001","TWHH 70X150 WHT","HIS AND HER TOWEL","PCS","8907144117545","21","2026-08-27T09:26:34.881Z"
"B","R6","Bin 4","B-R6-Bin4","CTN-B-0030","LOT-B-0001","TWHH 70X150 WHT","HIS AND HER TOWEL","PCS","8907144117545","21","2026-08-27T09:27:53.086Z"
"B","R6","Bin 4","B-R6-Bin4","CTN-B-0041","LOT-B-0001","TWHH 70X150 WHT","HIS AND HER TOWEL","PCS","8907144117545","21","2026-08-27T09:28:21.851Z"
"B","R6","Bin 4","B-R6-Bin4","CTN-B-0040","LOT-B-0001","TWHH 70X150 GR","HIS AND HER TOWEL","PCS","8907144117576","21","2026-08-27T09:28:54.385Z"
"B","R6","Bin 4","B-R6-Bin4","CTN-B-0035","LOT-B-0001","TWHH 70X150 GR","HIS AND HER TOWEL","PCS","8907144117576","21","2026-08-27T09:31:25.051Z"
"B","R6","Bin 4","B-R6-Bin4","CTN-B-0042","LOT-B-0001","TWHH 70X150 BR","HIS AND HER TOWEL","PCS","8907144117569","21","2026-08-27T09:32:31.457Z"
"B","R6","Bin 4","B-R6-Bin4","CTN-B-0039","LOT-B-0001","TWHH 70X150 GRY","HIS AND HER TOWEL","PCS","8907144117552","21","2026-09-08T10:02:26.851Z"
"B","R6","Bin 4","B-R6-Bin4","CTN-B-0034","LOT-B-0001","TWHH 70X150 WHT","HIS AND HER TOWEL","PCS","8907144117545","21","2026-09-08T10:02:06.740Z"
"B","R6","Bin 4","B-R6-Bin4","CTN-B-0022","LOT-B-0001","TWHH 70X150 GR","HIS AND HER TOWEL","PCS","8907144117576","21","2026-09-08T10:14:06.874Z"
"B","R6","Bin 5","B-R6-Bin5","CTN-B-0010","LOT-B-0001","TWROMA 2 40X60 CML","ROMA HAND TOWEL","PCS","8907144343999","150","2026-09-08T05:33:12.549Z"
"B","R6","Bin 5","B-R6-Bin5","CTN-B-0012","LOT-B-0001","TWROMA 2 40X60 MOS","ROMA HAND TOWEL","PCS","8907144344019","150","2026-09-08T05:46:09.435Z"
"B","R6","Bin 5","B-R6-Bin5","CTN-B-0013","LOT-B-0001","TWROMA 2 40X60 MOS","ROMA HAND TOWEL","PCS","8907144344019","150","2026-09-08T05:46:36.979Z"
"B","R6","Bin 5","B-R6-Bin5","CTN-B-0014","LOT-B-0001","TWROMA 2 40X60 MOS","ROMA HAND TOWEL","PCS","8907144344019","149","2026-09-08T05:47:18.934Z"
"B","R6","Bin 5","B-R6-Bin5","CTN-B-0007","LOT-B-0001","TWROMA 1 40X60 BK","ROMA HAND TOWEL","PCS","8907144343944","144","2026-09-08T05:49:09.075Z"
"B","R6","Bin 5","B-R6-Bin5","CTN-B-0016","LOT-B-0001","TWROMA 2 40X60 BK","ROMA HAND TOWEL","PCS","8907144343982","150","2026-09-08T05:49:39.306Z"
"B","R6","Bin 5","B-R6-Bin5","CTN-B-0018","LOT-B-0001","TWROMA 2 40X60 BK","ROMA HAND TOWEL","PCS","8907144343982","150","2026-09-08T05:50:22.686Z"
"B","R6","Bin 5","B-R6-Bin5","CTN-B-0019","LOT-B-0001","TWROMA 2 40X60 BK","ROMA HAND TOWEL","PCS","8907144343982","150","2026-09-08T05:50:54.482Z"
"B","R6","Bin 5","B-R6-Bin5","CTN-B-0017","LOT-B-1268","TWROMA 2 40X60 LGY","ROMA HAND TOWEL","PCS","8907144344002","150","2026-09-08T05:51:21.234Z"
"B","R6","Bin 6","B-R6-Bin6","CTN-B-0028","LOT-B-0001","TWROMA 1 70X160 LTGY","ROMA BATH TOWEL","PCS","8907144343326","30","2026-07-28T07:52:41.523Z"
"B","R6","Bin 6","B-R6-Bin6","CTN-B-0029","LOT-B-0001","TWROMA 1 70X160 LTGY","ROMA BATH TOWEL","PCS","8907144343326","30","2026-07-28T07:53:09.644Z"
"B","R6","Bin 6","B-R6-Bin6","CTN-B-0030","LOT-B-0001","TWROMA 1 70X160 LTGY","ROMA BATH TOWEL","PCS","8907144343326","30","2026-07-28T07:53:39.546Z"
"B","R6","Bin 6","B-R6-Bin6","CTN-B-0031","LOT-B-0001","TWROMA 1 70X160 LTGY","ROMA BATH TOWEL","PCS","8907144343326","30","2026-07-28T07:54:16.404Z"
"B","R6","Bin 6","B-R6-Bin6","CTN-B-0032","LOT-B-0001","TWROMA 1 70X160 LTGY","ROMA BATH TOWEL","PCS","8907144343326","30","2026-07-28T07:55:08.528Z"
"B","R6","Bin 6","B-R6-Bin6","CTN-B-0033","LOT-B-0001","TWROMA 1 70X160 MOS","ROMA BATH TOWEL","PCS","8907144343333","30","2026-07-28T07:55:58.476Z"
"B","R6","Bin 7","B-R6-Bin7","CTN-B-0022","LOT-B-0001","TWROMA 1 70X160 CML","ROMA BATH TOWEL","PCS","8907144343319","30","2026-07-28T07:39:27.599Z"
"B","R6","Bin 7","B-R6-Bin7","CTN-B-0023","LOT-B-0001","TWROMA 1 70X160 CML","ROMA BATH TOWEL","PCS","8907144343319","30","2026-07-28T07:40:08.540Z"
"B","R6","Bin 7","B-R6-Bin7","CTN-B-0025","LOT-B-0538","TWROMA 1 70X160 CML","ROMA BATH TOWEL","PCS","8907144343319","30","2026-07-28T07:40:45.164Z"
"B","R6","Bin 7","B-R6-Bin7","CTN-B-0024","LOT-B-0001","TWROMA 1 70X160 BK","ROMA BATH TOWEL","PCS","8907144343302","30","2026-07-28T07:41:38.931Z"
"B","R6","Bin 7","B-R6-Bin7","CTN-B-0026","LOT-B-0001","TWROMA 1 70X160 BK","ROMA BATH TOWEL","PCS","8907144343302","30","2026-07-28T07:42:24.276Z"
"B","R6","Bin 7","B-R6-Bin7","CTN-B-0027","LOT-B-0001","TWROMA 1 70X160 MOS","ROMA BATH TOWEL","PCS","8907144343333","28","2026-07-28T07:43:33.044Z"
"B","R6","Bin 8","B-R6-Bin8","CTN-B-0001","LOT-B-0001","TWROMA 1 40X60 CML","ROMA HAND TOWEL","PCS","8907144343951","150","2026-09-08T05:59:16.525Z"
"B","R6","Bin 8","B-R6-Bin8","CTN-B-0002","LOT-B-0001","TWROMA 1 40X60 LGY","ROMA HAND TOWEL","PCS","8907144343968","150","2026-09-08T06:03:37.224Z"
"B","R6","Bin 8","B-R6-Bin8","CTN-B-0004","LOT-B-0001","TWROMA 1 40X60 LGY","ROMA HAND TOWEL","PCS","8907144343968","150","2026-09-08T06:04:08.072Z"
"B","R6","Bin 8","B-R6-Bin8","CTN-B-0005","LOT-B-0001","TWROMA 1 40X60 BK","ROMA HAND TOWEL","PCS","8907144343944","150","2026-09-08T06:05:01.969Z"
"B","R6","Bin 9","B-R6-Bin9","CTN-B-0036","LOT-B-0001","TWHH 70X150 GRY","HIS AND HER TOWEL","PCS","8907144117552","21","2026-08-27T11:57:39.567Z"
"B","R6","Bin 9","B-R6-Bin9","CTN-B-0050","LOT-B-0001","TWHH 70X150 GRY","HIS AND HER TOWEL","PCS","8907144117552","21","2026-08-27T11:58:02.630Z"
"B","R6","Bin 9","B-R6-Bin9","CTN-B-0038","LOT-B-0001","TWHH 70X150 WHT","HIS AND HER TOWEL","PCS","8907144117545","21","2026-08-27T11:31:49.441Z"
"B","R6","Bin 9","B-R6-Bin9","CTN-B-0033","LOT-B-0001","TWHH 70X150 WHT","HIS AND HER TOWEL","PCS","8907144117545","21","2026-08-27T11:37:07.064Z"
"B","R6","Bin 9","B-R6-Bin9","CTN-B-0032","LOT-B-0001","TWHH 70X150 WHT","HIS AND HER TOWEL","PCS","8907144117545","21","2026-08-27T11:37:46.171Z"
"B","R6","Bin 9","B-R6-Bin9","CTN-B-0031","LOT-B-0001","TWHH 70X150 WHT","HIS AND HER TOWEL","PCS","8907144117545","15","2026-08-27T11:40:21.247Z"
"B","R6","Bin 9","B-R6-Bin9","CTN-B-0049","LOT-B-0001","TWHH 70X150 WHT","HIS AND HER TOWEL","PCS","8907144117545","21","2026-08-27T11:40:55.071Z"
"B","R6","Bin 9","B-R6-Bin9","CTN-B-0048","LOT-B-0001","TWHH 70X150 WHT","HIS AND HER TOWEL","PCS","8907144117545","21","2026-08-27T11:41:31.751Z"
"B","R6","Bin 9","B-R6-Bin9","CTN-B-0037","LOT-B-0001","TWHH 70X150 LT BG","HIS AND HER TOWEL","PCS","8907144117521","21","2026-08-27T11:42:11.615Z"
"B","R6","Bin 9","B-R6-Bin9","CTN-B-0051","LOT-B-0001","TWHH 70X150 LT BG","HIS AND HER TOWEL","PCS","8907144117521","21","2026-08-27T11:42:48.823Z"
"B","R6","Bin 9","B-R6-Bin9","CTN-B-0047","LOT-B-0001","TWHH 70X150 GR","HIS AND HER TOWEL","PCS","8907144117576","21","2026-08-27T11:48:33.569Z"
"B","R6","Bin 9","B-R6-Bin9","CTN-B-0044","LOT-B-0001","TWHH 70X150 GR","HIS AND HER TOWEL","PCS","8907144117576","21","2026-08-27T11:49:10.637Z"
"B","R6","Bin 9","B-R6-Bin9","CTN-B-0045","LOT-B-0001","TWHH 70X150 LT GY","HIS AND HER TOWEL","PCS","8907144117538","21","2026-08-27T11:50:24.542Z"
"B","R6","Bin 9","B-R6-Bin9","CTN-B-0043","LOT-B-0001","TWHH 70X150 LT GY","HIS AND HER TOWEL","PCS","8907144117538","21","2026-08-27T11:59:03.694Z"
"B","R6","Bin 9","B-R6-Bin9","CTN-B-0052","LOT-B-0001","TWHH 70X150 GR","HIS AND HER TOWEL","PCS","8907144117576","6","2026-09-08T10:23:16.510Z"
"B","R6","Bin 9","B-R6-Bin9","CTN-B-0052","LOT-B-0001","TWHH 70X150 BR","HIS AND HER TOWEL","PCS","8907144117569","15","2026-09-08T10:23:26.328Z"
"B","R6","Bin 9","B-R6-Bin9","CTN-B-0053","LOT-B-0001","TWHH 70X150 LT BG","HIS AND HER TOWEL","PCS","8907144117521","21","2026-09-08T10:22:10.658Z"
"B","R6","Bin 9","B-R6-Bin9","CTN-B-0055","LOT-B-0001","TWHH 70X150 LT BG","HIS AND HER TOWEL","PCS","8907144117521","12","2026-09-08T10:21:57.866Z"
"B","R6","Bin 9","B-R6-Bin9","CTN-B-0056","LOT-B-0001","TWHH 70X150 GRY","HIS AND HER TOWEL","PCS","8907144117552","12","2026-09-08T10:21:37.714Z"
"B","R6","Bin 9","B-R6-Bin9","CTN-B-0057","LOT-B-0001","TWHH 70X150 WHT","HIS AND HER TOWEL","PCS","8907144117545","3","2026-09-08T10:20:53.336Z"
"B","R6","Bin 9","B-R6-Bin9","CTN-B-0058","LOT-B-0001","TWHH 70X150 LT BG","HIS AND HER TOWEL","PCS","8907144117521","20","2026-09-08T10:24:08.786Z"
"B","R7","Bin 1","B-R7-Bin1","CTN-B-0001","LOT-B-0001","TWL CRL 1 35X75 PU","Coral Towel Cubix","PCS","8907144082560","300","2026-08-24T07:52:59.711Z"
"B","R7","Bin 1","B-R7-Bin1","CTN-B-0002","LOT-B-0001","TWL CRL 2 35X75 PU","Coral Towel Waves","PCS","8907144082676","200","2026-09-11T05:09:54.471Z"
"B","R7","Bin 1","B-R7-Bin1","CTN-B-0003","LOT-B-0001","TWL CRL 2 35X75 BL","Coral Towel Waves","PCS","8907144082690","100","2026-08-24T12:41:47.348Z"
"B","R7","Bin 1","B-R7-Bin1","CTN-B-0005","LOT-B-0001","TWL CRL 1 35X75 PK","Coral Towel Cubix","PCS","8907144082607","200","2026-08-24T12:42:47.763Z"
"B","R7","Bin 1","B-R7-Bin1","CTN-B-0006","LOT-B-0001","TWL CRL 1 35X75 BL","Coral Towel Cubix","PCS","8907144082553","300","2026-08-24T12:43:48.443Z"
"B","R7","Bin 1","B-R7-Bin1","CTN-B-0004","LOT-B-0001","TWL CRL 1 35X75 ORCH","Coral Towel Cubix","PCS","8907144082584","50","2026-09-11T06:46:09.887Z"
"B","R7","Bin 10","B-R7-Bin10","CTN-B-0023","LOT-B-0002","PILLOW MUSHY PRSD","PILLOW","PCS","8907144054611","10","2026-09-12T07:17:21.228Z"
"B","R7","Bin 10","B-R7-Bin10","CTN-B-0024","LOT-B-0002","PILLOW MUSHY PRSD","PILLOW","PCS","8907144054611","10","2026-09-12T07:18:00.881Z"
"B","R7","Bin 10","B-R7-Bin10","CTN-B-0025","LOT-B-0002","PILLOW MUSHY PRSD","PILLOW","PCS","8907144054611","10","2026-09-12T08:13:25.288Z"
"B","R7","Bin 10","B-R7-Bin10","CTN-B-0026","LOT-B-0002","PILLOW MUSHY PRSD","PILLOW","PCS","8907144054611","10","2026-09-12T08:13:52.684Z"
"B","R7","Bin 10","B-R7-Bin10","CTN-B-0027","LOT-B-0002","PILLOW MUSHY PRSD","PILLOW","PCS","8907144054611","10","2026-09-12T08:14:20.262Z"
"B","R7","Bin 10","B-R7-Bin10","CTN-B-0028","LOT-B-0002","PILLOW MUSHY PRSD","PILLOW","PCS","8907144054611","10","2026-09-12T08:15:08.875Z"
"B","R7","Bin 10","B-R7-Bin10","CTN-B-0029","LOT-B-0002","PILLOW MUSHY PRSD","PILLOW","PCS","8907144054611","10","2026-09-12T08:15:36.854Z"
"B","R7","Bin 10","B-R7-Bin10","CTN-B-0030","LOT-B-0002","PILLOW MUSHY PRSD","PILLOW","PCS","8907144054611","10","2026-09-12T08:16:03.991Z"
"B","R7","Bin 10","B-R7-Bin10","CTN-B-0031","LOT-B-0031","PILLOW MUSHY PRSD","PILLOW","PCS","8907144054611","10","2026-09-12T08:16:30.281Z"
"B","R7","Bin 10","B-R7-Bin10","CTN-B-0032","LOT-B-0002","PILLOW MUSHY PRSD","PILLOW","PCS","8907144054611","10","2026-09-12T08:18:06.460Z"
"B","R7","Bin 10","B-R7-Bin10","CTN-B-0033","LOT-B-0002","PILLOW MUSHY PRSD","PILLOW","PCS","8907144054611","10","2026-09-12T08:18:22.108Z"
"B","R7","Bin 10","B-R7-Bin10","CTN-B-0034","LOT-B-0002","PILLOW MUSHY PRSD","PILLOW","PCS","8907144054611","10","2026-09-12T08:18:32.531Z"
"B","R7","Bin 10","B-R7-Bin10","CTN-B-0035","LOT-B-0002","PILLOW MUSHY PRSD","PILLOW","PCS","8907144054611","10","2026-09-12T08:18:44.036Z"
"B","R7","Bin 10","B-R7-Bin10","CTN-B-0036","LOT-B-0002","PILLOW MUSHY PRSD","PILLOW","PCS","8907144054611","10","2026-09-12T08:18:56.244Z"
"B","R7","Bin 10","B-R7-Bin10","CTN-B-0037","LOT-B-0002","PILLOW MUSHY PRSD","PILLOW","PCS","8907144054611","10","2026-09-12T08:19:26.680Z"
"B","R7","Bin 11","B-R7-Bin11","CTN-B-0050","LOT-B-0001","TWLCRL 70X146 LT BL","CORAL TOWEL","PCS","8907144116555","100","2026-08-27T06:44:24.085Z"
"B","R7","Bin 11","B-R7-Bin11","CTN-B-0051","LOT-B-0001","TWLCRL 70X146 ROSE","CORAL TOWEL","PCS","8907144116609","100","2026-08-27T06:44:59.686Z"
"B","R7","Bin 11","B-R7-Bin11","CTN-B-0052","LOT-B-0001","TWLCRL 70X146 SAND","CORAL TOWEL","PCS","8907144116616","110","2026-08-27T06:46:03.249Z"
"B","R7","Bin 11","B-R7-Bin11","CTN-B-0055","LOT-B-0001","TWLCRL 70X146 OLIVE","CORAL TOWEL","PCS","8907144116562","60","2026-08-27T06:48:15.812Z"
"B","R7","Bin 11","B-R7-Bin11","CTN-B-0056","LOT-B-0001","TWLCRL 70X146 ADN","CORAL TOWEL","PCS","8907144116517","30","2026-08-27T06:49:02.004Z"
"B","R7","Bin 11","B-R7-Bin11","CTN-B-0059","LOT-B-0001","TWLCRL 70X146 LT BL","CORAL TOWEL","PCS","8907144116555","50","2026-08-27T06:53:48.295Z"
"B","R7","Bin 11","B-R7-Bin11","CTN-B-0058","LOT-B-0001","TWLCRL 70X146 OLIVE","CORAL TOWEL","PCS","8907144116562","40","2026-08-27T06:54:23.300Z"
"B","R7","Bin 11","B-R7-Bin11","CTN-B-0060","LOT-B-0001","TWLCRL 70X146 ROSE","CORAL TOWEL","PCS","8907144116609","50","2026-08-27T06:54:56.828Z"
"B","R7","Bin 11","B-R7-Bin11","CTN-B-0011","LOT-B-0001","TWL CRL 1 70X140 PU","Coral Towel Cubix","PCS","8907144082508","80","2026-09-15T05:29:32.642Z"
"B","R7","Bin 11","B-R7-Bin11","CTN-B-0005","LOT-B-0001","TWL CRL 1 70X140 GY","Coral Towel Cubix","PCS","8907144082515","30","2026-09-15T05:31:34.637Z"
"B","R7","Bin 12","B-R7-Bin12","CTN-B-0008","LOT-B-0001","TWL CRL 1 70X140 BL","Coral Towel Cubix","PCS","8907144082454","40","2026-08-25T11:23:40.356Z"
"B","R7","Bin 12","B-R7-Bin12","CTN-B-0009","LOT-B-0001","TWL CRL 1 70X140 PK","Coral Towel Cubix","PCS","8907144082546","40","2026-08-25T11:24:27.446Z"
"B","R7","Bin 12","B-R7-Bin12","CTN-B-0013","LOT-B-0001","TWL CRL 1 70X140 BL","Coral Towel Cubix","PCS","8907144082454","90","2026-08-25T11:25:50.380Z"
"B","R7","Bin 12","B-R7-Bin12","CTN-B-0001","LOT-B-0001","TWLCRL 70X146 SAND","CORAL TOWEL","PCS","8907144116616","60","2026-08-25T11:34:33.987Z"
"B","R7","Bin 12","B-R7-Bin12","CTN-B-0004","LOT-B-0001","TWL CRL 1 70X140 PK","Coral Towel Cubix","PCS","8907144082546","30","2026-09-11T05:51:33.833Z"
"B","R7","Bin 12","B-R7-Bin12","CTN-B-0012","LOT-B-0001","TWL CRL 1 70X140 BL","Coral Towel Cubix","PCS","8907144082454","70","2026-09-11T05:53:36.850Z"
"B","R7","Bin 12","B-R7-Bin12","CTN-B-0010","LOT-B-0001","TWL CRL 2 70X140 PE","Coral Towel Waves Peach","PCS","8907144082645","70","2026-09-11T06:00:22.322Z"
"B","R7","Bin 12","B-R7-Bin12","CTN-B-0002","LOT-B-0001","TWLCRL 70X146 SAND","CORAL TOWEL","PCS","8907144116616","60","2026-09-11T06:12:06.658Z"
"B","R7","Bin 13","B-R7-Bin13","CTN-B-0008","LOT-B-0001","TWLCRL 70X146 ROSE","CORAL TOWEL","PCS","8907144116609","60","2026-08-27T05:56:35.561Z"
"B","R7","Bin 13","B-R7-Bin13","CTN-B-0011","LOT-B-0001","TWLCRL 70X146 IVORY","CORAL TOWEL","PCS","8907144116531","60","2026-08-27T06:02:11.719Z"
"B","R7","Bin 13","B-R7-Bin13","CTN-B-0005","LOT-B-1259","TWLCRL 70X146 ROSE","CORAL TOWEL","PCS","8907144116609","60","2026-09-11T06:11:01.534Z"
"B","R7","Bin 13","B-R7-Bin13","CTN-B-0009","LOT-B-0001","TWLCRL 70X146 ADN","CORAL TOWEL","PCS","8907144116517","60","2026-09-11T06:11:38.314Z"
"B","R7","Bin 13","B-R7-Bin13","CTN-B-0014","LOT-B-0001","TWLCRL 70X146 FSFRT","CORAL TOWEL","PCS","8907144116524","60","2026-09-11T06:12:37.946Z"
"B","R7","Bin 14","B-R7-Bin14","CTN-B-0061","LOT-B-0001","TWLCRL 70X146 LT BL","CORAL TOWEL","PCS","8907144116555","50","2026-08-27T07:07:16.283Z"
"B","R7","Bin 14","B-R7-Bin14","CTN-B-0062","LOT-B-0001","TWLCRL 70X146 SAND","CORAL TOWEL","PCS","8907144116616","51","2026-08-27T07:08:02.998Z"
"B","R7","Bin 14","B-R7-Bin14","CTN-B-0063","LOT-B-0001","TWLCRL 70X146 ROSE","CORAL TOWEL","PCS","8907144116609","50","2026-08-27T07:11:09.396Z"
"B","R7","Bin 14","B-R7-Bin14","CTN-B-0064","LOT-B-0001","TWLCRL 70X146 ROSE","CORAL TOWEL","PCS","8907144116609","50","2026-08-27T07:12:09.225Z"
"B","R7","Bin 14","B-R7-Bin14","CTN-B-0065","LOT-B-0001","TWLCRL 70X146 SAND","CORAL TOWEL","PCS","8907144116616","40","2026-08-27T07:12:55.099Z"
"B","R7","Bin 14","B-R7-Bin14","CTN-B-0066","LOT-B-0001","TWLCRL 70X146 OLIVE","CORAL TOWEL","PCS","8907144116562","40","2026-08-27T07:13:34.277Z"
"B","R7","Bin 14","B-R7-Bin14","CTN-B-0069","LOT-B-0001","TWLCRL 70X146 LT BL","CORAL TOWEL","PCS","8907144116555","50","2026-08-27T07:15:37.892Z"
"B","R7","Bin 14","B-R7-Bin14","CTN-B-0097","LOT-B-0001","TWL ROM 60X120 FUS","The Roman Bath Towel","PCS","8907144257524","18","2026-09-14T06:35:32.334Z"
"B","R7","Bin 14","B-R7-Bin14","CTN-B-0002","LOT-B-0001","TWL CRL 2 70X140 GR","Coral Towel Waves","PCS","8907144082652","10","2026-09-15T05:42:28.270Z"
"B","R7","Bin 14","B-R7-Bin14","CTN-B-0002","LOT-B-0001","TWL CRL 1 70X140 PK","Coral Towel Cubix","PCS","8907144082546","30","2026-09-15T05:43:25.492Z"
"B","R7","Bin 15","B-R7-Bin15","CTN-B-0122","LOT-B-0001","TWL ROM 60X120 BL","The Roman Bath Towel","PCS","8907144257456","18","2026-09-14T06:21:31.915Z"
"B","R7","Bin 15","B-R7-Bin15","CTN-B-0125","LOT-B-1314","TWL ROM 60X120 MOS","The Roman Bath Towel","PCS","8907144257562","18","2026-09-14T06:21:57.871Z"
"B","R7","Bin 15","B-R7-Bin15","CTN-B-0126","LOT-B-0001","TWL ROM 60X120 MOS","The Roman Bath Towel","PCS","8907144257562","18","2026-09-14T06:22:30.409Z"
"B","R7","Bin 15","B-R7-Bin15","CTN-B-0128","LOT-B-0001","TWL ROM 60X120 BR","The Roman Bath Towel","PCS","8907144257470","18","2026-09-14T06:23:34.226Z"
"B","R7","Bin 15","B-R7-Bin15","CTN-B-0113","LOT-B-0001","TWL ROM 60X120 WT","The Roman Bath Towel","PCS","8907144257609","18","2026-09-14T06:24:11.177Z"
"B","R7","Bin 15","B-R7-Bin15","CTN-B-0109","LOT-B-0001","TWL ROM 60X120 WT","The Roman Bath Towel","PCS","8907144257609","18","2026-09-14T06:24:54.397Z"
"B","R7","Bin 15","B-R7-Bin15","CTN-B-0110","LOT-B-0001","TWL ROM 60X120 WT","The Roman Bath Towel","PCS","8907144257609","18","2026-09-14T06:25:24.263Z"
"B","R7","Bin 15","B-R7-Bin15","CTN-B-0112","LOT-B-0001","TWL ROM 60X120 WT","The Roman Bath Towel","PCS","8907144257609","18","2026-09-14T06:25:55.235Z"
"B","R7","Bin 15","B-R7-Bin15","CTN-B-0115","LOT-B-0001","TWL ROM 60X120 CR","The Roman Bath Towel","PCS","8907144257500","18","2026-09-14T06:26:32.395Z"
"B","R7","Bin 15","B-R7-Bin15","CTN-B-0114","LOT-B-0001","TWL ROM 60X120 CR","The Roman Bath Towel","PCS","8907144257500","18","2026-09-14T06:27:03.420Z"
"B","R7","Bin 15","B-R7-Bin15","CTN-B-0116","LOT-B-0001","TWL ROM 60X120 CR","The Roman Bath Towel","PCS","8907144257500","18","2026-09-14T06:27:42.463Z"
"B","R7","Bin 15","B-R7-Bin15","CTN-B-0117","LOT-B-0001","TWL ROM 60X120 MRS N","The Roman Bath Towel","PCS","8907144162552","18","2026-09-14T06:28:32.382Z"
"B","R7","Bin 15","B-R7-Bin15","CTN-B-0119","LOT-B-0001","TWL ROM 60X120 MAR","The Roman Bath Towel","PCS","8907144257555","18","2026-09-14T06:29:24.598Z"
"B","R7","Bin 15","B-R7-Bin15","CTN-B-0118","LOT-B-0001","TWL ROM 60X120 MAR","The Roman Bath Towel","PCS","8907144257555","18","2026-09-14T06:29:56.655Z"
"B","R7","Bin 15","B-R7-Bin15","CTN-B-0120","LOT-B-0001","TWL ROM 60X120 MAR","The Roman Bath Towel","PCS","8907144257555","18","2026-09-14T06:30:30.765Z"
"B","R7","Bin 15","B-R7-Bin15","CTN-B-0105","LOT-B-0001","TWL ROM 60X120 NBL","The Roman Bath Towel","PCS","8907144257579","18","2026-09-14T06:31:04.696Z"
"B","R7","Bin 15","B-R7-Bin15","CTN-B-0107","LOT-B-0001","TWL ROM 60X120 NBL","The Roman Bath Towel","PCS","8907144257579","18","2026-09-14T06:31:34.599Z"
"B","R7","Bin 15","B-R7-Bin15","CTN-B-0106","LOT-B-0001","TWL ROM 60X120 NBL","The Roman Bath Towel","PCS","8907144257579","18","2026-09-14T06:33:45.847Z"
"B","R7","Bin 15","B-R7-Bin15","CTN-B-0108","LOT-B-0001","TWL ROM 60X120 NBL","The Roman Bath Towel","PCS","8907144257579","18","2026-09-14T06:32:50.226Z"
"B","R7","Bin 15","B-R7-Bin15","CTN-B-0087","LOT-B-0001","TWL ROM 60X120 FUS","The Roman Bath Towel","PCS","8907144257524","18","2026-09-14T06:34:29.492Z"
"B","R7","Bin 15","B-R7-Bin15","CTN-B-0099","LOT-B-0001","TWL ROM 60X120 FUS","The Roman Bath Towel","PCS","8907144257524","18","2026-09-14T06:35:02.142Z"
"B","R7","Bin 15","B-R7-Bin15","CTN-B-0095","LOT-B-0001","TWL ROM 60X120 FUS","The Roman Bath Towel","PCS","8907144257524","18","2026-09-14T06:36:10.765Z"
"B","R7","Bin 15","B-R7-Bin15","CTN-B-0093","LOT-B-0001","TWL ROM 60X120 PK","The Roman Bath Towel","PCS","8907144257586","18","2026-09-14T06:36:45.683Z"
"B","R7","Bin 16","B-R7-Bin16","CTN-B-0098","LOT-B-0001","TWL ROM 60X120 FUS","The Roman Bath Towel","PCS","8907144257524","18","2026-09-14T06:39:35.146Z"
"B","R7","Bin 16","B-R7-Bin16","CTN-B-0100","LOT-B-0001","TWL ROM 60X120 FUS","The Roman Bath Towel","PCS","8907144257524","18","2026-09-14T06:40:03.282Z"
"B","R7","Bin 16","B-R7-Bin16","CTN-B-0094","LOT-B-0001","TWL ROM 60X120 FUS","The Roman Bath Towel","PCS","8907144257524","18","2026-09-14T06:40:28.260Z"
"B","R7","Bin 16","B-R7-Bin16","CTN-B-0096","LOT-B-0001","TWL ROM 60X120 FUS","The Roman Bath Towel","PCS","8907144257524","18","2026-09-14T06:40:58.121Z"
"B","R7","Bin 16","B-R7-Bin16","CTN-B-0104","LOT-B-0001","TWL ROM 60X120 NBL","The Roman Bath Towel","PCS","8907144257579","18","2026-09-14T06:41:27.739Z"
"B","R7","Bin 16","B-R7-Bin16","CTN-B-0091","LOT-B-0001","TWL ROM 60X120 PK","The Roman Bath Towel","PCS","8907144257586","18","2026-09-14T06:43:57.975Z"
"B","R7","Bin 16","B-R7-Bin16","CTN-B-0089","LOT-B-0001","TWL ROM 60X120 PK","The Roman Bath Towel","PCS","8907144257586","18","2026-09-14T06:44:29.150Z"
"B","R7","Bin 16","B-R7-Bin16","CTN-B-0090","LOT-B-0001","TWL ROM 60X120 PK","The Roman Bath Towel","PCS","8907144257586","18","2026-09-14T06:44:59.903Z"
"B","R7","Bin 16","B-R7-Bin16","CTN-B-0092","LOT-B-0001","TWL ROM 60X120 PK","The Roman Bath Towel","PCS","8907144257586","18","2026-09-14T06:45:30.201Z"
"B","R7","Bin 16","B-R7-Bin16","CTN-B-0121","LOT-B-0001","TWL ROM 60X120 BL","The Roman Bath Towel","PCS","8907144257456","18","2026-09-14T06:46:06.616Z"
"B","R7","Bin 16","B-R7-Bin16","CTN-B-0123","LOT-B-0001","TWL ROM 60X120 BL","The Roman Bath Towel","PCS","8907144257456","18","2026-09-14T06:46:44.117Z"
"B","R7","Bin 16","B-R7-Bin16","CTN-B-0088","LOT-B-0001","TWL ROM 60X120 BR","The Roman Bath Towel","PCS","8907144257470","18","2026-09-14T06:47:40.375Z"
"B","R7","Bin 16","B-R7-Bin16","CTN-B-0130","LOT-B-0001","TWL ROM 60X120 CGY","The Roman Bath Towel","PCS","8907144257487","18","2026-09-14T06:48:23.731Z"
"B","R7","Bin 16","B-R7-Bin16","CTN-B-0060","LOT-B-1350","TWL ROM 75X150 MAR","The Roman Bath Towel","PCS","8907144257210","18","2026-09-14T06:50:28.412Z"
"B","R7","Bin 16","B-R7-Bin16","CTN-B-0064","LOT-B-0001","TWL ROM 75X150 MAR","The Roman Bath Towel","PCS","8907144257210","18","2026-09-14T06:50:53.143Z"
"B","R7","Bin 16","B-R7-Bin16","CTN-B-0052","LOT-B-0001","TWL ROM 75X150 MAR","The Roman Bath Towel","PCS","8907144257210","18","2026-09-14T06:51:20.221Z"
"B","R7","Bin 16","B-R7-Bin16","CTN-B-0054","LOT-B-0001","TWL ROM 75X150 FUS","The Roman Bath Towel","PCS","8907144270639","18","2026-09-14T06:51:51.830Z"
"B","R7","Bin 16","B-R7-Bin16","CTN-B-0059","LOT-B-0001","TWL ROM 75X150 PK","The Roman Bath Towel","PCS","8907144270615","18","2026-09-14T06:52:28.550Z"
"B","R7","Bin 16","B-R7-Bin16","CTN-B-0071","LOT-B-0001","TWLCRL 70X146 OLIVE","CORAL TOWEL","PCS","8907144116562","50","2026-09-15T05:45:28.926Z"
"B","R7","Bin 17","B-R7-Bin17","CTN-B-0006","LOT-B-0001","TWLCRL 40X60 IVORY","CORAL TOWEL","PCS","8907144116647","240","2026-09-15T05:58:44.096Z"
"B","R7","Bin 17","B-R7-Bin17","CTN-B-0008","LOT-B-0001","TWLCRL 40X60 FSFRT","CORAL TOWEL","PCS","8907144116630","240","2026-09-15T05:58:03.944Z"
"B","R7","Bin 17","B-R7-Bin17","CTN-B-0007","LOT-B-0001","TWLCRL 40X60 ROSE","CORAL TOWEL","PCS","8907144116722","240","2026-09-15T05:58:31.167Z"
"B","R7","Bin 17","B-R7-Bin17","CTN-B-0010","LOT-B-0001","TWL CRL 40X60 LTBL","Coral Towel","PCS","8907144260180","400","2026-09-15T05:58:56.836Z"
"B","R7","Bin 17","B-R7-Bin17","CTN-B-0001","LOT-B-0001","TWL CRL 2PC GFT ROSE","Coral Towel","SET","8907144260135","50","2026-09-15T06:01:35.183Z"
"B","R7","Bin 17","B-R7-Bin17","CTN-B-0072","LOT-B-0001","TWLCRL 70X146 ROCK","CORAL TOWEL","PCS","8907144116593","50","2026-09-15T05:46:13.033Z"
"B","R7","Bin 17","B-R7-Bin17","CTN-B-0020","LOT-B-0001","TWL CRL 1 35X75 BL","Coral Towel Cubix","PCS","8907144082553","350","2026-09-15T05:55:24.102Z"
"B","R7","Bin 18","B-R7-Bin18","CTN-B-0015","LOT-B-0001","TWLCRL 70X146 FSFRT","CORAL TOWEL","PCS","8907144116524","60","2026-08-27T06:07:22.240Z"
"B","R7","Bin 18","B-R7-Bin18","CTN-B-0017","LOT-B-0001","TWLCRL 70X146 ADN","CORAL TOWEL","PCS","8907144116517","60","2026-08-27T06:15:47.591Z"
"B","R7","Bin 18","B-R7-Bin18","CTN-B-0020","LOT-B-0001","TWLCRL 70X146 IVORY","CORAL TOWEL","PCS","8907144116531","60","2026-09-11T06:33:43.010Z"
"B","R7","Bin 18","B-R7-Bin18","CTN-B-0023","LOT-B-0001","TWLCRL 70X146 FSFRT","CORAL TOWEL","PCS","8907144116524","60","2026-08-27T06:18:00.938Z"
"B","R7","Bin 2","B-R7-Bin2","CTN-B-0027","LOT-B-0001","TWLCRL 70X146 SAND","CORAL TOWEL","PCS","8907144116616","30","2026-08-27T06:20:33.847Z"
"B","R7","Bin 2","B-R7-Bin2","CTN-B-0027","LOT-B-0001","TWLCRL 70X146 LT BL","CORAL TOWEL","PCS","8907144116555","34","2026-08-27T06:21:00.126Z"
"B","R7","Bin 2","B-R7-Bin2","CTN-B-0028","LOT-B-0001","TWLCRL 70X146 OLIVE","CORAL TOWEL","PCS","8907144116562","60","2026-08-27T06:21:48.982Z"
"B","R7","Bin 2","B-R7-Bin2","CTN-B-0030","LOT-B-0001","TWLCRL 70X146 OLIVE","CORAL TOWEL","PCS","8907144116562","50","2026-08-27T06:22:33.958Z"
"B","R7","Bin 2","B-R7-Bin2","CTN-B-0032","LOT-B-0001","TWLCRL 70X146 FSFRT","CORAL TOWEL","PCS","8907144116524","60","2026-08-27T06:23:29.862Z"
"B","R7","Bin 2","B-R7-Bin2","CTN-B-0033","LOT-B-0001","TWLCRL 70X146 ADN","CORAL TOWEL","PCS","8907144116517","100","2026-08-27T06:24:11.918Z"
"B","R7","Bin 2","B-R7-Bin2","CTN-B-0034","LOT-B-0001","TWLCRL 70X146 ROCK","CORAL TOWEL","PCS","8907144116593","34","2026-08-27T06:24:42.070Z"
"B","R7","Bin 2","B-R7-Bin2","CTN-B-0031","LOT-B-0001","TWLCRL 70X146 FSFRT","CORAL TOWEL","PCS","8907144116524","60","2026-08-27T06:25:23.606Z"
"B","R7","Bin 3","B-R7-Bin3","CTN-B-0002","LOT-B-0001","TWLCRL 40X60 ROSE","CORAL TOWEL","PCS","8907144116722","240","2026-08-27T06:57:27.556Z"
"B","R7","Bin 3","B-R7-Bin3","CTN-B-0038","LOT-B-0002","PILLOW MUSHY PRSD","PILLOW","PCS","8907144054611","10","2026-09-12T09:44:55.685Z"
"B","R7","Bin 3","B-R7-Bin3","CTN-B-0006","LOT-B-0002","PILLOW LAVENDER","Pillow Lavender","PCS","8907144259627","12","2026-09-14T13:17:04.617Z"
"B","R7","Bin 3","B-R7-Bin3","CTN-B-0007","LOT-B-0002","PILLOW LAVENDER","Pillow Lavender","PCS","8907144259627","12","2026-09-14T13:17:25.722Z"
"B","R7","Bin 3","B-R7-Bin3","CTN-B-0008","LOT-B-0002","PILLOW LAVENDER","Pillow Lavender","PCS","8907144259627","12","2026-09-14T13:17:48.058Z"
"B","R7","Bin 3","B-R7-Bin3","CTN-B-0009","LOT-B-0002","PILLOW LAVENDER","Pillow Lavender","PCS","8907144259627","12","2026-09-14T13:18:12.624Z"
"B","R7","Bin 3","B-R7-Bin3","CTN-B-0010","LOT-B-0002","PILLOW LAVENDER","Pillow Lavender","PCS","8907144259627","12","2026-09-14T13:18:37.710Z"
"B","R7","Bin 4","B-R7-Bin4","CTN-B-0078","LOT-B-0001","TWL ROM 75X150 NBL","The Roman Bath Towel","PCS","8907144270622","18","2026-08-01T12:54:08.937Z"
"B","R7","Bin 4","B-R7-Bin4","CTN-B-0006","LOT-B-0002","PILLOW MUSHY PRSD","PILLOW","PCS","8907144054611","10","2026-09-12T07:04:58.141Z"
"B","R7","Bin 4","B-R7-Bin4","CTN-B-0007","LOT-B-0002","PILLOW MUSHY PRSD","PILLOW","PCS","8907144054611","10","2026-09-12T07:05:22.626Z"
"B","R7","Bin 4","B-R7-Bin4","CTN-B-0008","LOT-B-0002","PILLOW MUSHY PRSD","PILLOW","PCS","8907144054611","10","2026-09-12T07:05:52.803Z"
"B","R7","Bin 4","B-R7-Bin4","CTN-B-0009","LOT-B-0002","PILLOW MUSHY PRSD","PILLOW","PCS","8907144054611","10","2026-09-12T07:06:15.290Z"
"B","R7","Bin 4","B-R7-Bin4","CTN-B-0010","LOT-B-0002","PILLOW MUSHY PRSD","PILLOW","PCS","8907144054611","10","2026-09-12T07:06:40.119Z"
"B","R7","Bin 4","B-R7-Bin4","CTN-B-0011","LOT-B-0002","PILLOW MUSHY PRSD","PILLOW","PCS","8907144054611","10","2026-09-12T07:07:03.164Z"
"B","R7","Bin 4","B-R7-Bin4","CTN-B-0012","LOT-B-0002","PILLOW MUSHY PRSD","PILLOW","PCS","8907144054611","10","2026-09-12T07:07:31.580Z"
"B","R7","Bin 4","B-R7-Bin4","CTN-B-0013","LOT-B-0002","PILLOW MUSHY PRSD","PILLOW","PCS","8907144054611","10","2026-09-12T07:07:54.757Z"
"B","R7","Bin 4","B-R7-Bin4","CTN-B-0014","LOT-B-0002","PILLOW MUSHY PRSD","PILLOW","PCS","8907144054611","10","2026-09-12T07:08:21.944Z"
"B","R7","Bin 4","B-R7-Bin4","CTN-B-0015","LOT-B-0002","PILLOW MUSHY PRSD","PILLOW","PCS","8907144054611","10","2026-09-12T07:08:50.294Z"
"B","R7","Bin 5","B-R7-Bin5","CTN-B-0035","LOT-B-0001","TWLCRL 70X146 FSFRT","CORAL TOWEL","PCS","8907144116524","60","2026-08-27T06:26:19.014Z"
"B","R7","Bin 5","B-R7-Bin5","CTN-B-0036","LOT-B-0001","TWLCRL 70X146 LT BL","CORAL TOWEL","PCS","8907144116555","60","2026-08-27T06:27:01.718Z"
"B","R7","Bin 5","B-R7-Bin5","CTN-B-0037","LOT-B-0001","TWLCRL 70X146 IVORY","CORAL TOWEL","PCS","8907144116531","60","2026-08-27T06:27:39.287Z"
"B","R7","Bin 5","B-R7-Bin5","CTN-B-0038","LOT-B-0001","TWLCRL 70X146 ADN","CORAL TOWEL","PCS","8907144116517","60","2026-08-27T06:28:15.414Z"
"B","R7","Bin 5","B-R7-Bin5","CTN-B-0039","LOT-B-0001","TWLCRL 70X146 ADN","CORAL TOWEL","PCS","8907144116517","50","2026-08-27T06:28:44.778Z"
"B","R7","Bin 5","B-R7-Bin5","CTN-B-0040","LOT-B-0001","TWLCRL 70X146 OLIVE","CORAL TOWEL","PCS","8907144116562","40","2026-08-27T06:29:20.047Z"
"B","R7","Bin 5","B-R7-Bin5","CTN-B-0041","LOT-B-0001","TWLCRL 70X146 FSFRT","CORAL TOWEL","PCS","8907144116524","60","2026-08-27T06:29:54.730Z"
"B","R7","Bin 5","B-R7-Bin5","CTN-B-0042","LOT-B-0001","TWLCRL 70X146 FSFRT","CORAL TOWEL","PCS","8907144116524","60","2026-08-27T06:30:32.045Z"
"B","R7","Bin 5","B-R7-Bin5","CTN-B-0043","LOT-B-0001","TWLCRL 70X146 FSFRT","CORAL TOWEL","PCS","8907144116524","60","2026-08-27T06:31:05.134Z"
"B","R7","Bin 6","B-R7-Bin6","CTN-B-0007","LOT-B-0001","TWL CRL 2 35X75 GR","Coral Towel Waves","PCS","8907144082713","300","2026-08-24T12:46:30.683Z"
"B","R7","Bin 6","B-R7-Bin6","CTN-B-0008","LOT-B-0001","TWL CRL 1 35X75 GY","Coral Towel Cubix","PCS","8907144082577","300","2026-09-16T06:42:37.313Z"
"B","R7","Bin 6","B-R7-Bin6","CTN-B-0015","LOT-B-0001","TWL CRL 2 35X75 PE","Coral Towel Waves","PCS","8907144082706","50","2026-08-24T12:48:31.156Z"
"B","R7","Bin 6","B-R7-Bin6","CTN-B-0009","LOT-B-0001","TWL CRL 1 35X75 ORCH","Coral Towel Cubix","PCS","8907144082584","300","2026-08-24T12:49:40.859Z"
"B","R7","Bin 6","B-R7-Bin6","CTN-B-0010","LOT-B-0001","TWL CRL 2 35X75 PK","Coral Towel Waves","PCS","8907144082720","150","2026-08-24T12:51:14.522Z"
"B","R7","Bin 6","B-R7-Bin6","CTN-B-0011","LOT-B-0001","TWL CRL 2 35X75 BR","Coral Towel Waves","PCS","8907144082683","150","2026-08-24T13:01:46.913Z"
"B","R7","Bin 6","B-R7-Bin6","CTN-B-0012","LOT-B-0001","TWL CRL 2 35X75 PK","Coral Towel Waves","PCS","8907144082720","200","2026-08-24T13:02:43.849Z"
"B","R7","Bin 6","B-R7-Bin6","CTN-B-0013","LOT-B-0001","TWL CRL 1 35X75 PU","Coral Towel Cubix","PCS","8907144082560","150","2026-08-24T13:03:42.264Z"
"B","R7","Bin 6","B-R7-Bin6","CTN-B-0014","LOT-B-0001","TWL CRL 1 35X75 GR","Coral Towel Cubix","PCS","8907144082591","150","2026-08-24T13:04:46.592Z"
"B","R7","Bin 7","B-R7-Bin7","CTN-B-0018","LOT-B-0001","TWL CRL 2 35X75 BL","Coral Towel Waves","PCS","8907144082690","200","2026-08-24T13:05:50.192Z"
"B","R7","Bin 7","B-R7-Bin7","CTN-B-0016","LOT-B-0001","TWL CRL 1 35X75 PU","Coral Towel Cubix","PCS","8907144082560","50","2026-09-11T05:25:14.508Z"
"B","R7","Bin 7","B-R7-Bin7","CTN-B-0017","LOT-B-0001","TWL CRL 1 35X75 GR","Coral Towel Cubix","PCS","8907144082591","350","2026-08-24T13:07:44.840Z"
"B","R7","Bin 7","B-R7-Bin7","CTN-B-0019","LOT-B-0001","TWL CRL 2 35X75 PE","Coral Towel Waves","PCS","8907144082706","350","2026-08-24T13:08:30.859Z"
"B","R7","Bin 7","B-R7-Bin7","CTN-B-0003","LOT-B-0001","TWL CRL 1 70X140 BL","Coral Towel Cubix","PCS","8907144082454","40","2026-08-25T08:09:40.098Z"
"B","R7","Bin 7","B-R7-Bin7","CTN-B-0007","LOT-B-0001","TWL CRL 1 70X140 GR","Coral Towel Cubix","PCS","8907144082539","30","2026-09-11T05:28:50.634Z"
"B","R7","Bin 7","B-R7-Bin7","CTN-B-0007","LOT-B-0001","TWL CRL 1 70X140 BL","Coral Towel Cubix","PCS","8907144082454","10","2026-09-11T05:29:01.387Z"
"B","R7","Bin 8","B-R7-Bin8","CTN-B-0044","LOT-B-0001","TWLCRL 70X146 ROSE","CORAL TOWEL","PCS","8907144116609","60","2026-08-27T06:33:15.354Z"
"B","R7","Bin 8","B-R7-Bin8","CTN-B-0045","LOT-B-0001","TWLCRL 70X146 ROCK","CORAL TOWEL","PCS","8907144116593","25","2026-08-27T06:33:58.117Z"
"B","R7","Bin 8","B-R7-Bin8","CTN-B-0045","LOT-B-0001","TWLCRL 70X146 FSFRT","CORAL TOWEL","PCS","8907144116524","9","2026-08-27T06:34:41.429Z"
"B","R7","Bin 8","B-R7-Bin8","CTN-B-0046","LOT-B-0001","TWLCRL 70X146 SAND","CORAL TOWEL","PCS","8907144116616","50","2026-08-27T06:35:27.573Z"
"B","R7","Bin 8","B-R7-Bin8","CTN-B-0007","LOT-B-0001","TWLCRL 70X146 ADN","CORAL TOWEL","PCS","8907144116517","60","2026-09-15T05:23:36.486Z"
"B","R7","Bin 8","B-R7-Bin8","CTN-B-0001","LOT-B-0001","TWL CRL 2 70X140 GR","Coral Towel Waves","PCS","8907144082652","40","2026-09-15T05:25:59.894Z"
"B","R7","Bin 9","B-R7-Bin9","CTN-B-0016","LOT-B-0002","PILLOW MUSHY PRSD","PILLOW","PCS","8907144054611","10","2026-09-12T07:09:21.500Z"
"B","R7","Bin 9","B-R7-Bin9","CTN-B-0017","LOT-B-0002","PILLOW MUSHY PRSD","PILLOW","PCS","8907144054611","10","2026-09-12T07:10:56.189Z"
"B","R7","Bin 9","B-R7-Bin9","CTN-B-0018","LOT-B-0002","PILLOW MUSHY PRSD","PILLOW","PCS","8907144054611","10","2026-09-12T07:11:38.229Z"
"B","R7","Bin 9","B-R7-Bin9","CTN-B-0019","LOT-B-0002","PILLOW MUSHY PRSD","PILLOW","PCS","8907144054611","10","2026-09-12T07:15:34.371Z"
"B","R7","Bin 9","B-R7-Bin9","CTN-B-0020","LOT-B-0002","PILLOW MUSHY PRSD","PILLOW","PCS","8907144054611","10","2026-09-12T07:16:04.672Z"
"B","R7","Bin 9","B-R7-Bin9","CTN-B-0021","LOT-B-0002","PILLOW MUSHY PRSD","PILLOW","PCS","8907144054611","10","2026-09-12T07:16:30.409Z"
"B","R7","Bin 9","B-R7-Bin9","CTN-B-0022","LOT-B-0002","PILLOW MUSHY PRSD","PILLOW","PCS","8907144054611","10","2026-09-12T07:16:56.293Z"
"B","R8","Bin 1","B-R8-Bin1","CTN-B-0001","LOT-B-0001","SP TWL 70X140 201 GY","SPREAD TOWEL 7036","PCS","8907144986660","50","2026-09-14T07:47:40.119Z"
"B","R8","Bin 1","B-R8-Bin1","CTN-B-0004","LOT-B-0001","SP TWL 70X140 201 GY","SPREAD TOWEL 7036","PCS","8907144986660","50","2026-09-14T07:48:37.296Z"
"B","R8","Bin 1","B-R8-Bin1","CTN-B-0005","LOT-B-0001","SP TWL 70X140 202 WT","SPREAD TOWEL 8966","PCS","8907144986813","50","2026-09-14T07:49:37.291Z"
"B","R8","Bin 1","B-R8-Bin1","CTN-B-0002","LOT-B-0001","SP TWL 70X140 202 PE","SPREAD TOWEL 8966","PCS","8907144986752","50","2026-09-14T07:50:52.564Z"
"B","R8","Bin 1","B-R8-Bin1","CTN-B-0007","LOT-B-0001","SP TWL 70X140 202 BG","SPREAD TOWEL 8966","PCS","8907144986738","50","2026-09-14T07:51:56.036Z"
"B","R8","Bin 10","B-R8-Bin10","CTN-B-0258","LOT-B-0001","TWLPC 04 70X150 ANT","PICASSO TOWEL","PCS","8907144339305","11","2026-08-29T13:51:46.180Z"
"B","R8","Bin 10","B-R8-Bin10","CTN-B-0258","LOT-B-0001","TWLPC 01 70X150 ANT","PICASSO TOWEL","PCS","8907144338995","8","2026-08-29T13:52:19.845Z"
"B","R8","Bin 10","B-R8-Bin10","CTN-B-0258","LOT-B-0001","TWLPC 01 70X150 BST","PICASSO TOWEL","PCS","8907144338957","10","2026-08-29T13:52:55.346Z"
"B","R8","Bin 10","B-R8-Bin10","CTN-B-0259","LOT-B-0001","TWLPC 02 70X150 BST","PICASSO TOWEL","PCS","8907144339084","15","2026-08-29T13:53:54.578Z"
"B","R8","Bin 10","B-R8-Bin10","CTN-B-0259","LOT-B-1061","TWLPC 02 70X150 ANT","PICASSO TOWEL","PCS","8907144339060","11","2026-08-29T13:54:28.341Z"
"B","R8","Bin 10","B-R8-Bin10","CTN-B-0255","LOT-B-0001","TWLPC 05 70X150 GY","PICASSO TOWEL","PCS","8907144339398","14","2026-08-29T13:55:07.362Z"
"B","R8","Bin 10","B-R8-Bin10","CTN-B-0255","LOT-B-0001","TWLPC 05 70X150 BG","PICASSO TOWEL","PCS","8907144339374","9","2026-08-29T13:55:41.190Z"
"B","R8","Bin 10","B-R8-Bin10","CTN-B-0257","LOT-B-0001","TWLPC 03 70X150 WT","PICASSO TOWEL","PCS","8907144339237","5","2026-08-29T13:56:12.810Z"
"B","R8","Bin 10","B-R8-Bin10","CTN-B-0257","LOT-B-0001","TWLPC 03 70X150 BST","PICASSO TOWEL","PCS","8907144339206","2","2026-08-29T13:56:43.077Z"
"B","R8","Bin 10","B-R8-Bin10","CTN-B-0257","LOT-B-0001","TWLPC 03 70X150 LBR","PICASSO TOWEL","PCS","8907144339220","9","2026-08-29T13:57:18.898Z"
"B","R8","Bin 10","B-R8-Bin10","CTN-B-0257","LOT-B-0001","TWLPC 03 70X150 BG","PICASSO TOWEL","PCS","8907144339190","2","2026-08-29T13:57:46.373Z"
"B","R8","Bin 10","B-R8-Bin10","CTN-B-0256","LOT-B-0001","TWLPC 01 70X150 BG","PICASSO TOWEL","PCS","8907144338964","5","2026-08-29T13:58:30.858Z"
"B","R8","Bin 10","B-R8-Bin10","CTN-B-0256","LOT-B-1069","TWLPC 01 70X150 GY","PICASSO TOWEL","PCS","8907144338988","16","2026-08-29T13:59:01.698Z"
"B","R8","Bin 10","B-R8-Bin10","CTN-B-0260","LOT-B-0001","TWLPC 04 70X150 WT","PICASSO TOWEL","PCS","8907144339350","20","2026-08-29T13:59:41.375Z"
"B","R8","Bin 10","B-R8-Bin10","CTN-B-0082","LOT-B-1071","TWLPC 02 40X60 BG","PICASSO TOWEL","PCS","8907144339138","33","2026-08-29T14:01:19.242Z"
"B","R8","Bin 10","B-R8-Bin10","CTN-B-0082","LOT-B-0001","TWLPC 04 40X60 WT","PICASSO TOWEL","PCS","8907144339534","59","2026-08-29T14:02:11.065Z"
"B","R8","Bin 11","B-R8-Bin11","CTN-B-0018","LOT-B-0001","TWL ROM 60X120 YL","The Roman Bath Towel","PCS","8907144257616","18","2026-09-12T05:19:10.186Z"
"B","R8","Bin 11","B-R8-Bin11","CTN-B-0074","LOT-B-0001","TWL ROM 60X120 FUS","The Roman Bath Towel","PCS","8907144257524","18","2026-06-25T10:57:10.441Z"
"B","R8","Bin 11","B-R8-Bin11","CTN-B-0075","LOT-B-0001","TWL ROM 60X120 FUS","The Roman Bath Towel","PCS","8907144257524","18","2026-06-25T10:57:57.168Z"
"B","R8","Bin 11","B-R8-Bin11","CTN-B-0076","LOT-B-0001","TWL ROM 60X120 FUS","The Roman Bath Towel","PCS","8907144257524","18","2026-06-25T10:58:45.006Z"
"B","R8","Bin 11","B-R8-Bin11","CTN-B-0077","LOT-B-0001","TWL ROM 60X120 FUS","The Roman Bath Towel","PCS","8907144257524","18","2026-06-25T10:59:22.472Z"
"B","R8","Bin 11","B-R8-Bin11","CTN-B-0078","LOT-B-0001","TWL ROM 60X120 CR","The Roman Bath Towel","PCS","8907144257500","18","2026-06-25T11:00:20.696Z"
"B","R8","Bin 11","B-R8-Bin11","CTN-B-0079","LOT-B-0001","TWL ROM 60X120 CR","The Roman Bath Towel","PCS","8907144257500","18","2026-06-25T11:00:54.280Z"
"B","R8","Bin 11","B-R8-Bin11","CTN-B-0080","LOT-B-0001","TWL ROM 60X120 NBL","The Roman Bath Towel","PCS","8907144257579","18","2026-06-25T11:03:15.213Z"
"B","R8","Bin 11","B-R8-Bin11","CTN-B-0081","LOT-B-0001","TWL ROM 60X120 NBL","The Roman Bath Towel","PCS","8907144257579","18","2026-06-25T11:04:47.391Z"
"B","R8","Bin 11","B-R8-Bin11","CTN-B-0082","LOT-B-0001","TWL ROM 60X120 NBL","The Roman Bath Towel","PCS","8907144257579","18","2026-06-25T11:05:39.889Z"
"B","R8","Bin 11","B-R8-Bin11","CTN-B-0084","LOT-B-0001","TWL ROM 60X120 BK","The Roman Bath Towel","PCS","8907144257449","18","2026-06-25T11:07:19.919Z"
"B","R8","Bin 11","B-R8-Bin11","CTN-B-0085","LOT-B-0001","TWL ROM 60X120 CGY","The Roman Bath Towel","PCS","8907144257487","18","2026-06-25T11:08:17.695Z"
"B","R8","Bin 11","B-R8-Bin11","CTN-B-0086","LOT-B-0001","TWL ROM 60X120 MAR","The Roman Bath Towel","PCS","8907144257555","18","2026-06-25T11:09:32.424Z"
"B","R8","Bin 12","B-R8-Bin12","CTN-B-0019","LOT-B-0001","TWL ROM 75X150 BL","The Roman Bath Towel","PCS","8907144270677","18","2026-06-23T09:17:44.240Z"
"B","R8","Bin 12","B-R8-Bin12","CTN-B-0020","LOT-B-0001","TWL ROM 75X150 BL","The Roman Bath Towel","PCS","8907144270677","18","2026-06-23T09:18:21.576Z"
"B","R8","Bin 12","B-R8-Bin12","CTN-B-0021","LOT-B-0001","TWL ROM 75X150 BL","The Roman Bath Towel","PCS","8907144270677","18","2026-06-23T09:18:58.969Z"
"B","R8","Bin 12","B-R8-Bin12","CTN-B-0022","LOT-B-0001","TWL ROM 75X150 BL","The Roman Bath Towel","PCS","8907144270677","18","2026-06-23T09:19:37.792Z"
"B","R8","Bin 12","B-R8-Bin12","CTN-B-0023","LOT-B-0001","TWL ROM 75X150 BL","The Roman Bath Towel","PCS","8907144270677","18","2026-06-23T09:20:11.463Z"
"B","R8","Bin 12","B-R8-Bin12","CTN-B-0024","LOT-B-0001","TWL ROM 75X150 BL","The Roman Bath Towel","PCS","8907144270677","18","2026-06-23T09:21:38.463Z"
"B","R8","Bin 12","B-R8-Bin12","CTN-B-0025","LOT-B-0001","TWL ROM 75X150 BLM","The Roman Bath Towel","PCS","8907144257135","18","2026-06-23T09:22:15.031Z"
"B","R8","Bin 12","B-R8-Bin12","CTN-B-0026","LOT-B-0001","TWL ROM 75X150 BLM","The Roman Bath Towel","PCS","8907144257135","18","2026-06-23T09:22:55.919Z"
"B","R8","Bin 12","B-R8-Bin12","CTN-B-0027","LOT-B-0001","TWL ROM 75X150 BLM","The Roman Bath Towel","PCS","8907144257135","18","2026-06-23T09:23:29.215Z"
"B","R8","Bin 13","B-R8-Bin13","CTN-B-0010","LOT-B-0001","TWL ROM 75X150 BL","The Roman Bath Towel","PCS","8907144270677","18","2026-06-23T08:17:17.197Z"
"B","R8","Bin 13","B-R8-Bin13","CTN-B-0011","LOT-B-0001","TWL ROM 75X150 BL","The Roman Bath Towel","PCS","8907144270677","18","2026-06-23T08:17:45.437Z"
"B","R8","Bin 13","B-R8-Bin13","CTN-B-0012","LOT-B-0001","TWL ROM 75X150 BL","The Roman Bath Towel","PCS","8907144270677","18","2026-06-23T08:17:56.517Z"
"B","R8","Bin 13","B-R8-Bin13","CTN-B-0013","LOT-B-0001","TWL ROM 75X150 BL","The Roman Bath Towel","PCS","8907144270677","18","2026-06-23T08:18:10.813Z"
"B","R8","Bin 13","B-R8-Bin13","CTN-B-0014","LOT-B-0001","TWL ROM 75X150 BL","The Roman Bath Towel","PCS","8907144270677","18","2026-06-23T08:19:12.381Z"
"B","R8","Bin 13","B-R8-Bin13","CTN-B-0015","LOT-B-0001","TWL ROM 75X150 BL","The Roman Bath Towel","PCS","8907144270677","18","2026-06-23T08:20:00.237Z"
"B","R8","Bin 13","B-R8-Bin13","CTN-B-0016","LOT-B-0001","TWL ROM 75X150 BL","The Roman Bath Towel","PCS","8907144270677","18","2026-06-23T08:20:47.453Z"
"B","R8","Bin 13","B-R8-Bin13","CTN-B-0017","LOT-B-0001","TWL ROM 75X150 BL","The Roman Bath Towel","PCS","8907144270677","18","2026-06-23T08:21:23.644Z"
"B","R8","Bin 13","B-R8-Bin13","CTN-B-0018","LOT-B-0001","TWL ROM 75X150 BL","The Roman Bath Towel","PCS","8907144270677","18","2026-06-23T08:22:20.644Z"
"B","R8","Bin 14","B-R8-Bin14","CTN-B-0001","LOT-B-0001","TWL ROM 30X30 RD","The Roman Face Towel","PCS","8907144255537","234","2026-09-12T05:38:49.006Z"
"B","R8","Bin 14","B-R8-Bin14","CTN-B-0003","LOT-B-0001","TWL ROM 30X30 RD","The Roman Face Towel","PCS","8907144255537","240","2026-09-12T05:39:23.541Z"
"B","R8","Bin 14","B-R8-Bin14","CTN-B-0007","LOT-B-0001","TWL ROM 30X30 LIL","The Roman Face Towel","PCS","8907144255483","240","2026-09-12T05:40:00.181Z"
"B","R8","Bin 14","B-R8-Bin14","CTN-B-0004","LOT-B-0001","TWL ROM 30X30 BLMN","The Roman Face Towel","PCS","8907144255414","240","2026-09-12T05:40:36.534Z"
"B","R8","Bin 14","B-R8-Bin14","CTN-B-0010","LOT-B-0001","TWL ROM 40X60 BLMN","The Roman Hand Towel","PCS","8907144257418","100","2026-09-12T05:48:48.319Z"
"B","R8","Bin 14","B-R8-Bin14","CTN-B-0011","LOT-B-0001","TWL ROM 40X60 BLMN","The Roman Hand Towel","PCS","8907144257418","100","2026-09-12T05:49:36.615Z"
"B","R8","Bin 14","B-R8-Bin14","CTN-B-0008","LOT-B-0001","TWL ROM 40X60 BLMN","The Roman Hand Towel","PCS","8907144257418","100","2026-09-12T05:50:19.092Z"
"B","R8","Bin 14","B-R8-Bin14","CTN-B-0009","LOT-B-0001","TWL ROM 40X60 BLMN","The Roman Hand Towel","PCS","8907144257418","100","2026-09-12T05:51:26.654Z"
"B","R8","Bin 16","B-R8-Bin16","CTN-B-0053","LOT-B-0001","TWLPC 02 40X60 GY","PICASSO TOWEL","PCS","8907144339152","100","2026-08-22T14:01:11.586Z"
"B","R8","Bin 16","B-R8-Bin16","CTN-B-0055","LOT-B-0001","TWLPC 01 40X60 ANT","PICASSO TOWEL","PCS","8907144339053","100","2026-08-22T14:08:16.049Z"
"B","R8","Bin 16","B-R8-Bin16","CTN-B-0058","LOT-B-0001","TWLPC 04 40X60 BG","PICASSO TOWEL","PCS","8907144339497","100","2026-08-22T14:02:17.978Z"
"B","R8","Bin 16","B-R8-Bin16","CTN-B-0059","LOT-B-0001","TWLPC 02 40X60 GY","PICASSO TOWEL","PCS","8907144339152","81","2026-08-22T14:10:33.022Z"
"B","R8","Bin 16","B-R8-Bin16","CTN-B-0062","LOT-B-0001","TWLPC 03 40X60 LBR","PICASSO TOWEL","PCS","8907144339282","83","2026-08-22T14:11:09.305Z"
"B","R8","Bin 16","B-R8-Bin16","CTN-B-0064","LOT-B-0001","TWLPC 06 40X60 BG","PICASSO TOWEL","PCS","8907144339619","78","2026-08-24T06:51:42.272Z"
"B","R8","Bin 16","B-R8-Bin16","CTN-B-0067","LOT-B-0001","TWLPC 01 40X60 LBR","PICASSO TOWEL","PCS","8907144339039","94","2026-08-24T06:52:39.080Z"
"B","R8","Bin 16","B-R8-Bin16","CTN-B-0070","LOT-B-0001","TWLPC 02 40X60 BG","PICASSO TOWEL","PCS","8907144339138","100","2026-08-24T06:53:16.412Z"
"B","R8","Bin 16","B-R8-Bin16","CTN-B-0073","LOT-B-0001","TWLPC 04 40X60 GY","PICASSO TOWEL","PCS","8907144339510","100","2026-08-24T06:53:57.864Z"
"B","R8","Bin 16","B-R8-Bin16","CTN-B-0074","LOT-B-0001","TWLPC 05 40X60 BST","PICASSO TOWEL","PCS","8907144339565","80","2026-08-24T06:55:27.072Z"
"B","R8","Bin 16","B-R8-Bin16","CTN-B-0075","LOT-B-0001","TWLPC 02 40X60 WT","PICASSO TOWEL","PCS","8907144339176","100","2026-08-24T06:56:06.377Z"
"B","R8","Bin 16","B-R8-Bin16","CTN-B-0076","LOT-B-0001","TWLPC 02 40X60 LBR","PICASSO TOWEL","PCS","8907144339169","100","2026-08-24T06:57:11.201Z"
"B","R8","Bin 16","B-R8-Bin16","CTN-B-0052","LOT-B-0001","TWLPC 01 40X60 LBR","PICASSO TOWEL","PCS","8907144339039","100","2026-08-24T06:58:02.336Z"
"B","R8","Bin 16","B-R8-Bin16","CTN-B-0051","LOT-B-0001","TWLPC 01 40X60 WT","PICASSO TOWEL","PCS","8907144339008","100","2026-08-24T06:58:39.519Z"
"B","R8","Bin 16","B-R8-Bin16","CTN-B-0054","LOT-B-0001","TWLPC 02 40X60 ANT","PICASSO TOWEL","PCS","8907144339121","90","2026-08-24T06:59:46.647Z"
"B","R8","Bin 16","B-R8-Bin16","CTN-B-0057","LOT-B-0001","TWLPC 03 40X60 GY","PICASSO TOWEL","PCS","8907144339275","100","2026-08-24T07:00:28.812Z"
"B","R8","Bin 16","B-R8-Bin16","CTN-B-0056","LOT-B-0001","TWLPC 04 40X60 GY","PICASSO TOWEL","PCS","8907144339510","100","2026-08-24T07:01:35.139Z"
"B","R8","Bin 16","B-R8-Bin16","CTN-B-0061","LOT-B-0001","TWLPC 01 40X60 LBR","PICASSO TOWEL","PCS","8907144339039","100","2026-08-24T07:02:22.583Z"
"B","R8","Bin 16","B-R8-Bin16","CTN-B-0060","LOT-B-0001","TWLPC 03 40X60 ANT","PICASSO TOWEL","PCS","8907144339244","97","2026-08-24T07:16:41.423Z"
"B","R8","Bin 16","B-R8-Bin16","CTN-B-0063","LOT-B-0001","TWLPC 01 40X60 BG","PICASSO TOWEL","PCS","8907144339022","100","2026-08-24T07:18:03.538Z"
"B","R8","Bin 16","B-R8-Bin16","CTN-B-0066","LOT-B-0001","TWLPC 01 40X60 GY","PICASSO TOWEL","PCS","8907144339046","100","2026-08-24T07:18:47.422Z"
"B","R8","Bin 16","B-R8-Bin16","CTN-B-0065","LOT-B-0001","TWLPC 04 40X60 BG","PICASSO TOWEL","PCS","8907144339497","90","2026-08-24T07:19:23.710Z"
"B","R8","Bin 16","B-R8-Bin16","CTN-B-0069","LOT-B-0001","TWLPC 05 40X60 WT","PICASSO TOWEL","PCS","8907144339596","100","2026-08-24T07:20:03.414Z"
"B","R8","Bin 16","B-R8-Bin16","CTN-B-0068","LOT-B-0001","TWLPC 05 40X60 BG","PICASSO TOWEL","PCS","8907144339558","100","2026-08-24T07:20:39.214Z"
"B","R8","Bin 16","B-R8-Bin16","CTN-B-0072","LOT-B-0001","TWLPC 04 40X60 ANT","PICASSO TOWEL","PCS","8907144339480","100","2026-08-24T07:21:21.386Z"
"B","R8","Bin 16","B-R8-Bin16","CTN-B-0071","LOT-B-0001","TWLPC 05 40X60 BST","PICASSO TOWEL","PCS","8907144339565","100","2026-08-24T07:22:05.686Z"
"B","R8","Bin 16","B-R8-Bin16","CTN-B-0080","LOT-B-0001","TWLPC 06 40X60 BST","PICASSO TOWEL","PCS","8907144339626","100","2026-08-24T07:25:14.967Z"
"B","R8","Bin 16","B-R8-Bin16","CTN-B-0081","LOT-B-0001","TWLPC 02 40X60 BST","PICASSO TOWEL","PCS","8907144339145","93","2026-08-24T07:25:55.072Z"
"B","R8","Bin 16","B-R8-Bin16","CTN-B-0077","LOT-B-0001","TWLPC 02 40X60 WT","PICASSO TOWEL","PCS","8907144339176","71","2026-08-24T07:27:11.335Z"
"B","R8","Bin 16","B-R8-Bin16","CTN-B-0078","LOT-B-0001","TWLPC 01 40X60 BST","PICASSO TOWEL","PCS","8907144339015","79","2026-08-24T07:28:20.934Z"
"B","R8","Bin 16","B-R8-Bin16","CTN-B-0079","LOT-B-0001","TWLPC 04 40X60 LBR","PICASSO TOWEL","PCS","8907144339527","100","2026-08-24T07:29:06.080Z"
"B","R8","Bin 16","B-R8-Bin16","CTN-B-0003","LOT-B-0001","TWL ROM 40X60 GLD","The Roman Hand Towel","PCS","8907144270851","100","2026-09-12T05:54:14.102Z"
"B","R8","Bin 17","B-R8-Bin17","CTN-B-0001","LOT-B-0001","TWL ROM 40X60 GLD","The Roman Hand Towel","PCS","8907144270851","100","2026-09-12T05:53:11.941Z"
"B","R8","Bin 17","B-R8-Bin17","CTN-B-0002","LOT-B-0001","TWL ROM 40X60 GLD","The Roman Hand Towel","PCS","8907144270851","100","2026-09-12T05:53:53.069Z"
"B","R8","Bin 17","B-R8-Bin17","CTN-B-0004","LOT-B-0001","TWL ROM 40X60 GLD","The Roman Hand Towel","PCS","8907144270851","100","2026-09-12T05:54:35.974Z"
"B","R8","Bin 17","B-R8-Bin17","CTN-B-0005","LOT-B-1272","TWL ROM 40X60 GLD","The Roman Hand Towel","PCS","8907144270851","100","2026-09-12T05:54:57.469Z"
"B","R8","Bin 17","B-R8-Bin17","CTN-B-0006","LOT-B-0001","TWL ROM 40X60 GLD","The Roman Hand Towel","PCS","8907144270851","100","2026-09-12T05:55:18.551Z"
"B","R8","Bin 18","B-R8-Bin18","CTN-B-0007","LOT-B-0001","TWL ROM 75X150 BL","The Roman Bath Towel","PCS","8907144270677","18","2026-06-23T08:09:56.846Z"
"B","R8","Bin 18","B-R8-Bin18","CTN-B-0008","LOT-B-0001","TWL ROM 75X150 BL","The Roman Bath Towel","PCS","8907144270677","18","2026-06-23T08:11:04.478Z"
"B","R8","Bin 18","B-R8-Bin18","CTN-B-0009","LOT-B-0001","TWL ROM 75X150 BL","The Roman Bath Towel","PCS","8907144270677","18","2026-06-23T08:12:05.278Z"
"B","R8","Bin 18","B-R8-Bin18","CTN-B-0030","LOT-B-0001","TWLCRL 70X146 OLIVE","CORAL TOWEL","PCS","8907144116562","50","2026-09-12T05:56:31.334Z"
"B","R8","Bin 18","B-R8-Bin18","CTN-B-0029","LOT-B-0001","TWLCRL 70X146 SAND","CORAL TOWEL","PCS","8907144116616","50","2026-09-12T05:57:20.578Z"
"B","R8","Bin 18","B-R8-Bin18","CTN-B-0007","LOT-B-0001","TWL CRL 2PC GFT OLV","Coral Towel","SET","8907144260111","50","2026-09-18T09:48:44.247Z"
"B","R8","Bin 2","B-R8-Bin2","CTN-B-0001","LOT-B-0001","TWL ROM 60X120 RD","The Roman Bath Towel","PCS","8907144257593","16","2026-06-24T05:50:30.327Z"
"B","R8","Bin 2","B-R8-Bin2","CTN-B-0002","LOT-B-0001","TWL ROM 60X120 RD","The Roman Bath Towel","PCS","8907144257593","18","2026-06-24T05:51:06.535Z"
"B","R8","Bin 2","B-R8-Bin2","CTN-B-0003","LOT-B-0001","TWL ROM 60X120 RD","The Roman Bath Towel","PCS","8907144257593","18","2026-06-24T05:51:39.856Z"
"B","R8","Bin 2","B-R8-Bin2","CTN-B-0004","LOT-B-0001","TWL ROM 60X120 RD","The Roman Bath Towel","PCS","8907144257593","18","2026-06-24T05:52:33.030Z"
"B","R8","Bin 2","B-R8-Bin2","CTN-B-0005","LOT-B-0001","TWL ROM 60X120 RD","The Roman Bath Towel","PCS","8907144257593","18","2026-06-24T05:53:46.617Z"
"B","R8","Bin 2","B-R8-Bin2","CTN-B-0006","LOT-B-0001","TWL ROM 60X120 RD","The Roman Bath Towel","PCS","8907144257593","18","2026-06-24T05:54:49.014Z"
"B","R8","Bin 2","B-R8-Bin2","CTN-B-0007","LOT-B-0001","TWL ROM 60X120 RD","The Roman Bath Towel","PCS","8907144257593","18","2026-06-24T05:55:23.270Z"
"B","R8","Bin 2","B-R8-Bin2","CTN-B-0008","LOT-B-0001","TWL ROM 60X120 RD","The Roman Bath Towel","PCS","8907144257593","18","2026-06-24T05:56:04.318Z"
"B","R8","Bin 2","B-R8-Bin2","CTN-B-0009","LOT-B-0001","TWL ROM 60X120 RD","The Roman Bath Towel","PCS","8907144257593","18","2026-06-24T05:56:56.470Z"
"B","R8","Bin 2","B-R8-Bin2","CTN-B-0010","LOT-B-0001","TWL ROM 60X120 RD","The Roman Bath Towel","PCS","8907144257593","18","2026-06-24T05:57:51.981Z"
"B","R8","Bin 2","B-R8-Bin2","CTN-B-0012","LOT-B-0001","TWL ROM 60X120 RD","The Roman Bath Towel","PCS","8907144257593","18","2026-06-24T08:30:26.698Z"
"B","R8","Bin 2","B-R8-Bin2","CTN-B-0013","LOT-B-0001","TWL ROM 60X120 RD","The Roman Bath Towel","PCS","8907144257593","18","2026-06-24T06:00:33.701Z"
"B","R8","Bin 2","B-R8-Bin2","CTN-B-0014","LOT-B-0001","TWL ROM 60X120 RD","The Roman Bath Towel","PCS","8907144257593","18","2026-06-24T06:01:13.414Z"
"B","R8","Bin 2","B-R8-Bin2","CTN-B-0015","LOT-B-0001","TWL ROM 60X120 RD","The Roman Bath Towel","PCS","8907144257593","18","2026-06-24T06:01:44.549Z"
"B","R8","Bin 2","B-R8-Bin2","CTN-B-0016","LOT-B-0001","TWL ROM 60X120 YL","The Roman Bath Towel","PCS","8907144257616","18","2026-06-24T06:02:43.134Z"
"B","R8","Bin 2","B-R8-Bin2","CTN-B-0022","LOT-B-0001","TWL ROM 60X120 YL","The Roman Bath Towel","PCS","8907144257616","18","2026-06-24T06:07:41.236Z"
"B","R8","Bin 2","B-R8-Bin2","CTN-B-0023","LOT-B-0001","TWL ROM 60X120 YL","The Roman Bath Towel","PCS","8907144257616","18","2026-06-24T06:09:14.123Z"
"B","R8","Bin 2","B-R8-Bin2","CTN-B-0024","LOT-B-0001","TWL ROM 60X120 YL","The Roman Bath Towel","PCS","8907144257616","18","2026-06-24T06:09:45.736Z"
"B","R8","Bin 2","B-R8-Bin2","CTN-B-0025","LOT-B-0001","TWL ROM 60X120 YL","The Roman Bath Towel","PCS","8907144257616","18","2026-06-24T06:12:11.851Z"
"B","R8","Bin 3","B-R8-Bin3","CTN-B-0065","LOT-B-0001","TWL ROM 75X150 FUS","The Roman Bath Towel","PCS","8907144270639","18","2026-07-31T08:02:58.572Z"
"B","R8","Bin 3","B-R8-Bin3","CTN-B-0070","LOT-B-0001","TWL ROM 75X150 CGY","The Roman Bath Towel","PCS","8907144257159","18","2026-07-31T08:07:49.444Z"
"B","R8","Bin 3","B-R8-Bin3","CTN-B-0069","LOT-B-0001","TWL ROM 75X150 CGY","The Roman Bath Towel","PCS","8907144257159","18","2026-07-31T08:08:54.028Z"
"B","R8","Bin 3","B-R8-Bin3","CTN-B-0067","LOT-B-0001","TWL ROM 75X150 FUS","The Roman Bath Towel","PCS","8907144270639","18","2026-07-31T08:10:15.180Z"
"B","R8","Bin 3","B-R8-Bin3","CTN-B-0068","LOT-B-0001","TWL ROM 75X150 FUS","The Roman Bath Towel","PCS","8907144270639","18","2026-07-31T08:11:01.887Z"
"B","R8","Bin 3","B-R8-Bin3","CTN-B-0066","LOT-B-0001","TWL ROM 75X150 MAR","The Roman Bath Towel","PCS","8907144257210","18","2026-07-31T08:11:52.709Z"
"B","R8","Bin 3","B-R8-Bin3","CTN-B-0071","LOT-B-0001","TWL ROM 75X150 MAR","The Roman Bath Towel","PCS","8907144257210","18","2026-07-31T08:12:38.516Z"
"B","R8","Bin 3","B-R8-Bin3","CTN-B-0073","LOT-B-0001","TWL ROM 75X150 NBL","The Roman Bath Towel","PCS","8907144270622","18","2026-08-01T12:17:03.437Z"
"B","R8","Bin 3","B-R8-Bin3","CTN-B-0072","LOT-B-0001","TWL ROM 75X150 GLD","The Roman Bath Towel","PCS","8907144270691","18","2026-09-11T12:38:23.574Z"
"B","R8","Bin 3","B-R8-Bin3","CTN-B-0011","LOT-B-0002","PILLOW LAVENDER","Pillow Lavender","PCS","8907144259627","12","2026-09-14T13:30:47.577Z"
"B","R8","Bin 3","B-R8-Bin3","CTN-B-0012","LOT-B-0002","PILLOW LAVENDER","Pillow Lavender","PCS","8907144259627","12","2026-09-14T13:31:42.393Z"
"B","R8","Bin 3","B-R8-Bin3","CTN-B-0013","LOT-B-0002","PILLOW LAVENDER","Pillow Lavender","PCS","8907144259627","12","2026-09-14T13:32:36.890Z"
"B","R8","Bin 3","B-R8-Bin3","CTN-B-0014","LOT-B-0002","PILLOW LAVENDER","Pillow Lavender","PCS","8907144259627","12","2026-09-14T13:33:06.304Z"
"B","R8","Bin 3","B-R8-Bin3","CTN-B-0015","LOT-B-0002","PILLOW LAVENDER","Pillow Lavender","PCS","8907144259627","12","2026-09-14T13:33:37.714Z"
"B","R8","Bin 3","B-R8-Bin3","CTN-B-0016","LOT-B-0002","PILLOW LAVENDER","Pillow Lavender","PCS","8907144259627","12","2026-09-14T13:34:09.922Z"
"B","R8","Bin 3","B-R8-Bin3","CTN-B-0017","LOT-B-0002","PILLOW LAVENDER","Pillow Lavender","PCS","8907144259627","12","2026-09-14T13:34:35.604Z"
"B","R8","Bin 3","B-R8-Bin3","CTN-B-0018","LOT-B-0002","PILLOW LAVENDER","Pillow Lavender","PCS","8907144259627","12","2026-09-14T13:35:08.262Z"
"B","R8","Bin 3","B-R8-Bin3","CTN-B-0019","LOT-B-0002","PILLOW LAVENDER","Pillow Lavender","PCS","8907144259627","12","2026-09-14T13:35:35.420Z"
"B","R8","Bin 3","B-R8-Bin3","CTN-B-0020","LOT-B-0002","PILLOW LAVENDER","Pillow Lavender","PCS","8907144259627","12","2026-09-14T13:36:00.908Z"
"B","R8","Bin 4","B-R8-Bin4","CTN-B-0021","LOT-B-0002","PILLOW LAVENDER","Pillow Lavender","PCS","8907144259627","12","2026-09-14T13:38:03.605Z"
"B","R8","Bin 4","B-R8-Bin4","CTN-B-0022","LOT-B-0002","PILLOW LAVENDER","Pillow Lavender","PCS","8907144259627","12","2026-09-14T13:38:23.889Z"
"B","R8","Bin 4","B-R8-Bin4","CTN-B-0023","LOT-B-0002","PILLOW LAVENDER","Pillow Lavender","PCS","8907144259627","12","2026-09-14T13:43:09.374Z"
"B","R8","Bin 4","B-R8-Bin4","CTN-B-0024","LOT-B-0002","PILLOW LAVENDER","Pillow Lavender","PCS","8907144259627","12","2026-09-14T13:43:34.944Z"
"B","R8","Bin 4","B-R8-Bin4","CTN-B-0025","LOT-B-0002","PILLOW LAVENDER","Pillow Lavender","PCS","8907144259627","12","2026-09-14T13:43:57.565Z"
"B","R8","Bin 5","B-R8-Bin5","CTN-B-0011","LOT-B-0001","TWL ROM 60X120 RD","The Roman Bath Towel","PCS","8907144257593","18","2026-09-12T05:16:58.660Z"
"B","R8","Bin 5","B-R8-Bin5","CTN-B-0019","LOT-B-0001","TWL ROM 60X120 YL","The Roman Bath Towel","PCS","8907144257616","18","2026-09-12T05:18:11.405Z"
"B","R8","Bin 5","B-R8-Bin5","CTN-B-0020","LOT-B-0001","TWL ROM 60X120 YL","The Roman Bath Towel","PCS","8907144257616","18","2026-09-12T05:18:21.306Z"
"B","R8","Bin 5","B-R8-Bin5","CTN-B-0021","LOT-B-0001","TWL ROM 60X120 YL","The Roman Bath Towel","PCS","8907144257616","18","2026-09-12T05:18:31.355Z"
"B","R8","Bin 5","B-R8-Bin5","CTN-B-0026","LOT-B-0001","TWL ROM 60X120 YL","The Roman Bath Towel","PCS","8907144257616","18","2026-06-24T06:13:17.515Z"
"B","R8","Bin 5","B-R8-Bin5","CTN-B-0027","LOT-B-0001","TWL ROM 60X120 BLM","The Roman Bath Towel","PCS","8907144257463","18","2026-06-24T06:14:51.115Z"
"B","R8","Bin 5","B-R8-Bin5","CTN-B-0028","LOT-B-0001","TWL ROM 60X120 BLM","The Roman Bath Towel","PCS","8907144257463","18","2026-06-24T06:15:23.691Z"
"B","R8","Bin 5","B-R8-Bin5","CTN-B-0029","LOT-B-0001","TWL ROM 60X120 BLM","The Roman Bath Towel","PCS","8907144257463","18","2026-06-24T06:16:01.154Z"
"B","R8","Bin 5","B-R8-Bin5","CTN-B-0030","LOT-B-0001","TWL ROM 60X120 BLM","The Roman Bath Towel","PCS","8907144257463","18","2026-06-24T06:17:09.675Z"
"B","R8","Bin 5","B-R8-Bin5","CTN-B-0031","LOT-B-0001","TWL ROM 60X120 BLM","The Roman Bath Towel","PCS","8907144257463","18","2026-06-24T06:18:02.820Z"
"B","R8","Bin 5","B-R8-Bin5","CTN-B-0032","LOT-B-0001","TWL ROM 60X120 BLM","The Roman Bath Towel","PCS","8907144257463","18","2026-06-24T06:19:02.620Z"
"B","R8","Bin 5","B-R8-Bin5","CTN-B-0033","LOT-B-0001","TWL ROM 60X120 BLM","The Roman Bath Towel","PCS","8907144257463","18","2026-06-24T06:19:57.114Z"
"B","R8","Bin 5","B-R8-Bin5","CTN-B-0034","LOT-B-0001","TWL ROM 60X120 BLM","The Roman Bath Towel","PCS","8907144257463","18","2026-06-24T06:20:49.250Z"
"B","R8","Bin 5","B-R8-Bin5","CTN-B-0035","LOT-B-0001","TWL ROM 60X120 BLM","The Roman Bath Towel","PCS","8907144257463","18","2026-06-24T06:21:53.394Z"
"B","R8","Bin 5","B-R8-Bin5","CTN-B-0036","LOT-B-0001","TWL ROM 60X120 BLM","The Roman Bath Towel","PCS","8907144257463","18","2026-06-24T06:22:28.786Z"
"B","R8","Bin 5","B-R8-Bin5","CTN-B-0037","LOT-B-0001","TWL ROM 60X120 BLM","The Roman Bath Towel","PCS","8907144257463","18","2026-06-24T06:23:01.893Z"
"B","R8","Bin 5","B-R8-Bin5","CTN-B-0038","LOT-B-0001","TWL ROM 60X120 BLM","The Roman Bath Towel","PCS","8907144257463","18","2026-06-24T06:23:34.593Z"
"B","R8","Bin 5","B-R8-Bin5","CTN-B-0039","LOT-B-0001","TWL ROM 60X120 BLM","The Roman Bath Towel","PCS","8907144257463","18","2026-06-24T06:24:11.157Z"
"B","R8","Bin 5","B-R8-Bin5","CTN-B-0040","LOT-B-0001","TWL ROM 60X120 GLD","The Roman Bath Towel","PCS","8907144257531","18","2026-06-24T07:04:36.659Z"
"B","R8","Bin 5","B-R8-Bin5","CTN-B-0041","LOT-B-0001","TWL ROM 60X120 GLD","The Roman Bath Towel","PCS","8907144257531","18","2026-06-24T07:05:40.933Z"
"B","R8","Bin 5","B-R8-Bin5","CTN-B-0042","LOT-B-0001","TWL ROM 60X120 GLD","The Roman Bath Towel","PCS","8907144257531","18","2026-06-24T07:06:20.031Z"
"B","R8","Bin 5","B-R8-Bin5","CTN-B-0043","LOT-B-0001","TWL ROM 60X120 GLD","The Roman Bath Towel","PCS","8907144257531","18","2026-06-24T07:07:08.928Z"
"B","R8","Bin 5","B-R8-Bin5","CTN-B-0044","LOT-B-0001","TWL ROM 60X120 GLD","The Roman Bath Towel","PCS","8907144257531","18","2026-06-24T07:08:34.674Z"
"B","R8","Bin 5","B-R8-Bin5","CTN-B-0045","LOT-B-0001","TWL ROM 60X120 GLD","The Roman Bath Towel","PCS","8907144257531","18","2026-06-24T07:09:11.562Z"
"B","R8","Bin 5","B-R8-Bin5","CTN-B-0046","LOT-B-0001","TWL ROM 60X120 GLD","The Roman Bath Towel","PCS","8907144257531","18","2026-06-24T07:11:07.226Z"
"B","R8","Bin 5","B-R8-Bin5","CTN-B-0047","LOT-B-0001","TWL ROM 60X120 GLD","The Roman Bath Towel","PCS","8907144257531","18","2026-06-24T07:11:45.667Z"
"B","R8","Bin 5","B-R8-Bin5","CTN-B-0048","LOT-B-0001","TWL ROM 60X120 GLD","The Roman Bath Towel","PCS","8907144257531","18","2026-06-24T07:12:27.353Z"
"B","R8","Bin 5","B-R8-Bin5","CTN-B-0049","LOT-B-0001","TWL ROM 60X120 GLD","The Roman Bath Towel","PCS","8907144257531","18","2026-06-24T07:13:06.986Z"
"B","R8","Bin 5","B-R8-Bin5","CTN-B-0085","LOT-B-0001","TWL ROM 75X150 FUS","The Roman Bath Towel","PCS","8907144270639","18","2026-08-01T12:56:49.564Z"
"B","R8","Bin 5","B-R8-Bin5","CTN-B-0086","LOT-B-0001","TWL ROM 75X150 FUS","The Roman Bath Towel","PCS","8907144270639","18","2026-08-01T12:57:28.899Z"
"B","R8","Bin 5","B-R8-Bin5","CTN-B-0087","LOT-B-0001","TWL ROM 75X150 MAR","The Roman Bath Towel","PCS","8907144257210","18","2026-08-01T12:58:02.594Z"
"B","R8","Bin 5","B-R8-Bin5","CTN-B-0088","LOT-B-0001","TWL ROM 75X150 NBL","The Roman Bath Towel","PCS","8907144270622","18","2026-08-01T12:58:38.342Z"
"B","R8","Bin 6","B-R8-Bin6","CTN-B-0037","LOT-B-0001","TWL ROM 75X150 BLM","The Roman Bath Towel","PCS","8907144257135","18","2026-06-23T13:02:56.442Z"
"B","R8","Bin 6","B-R8-Bin6","CTN-B-0038","LOT-B-0001","TWL ROM 75X150 BLM","The Roman Bath Towel","PCS","8907144257135","18","2026-06-23T13:03:33.914Z"
"B","R8","Bin 6","B-R8-Bin6","CTN-B-0041","LOT-B-0001","TWL ROM 75X150 MAR","The Roman Bath Towel","PCS","8907144257210","18","2026-06-23T13:06:42.241Z"
"B","R8","Bin 6","B-R8-Bin6","CTN-B-0042","LOT-B-0001","TWL ROM 75X150 MAR","The Roman Bath Towel","PCS","8907144257210","18","2026-06-23T13:07:22.217Z"
"B","R8","Bin 6","B-R8-Bin6","CTN-B-0043","LOT-B-0001","TWL ROM 75X150 MAR","The Roman Bath Towel","PCS","8907144257210","18","2026-06-23T13:08:17.377Z"
"B","R8","Bin 6","B-R8-Bin6","CTN-B-0045","LOT-B-0001","TWL ROM 75X150 RD","The Roman Bath Towel","PCS","8907144257258","18","2026-06-23T13:10:16.968Z"
"B","R8","Bin 6","B-R8-Bin6","CTN-B-0046","LOT-B-0001","TWL ROM 75X150 RD","The Roman Bath Towel","PCS","8907144257258","18","2026-09-11T13:18:24.008Z"
"B","R8","Bin 6","B-R8-Bin6","CTN-B-0049","LOT-B-0001","TWL ROM 75X150 BK","The Roman Bath Towel","PCS","8907144270684","18","2026-09-11T13:16:50.699Z"
"B","R8","Bin 6","B-R8-Bin6","CTN-B-0050","LOT-B-0001","TWL ROM 75X150 GLD","The Roman Bath Towel","PCS","8907144270691","18","2026-09-11T13:17:22.618Z"
"B","R8","Bin 6","B-R8-Bin6","CTN-B-0086","LOT-B-0001","TWLPC 03 70X150 GY","PICASSO TOWEL","PCS","8907144339213","20","2026-08-19T07:23:44.112Z"
"B","R8","Bin 6","B-R8-Bin6","CTN-B-0003","LOT-B-0001","SP TWL 70X140 201 OR","SPREAD TOWEL 7036","PCS","8907144986554","50","2026-09-14T07:53:06.382Z"
"B","R8","Bin 6","B-R8-Bin6","CTN-B-0006","LOT-B-0001","SP TWL 70X140 202 PE","SPREAD TOWEL 8966","PCS","8907144986752","50","2026-09-14T07:54:00.236Z"
"B","R8","Bin 7","B-R8-Bin7","CTN-B-0028","LOT-B-0001","TWL ROM 75X150 BLM","The Roman Bath Towel","PCS","8907144257135","18","2026-06-23T09:24:20.855Z"
"B","R8","Bin 7","B-R8-Bin7","CTN-B-0029","LOT-B-0001","TWL ROM 75X150 BLM","The Roman Bath Towel","PCS","8907144257135","18","2026-06-23T09:24:45.927Z"
"B","R8","Bin 7","B-R8-Bin7","CTN-B-0030","LOT-B-0001","TWL ROM 75X150 BLM","The Roman Bath Towel","PCS","8907144257135","18","2026-06-23T12:50:41.668Z"
"B","R8","Bin 7","B-R8-Bin7","CTN-B-0031","LOT-B-0001","TWL ROM 75X150 BLM","The Roman Bath Towel","PCS","8907144257135","18","2026-06-23T12:51:26.467Z"
"B","R8","Bin 7","B-R8-Bin7","CTN-B-0032","LOT-B-0001","TWL ROM 75X150 BLM","The Roman Bath Towel","PCS","8907144257135","18","2026-06-23T12:52:52.211Z"
"B","R8","Bin 7","B-R8-Bin7","CTN-B-0033","LOT-B-0001","TWL ROM 75X150 BLM","The Roman Bath Towel","PCS","8907144257135","18","2026-06-23T12:53:57.267Z"
"B","R8","Bin 7","B-R8-Bin7","CTN-B-0034","LOT-B-0001","TWL ROM 75X150 BLM","The Roman Bath Towel","PCS","8907144257135","18","2026-06-23T12:54:26.955Z"
"B","R8","Bin 7","B-R8-Bin7","CTN-B-0035","LOT-B-0001","TWL ROM 75X150 BLM","The Roman Bath Towel","PCS","8907144257135","18","2026-06-23T12:54:58.148Z"
"B","R8","Bin 7","B-R8-Bin7","CTN-B-0036","LOT-B-0001","TWL ROM 75X150 BLM","The Roman Bath Towel","PCS","8907144257135","18","2026-06-23T12:55:36.467Z"
"B","R8","Bin 8","B-R8-Bin8","CTN-B-0050","LOT-B-0001","TWL ROM 60X120 GLD","The Roman Bath Towel","PCS","8907144257531","18","2026-06-24T07:14:47.282Z"
"B","R8","Bin 8","B-R8-Bin8","CTN-B-0051","LOT-B-0001","TWL ROM 60X120 GLD","The Roman Bath Towel","PCS","8907144257531","18","2026-06-24T07:15:29.409Z"
"B","R8","Bin 8","B-R8-Bin8","CTN-B-0052","LOT-B-0001","TWL ROM 60X120 CNY","The Roman Bath Towel","PCS","8907144257494","18","2026-06-24T07:17:31.489Z"
"B","R8","Bin 8","B-R8-Bin8","CTN-B-0053","LOT-B-0001","TWL ROM 60X120 CNY","The Roman Bath Towel","PCS","8907144257494","18","2026-06-24T07:18:13.542Z"
"B","R8","Bin 8","B-R8-Bin8","CTN-B-0054","LOT-B-0001","TWL ROM 60X120 CNY","The Roman Bath Towel","PCS","8907144257494","18","2026-06-24T07:18:58.584Z"
"B","R8","Bin 8","B-R8-Bin8","CTN-B-0055","LOT-B-0001","TWL ROM 60X120 CNY","The Roman Bath Towel","PCS","8907144257494","18","2026-06-24T07:19:36.249Z"
"B","R8","Bin 8","B-R8-Bin8","CTN-B-0056","LOT-B-0001","TWL ROM 60X120 CNY","The Roman Bath Towel","PCS","8907144257494","18","2026-06-24T07:20:20.529Z"
"B","R8","Bin 8","B-R8-Bin8","CTN-B-0057","LOT-B-0001","TWL ROM 60X120 CNY","The Roman Bath Towel","PCS","8907144257494","18","2026-06-24T07:21:32.344Z"
"B","R8","Bin 8","B-R8-Bin8","CTN-B-0058","LOT-B-0001","TWL ROM 60X120 CNY","The Roman Bath Towel","PCS","8907144257494","18","2026-06-24T07:22:01.296Z"
"B","R8","Bin 8","B-R8-Bin8","CTN-B-0059","LOT-B-0001","TWL ROM 60X120 CNY","The Roman Bath Towel","PCS","8907144257494","18","2026-06-24T07:23:05.175Z"
"B","R8","Bin 8","B-R8-Bin8","CTN-B-0060","LOT-B-0001","TWL ROM 60X120 CNY","The Roman Bath Towel","PCS","8907144257494","18","2026-06-24T07:23:37.736Z"
"B","R8","Bin 8","B-R8-Bin8","CTN-B-0061","LOT-B-0001","TWL ROM 60X120 CNY","The Roman Bath Towel","PCS","8907144257494","18","2026-06-24T07:24:19.808Z"
"B","R8","Bin 8","B-R8-Bin8","CTN-B-0062","LOT-B-0001","TWL ROM 60X120 CNY","The Roman Bath Towel","PCS","8907144257494","18","2026-06-24T07:24:57.919Z"
"B","R8","Bin 8","B-R8-Bin8","CTN-B-0064","LOT-B-0001","TWL ROM 60X120 CNY","The Roman Bath Towel","PCS","8907144257494","18","2026-06-24T07:26:11.447Z"
"B","R8","Bin 8","B-R8-Bin8","CTN-B-0065","LOT-B-0001","TWL ROM 60X120 LIL","The Roman Bath Towel","PCS","8907144257548","18","2026-06-24T07:27:17.775Z"
"B","R8","Bin 8","B-R8-Bin8","CTN-B-0066","LOT-B-0001","TWL ROM 60X120 LIL","The Roman Bath Towel","PCS","8907144257548","18","2026-06-24T07:27:52.055Z"
"B","R8","Bin 8","B-R8-Bin8","CTN-B-0067","LOT-B-0001","TWL ROM 60X120 LIL","The Roman Bath Towel","PCS","8907144257548","18","2026-06-24T07:29:50.296Z"
"B","R8","Bin 8","B-R8-Bin8","CTN-B-0068","LOT-B-0001","TWL ROM 60X120 LIL","The Roman Bath Towel","PCS","8907144257548","18","2026-06-24T07:31:39.224Z"
"B","R8","Bin 8","B-R8-Bin8","CTN-B-0069","LOT-B-0001","TWL ROM 60X120 LIL","The Roman Bath Towel","PCS","8907144257548","18","2026-06-24T07:32:29.102Z"
"B","R8","Bin 8","B-R8-Bin8","CTN-B-0070","LOT-B-0001","TWL ROM 60X120 LIL","The Roman Bath Towel","PCS","8907144257548","18","2026-06-24T07:33:08.310Z"
"B","R8","Bin 8","B-R8-Bin8","CTN-B-0071","LOT-B-0001","TWL ROM 60X120 LIL","The Roman Bath Towel","PCS","8907144257548","18","2026-06-24T07:34:05.385Z"
"B","R8","Bin 8","B-R8-Bin8","CTN-B-0072","LOT-B-0001","TWL ROM 60X120 LIL","The Roman Bath Towel","PCS","8907144257548","18","2026-06-24T07:34:36.858Z"
"B","R8","Bin 8","B-R8-Bin8","CTN-B-0073","LOT-B-0001","TWL ROM 60X120 LIL","The Roman Bath Towel","PCS","8907144257548","18","2026-06-24T07:35:09.502Z"
"B","R8","Bin 9","B-R8-Bin9","CTN-B-0074","LOT-B-0001","TWL ROM 75X150 PK","The Roman Bath Towel","PCS","8907144270615","18","2026-09-11T12:55:49.478Z"
"B","R8","Bin 9","B-R8-Bin9","CTN-B-0079","LOT-B-0001","TWL ROM 75X150 PK","The Roman Bath Towel","PCS","8907144270615","18","2026-09-11T12:56:00.233Z"
"B","R8","Bin 9","B-R8-Bin9","CTN-B-0075","LOT-B-0001","TWL ROM 75X150 GLD","The Roman Bath Towel","PCS","8907144270691","18","2026-09-11T12:56:12.803Z"
"B","R8","Bin 9","B-R8-Bin9","CTN-B-0077","LOT-B-0001","TWL ROM 75X150 PK","The Roman Bath Towel","PCS","8907144270615","18","2026-09-11T12:56:21.689Z"
"B","R8","Bin 9","B-R8-Bin9","CTN-B-0076","LOT-B-0001","TWL ROM 75X150 FUS","The Roman Bath Towel","PCS","8907144270639","18","2026-09-11T12:56:31.260Z"
"B","R8","Bin 9","B-R8-Bin9","CTN-B-0080","LOT-B-0001","TWL ROM 75X150 FUS","The Roman Bath Towel","PCS","8907144270639","18","2026-09-11T12:56:47.677Z"
"B","R8","Bin 9","B-R8-Bin9","CTN-B-0084","LOT-B-0001","TWL ROM 75X150 FUS","The Roman Bath Towel","PCS","8907144270639","18","2026-09-11T12:56:57.961Z"
"B","R8","Bin 9","B-R8-Bin9","CTN-B-0082","LOT-B-0001","TWL ROM 75X150 NBL","The Roman Bath Towel","PCS","8907144270622","18","2026-09-11T12:57:06.066Z"
"B","R8","Bin 9","B-R8-Bin9","CTN-B-0083","LOT-B-0001","TWL ROM 75X150 NBL","The Roman Bath Towel","PCS","8907144270622","18","2026-09-11T12:57:14.346Z"
"B","R8","Bin 9","B-R8-Bin9","CTN-B-0081","LOT-B-0001","TWL ROM 75X150 CGY N","The Roman Bath Towel","PCS","8907144162583","18","2026-09-11T12:57:22.609Z"
"B","R8","Bin 9","B-R8-Bin9","CTN-B-0017","LOT-B-0001","TWL ROM 40X60 CGY N","The Roman Hand Towel","PCS","8907144162507","120","2026-08-01T13:00:10.501Z"
"B","R8","Bin 9","B-R8-Bin9","CTN-B-0024","LOT-B-0001","TWL ROM 40X60 CGY N","The Roman Hand Towel","PCS","8907144162507","120","2026-08-01T13:01:05.620Z"
"B","R8","Bin 9","B-R8-Bin9","CTN-B-0014","LOT-B-0001","TWL ROM 40X60 CGY N","The Roman Hand Towel","PCS","8907144162507","120","2026-08-01T13:01:46.195Z"
"B","R8","Bin 9","B-R8-Bin9","CTN-B-0015","LOT-B-0001","TWL ROM 40X60 CGY N","The Roman Hand Towel","PCS","8907144162507","120","2026-08-01T13:02:27.696Z"
"B","R8","Bin 9","B-R8-Bin9","CTN-B-0018","LOT-B-0001","TWL ROM 40X60 CGY N","The Roman Hand Towel","PCS","8907144162507","120","2026-08-01T13:03:33.918Z"
"B","R8","Bin 9","B-R8-Bin9","CTN-B-0020","LOT-B-0001","TWL ROM 40X60 CGY N","The Roman Hand Towel","PCS","8907144162507","120","2026-08-01T13:04:08.383Z"
"B","R8","Bin 9","B-R8-Bin9","CTN-B-0012","LOT-B-0001","TWL ROM 40X60 BL","The Roman Hand Towel","PCS","8907144270820","120","2026-08-01T13:05:12.296Z"
"B","R8","Bin 9","B-R8-Bin9","CTN-B-0016","LOT-B-0001","TWL ROM 40X60 BL","The Roman Hand Towel","PCS","8907144270820","120","2026-08-01T13:05:52.034Z"
"B","R8","Bin 9","B-R8-Bin9","CTN-B-0019","LOT-B-0001","TWL ROM 40X60 BL","The Roman Hand Towel","PCS","8907144270820","120","2026-08-01T13:09:22.914Z"
"B","R8","Bin 9","B-R8-Bin9","CTN-B-0021","LOT-B-0001","TWL ROM 40X60 BR","The Roman Hand Towel","PCS","8907144270813","120","2026-08-01T13:17:56.898Z"
"B","R8","Bin 9","B-R8-Bin9","CTN-B-0022","LOT-B-0001","TWL ROM 40X60 BR","The Roman Hand Towel","PCS","8907144270813","120","2026-08-01T13:19:40.602Z"
"B","R8","Bin 9","B-R8-Bin9","CTN-B-0023","LOT-B-0001","TWL ROM 40X60 BR","The Roman Hand Towel","PCS","8907144270813","120","2026-08-01T13:20:20.914Z"
"B","R8","Bin 9","B-R8-Bin9","CTN-B-0026","LOT-B-0001","TWL ROM 40X60 BK","The Roman Hand Towel","PCS","8907144270844","120","2026-08-01T13:23:18.313Z"
"B","R9","Bin 1","B-R9-Bin1","CTN-B-0088","LOT-B-0001","TWLPC 01 70X150 LBR","PICASSO TOWEL","PCS","8907144338971","20","2026-08-19T07:30:39.375Z"
"B","R9","Bin 1","B-R9-Bin1","CTN-B-0089","LOT-B-0001","TWLPC 01 70X150 GY","PICASSO TOWEL","PCS","8907144338988","20","2026-08-19T07:31:17.313Z"
"B","R9","Bin 1","B-R9-Bin1","CTN-B-0090","LOT-B-0001","TWLPC 01 70X150 GY","PICASSO TOWEL","PCS","8907144338988","20","2026-08-19T07:31:47.551Z"
"B","R9","Bin 1","B-R9-Bin1","CTN-B-0091","LOT-B-0001","TWLPC 04 70X150 ANT","PICASSO TOWEL","PCS","8907144339305","20","2026-08-19T07:43:17.046Z"
"B","R9","Bin 1","B-R9-Bin1","CTN-B-0092","LOT-B-0001","TWLPC 03 70X150 BST","PICASSO TOWEL","PCS","8907144339206","20","2026-08-19T07:43:58.462Z"
"B","R9","Bin 1","B-R9-Bin1","CTN-B-0093","LOT-B-0001","TWLPC 05 70X150 BG","PICASSO TOWEL","PCS","8907144339374","20","2026-08-19T07:49:07.557Z"
"B","R9","Bin 1","B-R9-Bin1","CTN-B-0094","LOT-B-0001","TWLPC 06 70X150 ANT","PICASSO TOWEL","PCS","8907144339428","20","2026-08-19T07:49:58.669Z"
"B","R9","Bin 1","B-R9-Bin1","CTN-B-0095","LOT-B-0001","TWLPC 02 70X150 BST","PICASSO TOWEL","PCS","8907144339084","20","2026-08-19T07:51:47.277Z"
"B","R9","Bin 1","B-R9-Bin1","CTN-B-0096","LOT-B-0001","TWLPC 02 70X150 BST","PICASSO TOWEL","PCS","8907144339084","20","2026-08-19T07:52:39.837Z"
"B","R9","Bin 1","B-R9-Bin1","CTN-B-0098","LOT-B-0001","TWLPC 05 70X150 BG","PICASSO TOWEL","PCS","8907144339374","20","2026-08-19T07:53:23.398Z"
"B","R9","Bin 1","B-R9-Bin1","CTN-B-0097","LOT-B-0001","TWLPC 05 70X150 BG","PICASSO TOWEL","PCS","8907144339374","20","2026-08-19T07:54:03.501Z"
"B","R9","Bin 1","B-R9-Bin1","CTN-B-0100","LOT-B-0001","TWLPC 01 70X150 ANT","PICASSO TOWEL","PCS","8907144338995","20","2026-08-19T08:09:36.956Z"
"B","R9","Bin 1","B-R9-Bin1","CTN-B-0101","LOT-B-0001","TWLPC 01 70X150 LBR","PICASSO TOWEL","PCS","8907144338971","20","2026-08-19T08:10:17.788Z"
"B","R9","Bin 1","B-R9-Bin1","CTN-B-0099","LOT-B-0656","TWLPC 04 70X150 BST","PICASSO TOWEL","PCS","8907144339329","20","2026-08-19T08:11:38.243Z"
"B","R9","Bin 1","B-R9-Bin1","CTN-B-0102","LOT-B-0001","TWLPC 03 70X150 BST","PICASSO TOWEL","PCS","8907144339206","20","2026-08-19T08:12:24.664Z"
"B","R9","Bin 1","B-R9-Bin1","CTN-B-0104","LOT-B-0001","TWLPC 02 70X150 BST","PICASSO TOWEL","PCS","8907144339084","20","2026-08-19T08:13:04.683Z"
"B","R9","Bin 10","B-R9-Bin10","CTN-B-0246","LOT-B-0001","TWLPC 02 70X150 BST","PICASSO TOWEL","PCS","8907144339084","20","2026-08-22T06:42:17.274Z"
"B","R9","Bin 10","B-R9-Bin10","CTN-B-0247","LOT-B-0001","TWLPC 02 70X150 WT","PICASSO TOWEL","PCS","8907144339114","20","2026-08-22T06:42:59.375Z"
"B","R9","Bin 10","B-R9-Bin10","CTN-B-0248","LOT-B-0001","TWLPC 04 70X150 BG","PICASSO TOWEL","PCS","8907144339312","20","2026-08-22T06:43:33.178Z"
"B","R9","Bin 10","B-R9-Bin10","CTN-B-0249","LOT-B-0001","TWLPC 04 70X150 BST","PICASSO TOWEL","PCS","8907144339329","20","2026-08-22T06:44:06.150Z"
"B","R9","Bin 10","B-R9-Bin10","CTN-B-0250","LOT-B-0001","TWLPC 04 70X150 WT","PICASSO TOWEL","PCS","8907144339350","20","2026-08-22T06:44:37.074Z"
"B","R9","Bin 10","B-R9-Bin10","CTN-B-0251","LOT-B-0001","TWLPC 02 70X150 LBR","PICASSO TOWEL","PCS","8907144339107","20","2026-08-22T06:45:06.874Z"
"B","R9","Bin 10","B-R9-Bin10","CTN-B-0252","LOT-B-0001","TWLPC 01 70X150 BST","PICASSO TOWEL","PCS","8907144338957","20","2026-08-22T06:45:39.948Z"
"B","R9","Bin 10","B-R9-Bin10","CTN-B-0253","LOT-B-0001","TWLPC 01 70X150 BST","PICASSO TOWEL","PCS","8907144338957","20","2026-08-22T06:46:08.771Z"
"B","R9","Bin 10","B-R9-Bin10","CTN-B-0254","LOT-B-0001","TWLPC 05 70X150 WT","PICASSO TOWEL","PCS","8907144339411","20","2026-08-22T06:46:46.488Z"
"B","R9","Bin 10","B-R9-Bin10","CTN-B-0001","LOT-B-0001","TWLPC 01 40X60 BST","PICASSO TOWEL","PCS","8907144339015","100","2026-08-22T08:49:44.080Z"
"B","R9","Bin 10","B-R9-Bin10","CTN-B-0002","LOT-B-0001","TWLPC 02 2P 40X60BST","PICASSO TOWEL","PAIR","8907144343821","100","2026-08-22T08:50:45.083Z"
"B","R9","Bin 10","B-R9-Bin10","CTN-B-0004","LOT-B-0001","TWLPC 03 40X60 BST","PICASSO TOWEL","PCS","8907144339268","100","2026-08-22T08:52:00.020Z"
"B","R9","Bin 10","B-R9-Bin10","CTN-B-0005","LOT-B-0001","TWLPC 03 40X60 GY","PICASSO TOWEL","PCS","8907144339275","90","2026-08-22T08:52:42.764Z"
"B","R9","Bin 10","B-R9-Bin10","CTN-B-0003","LOT-B-0001","TWLPC 03 40X60 WT","PICASSO TOWEL","PCS","8907144339299","77","2026-08-22T08:53:25.790Z"
"B","R9","Bin 10","B-R9-Bin10","CTN-B-0006","LOT-B-0001","TWLPC 03 40X60 ANT","PICASSO TOWEL","PCS","8907144339244","100","2026-08-22T08:54:51.191Z"
"B","R9","Bin 10","B-R9-Bin10","CTN-B-0005","LOT-B-0001","TWLPC 05 40X60 GY","PICASSO TOWEL","PCS","8907144339572","100","2026-08-22T08:55:43.668Z"
"B","R9","Bin 11","B-R9-Bin11","CTN-B-0153","LOT-B-0001","TWLPC 06 70X150 GY","PICASSO TOWEL","PCS","8907144339459","20","2026-08-20T13:18:39.124Z"
"B","R9","Bin 11","B-R9-Bin11","CTN-B-0154","LOT-B-0001","TWLPC 05 70X150 WT","PICASSO TOWEL","PCS","8907144339411","20","2026-08-20T13:19:24.911Z"
"B","R9","Bin 11","B-R9-Bin11","CTN-B-0155","LOT-B-0001","TWLPC 06 70X150 ANT","PICASSO TOWEL","PCS","8907144339428","20","2026-08-20T13:21:13.359Z"
"B","R9","Bin 11","B-R9-Bin11","CTN-B-0156","LOT-B-0001","TWLPC 04 70X150 ANT","PICASSO TOWEL","PCS","8907144339305","20","2026-08-20T13:21:56.490Z"
"B","R9","Bin 11","B-R9-Bin11","CTN-B-0157","LOT-B-0001","TWLPC 05 70X150 BG","PICASSO TOWEL","PCS","8907144339374","20","2026-08-20T13:22:34.587Z"
"B","R9","Bin 11","B-R9-Bin11","CTN-B-0158","LOT-B-0001","TWLPC 02 70X150 BG","PICASSO TOWEL","PCS","8907144339077","20","2026-08-20T13:23:15.672Z"
"B","R9","Bin 11","B-R9-Bin11","CTN-B-0159","LOT-B-0001","TWLPC 02 70X150 BST","PICASSO TOWEL","PCS","8907144339084","20","2026-08-20T13:23:48.051Z"
"B","R9","Bin 11","B-R9-Bin11","CTN-B-0166","LOT-B-0001","TWLPC 03 70X150 GY","PICASSO TOWEL","PCS","8907144339213","20","2026-08-20T13:24:21.392Z"
"B","R9","Bin 11","B-R9-Bin11","CTN-B-0167","LOT-B-0001","TWLPC 04 70X150 ANT","PICASSO TOWEL","PCS","8907144339305","20","2026-08-20T13:24:59.179Z"
"B","R9","Bin 11","B-R9-Bin11","CTN-B-0160","LOT-B-0001","TWLPC 02 70X150 WT","PICASSO TOWEL","PCS","8907144339114","20","2026-08-20T13:52:48.509Z"
"B","R9","Bin 11","B-R9-Bin11","CTN-B-0161","LOT-B-0001","TWLPC 01 70X150 BG","PICASSO TOWEL","PCS","8907144338964","20","2026-08-20T13:53:27.791Z"
"B","R9","Bin 11","B-R9-Bin11","CTN-B-0162","LOT-B-0001","TWLPC 05 70X150 BST","PICASSO TOWEL","PCS","8907144339381","20","2026-08-20T13:54:09.263Z"
"B","R9","Bin 11","B-R9-Bin11","CTN-B-0163","LOT-B-0001","TWLPC 06 70X150 ANT","PICASSO TOWEL","PCS","8907144339428","20","2026-08-20T13:54:41.123Z"
"B","R9","Bin 11","B-R9-Bin11","CTN-B-0164","LOT-B-0001","TWLPC 06 70X150 LBR","PICASSO TOWEL","PCS","8907144339466","20","2026-08-20T13:55:14.651Z"
"B","R9","Bin 12","B-R9-Bin12","CTN-B-0037","LOT-B-0001","TWLPC 04 70X150 BST","PICASSO TOWEL","PCS","8907144339329","20","2026-08-13T14:03:11.607Z"
"B","R9","Bin 12","B-R9-Bin12","CTN-B-0038","LOT-B-0001","TWLPC 02 70X150 LBR","PICASSO TOWEL","PCS","8907144339107","20","2026-08-13T14:04:11.983Z"
"B","R9","Bin 12","B-R9-Bin12","CTN-B-0039","LOT-B-0001","TWLPC 05 70X150 BG","PICASSO TOWEL","PCS","8907144339374","20","2026-08-13T14:04:48.482Z"
"B","R9","Bin 12","B-R9-Bin12","CTN-B-0040","LOT-B-0001","TWLPC 02 70X150 WT","PICASSO TOWEL","PCS","8907144339114","20","2026-08-13T14:05:29.839Z"
"B","R9","Bin 12","B-R9-Bin12","CTN-B-0041","LOT-B-0001","TWLPC 02 70X150 WT","PICASSO TOWEL","PCS","8907144339114","20","2026-08-13T14:06:42.054Z"
"B","R9","Bin 12","B-R9-Bin12","CTN-B-0042","LOT-B-0001","TWLPC 01 70X150 LBR","PICASSO TOWEL","PCS","8907144338971","15","2026-08-13T14:08:36.953Z"
"B","R9","Bin 12","B-R9-Bin12","CTN-B-0043","LOT-B-0001","TWLPC 01 70X150 LBR","PICASSO TOWEL","PCS","8907144338971","20","2026-08-13T14:09:22.703Z"
"B","R9","Bin 12","B-R9-Bin12","CTN-B-0044","LOT-B-0001","TWLPC 01 70X150 LBR","PICASSO TOWEL","PCS","8907144338971","20","2026-08-13T14:10:23.294Z"
"B","R9","Bin 12","B-R9-Bin12","CTN-B-0045","LOT-B-0001","TWLPC 04 70X150 ANT","PICASSO TOWEL","PCS","8907144339305","20","2026-08-13T14:11:01.070Z"
"B","R9","Bin 12","B-R9-Bin12","CTN-B-0046","LOT-B-0001","TWLPC 03 70X150 LBR","PICASSO TOWEL","PCS","8907144339220","20","2026-08-13T14:12:49.782Z"
"B","R9","Bin 12","B-R9-Bin12","CTN-B-0047","LOT-B-0001","TWLPC 05 70X150 WT","PICASSO TOWEL","PCS","8907144339411","20","2026-08-13T14:13:54.503Z"
"B","R9","Bin 12","B-R9-Bin12","CTN-B-0048","LOT-B-0001","TWLPC 05 70X150 WT","PICASSO TOWEL","PCS","8907144339411","20","2026-08-13T14:14:38.486Z"
"B","R9","Bin 12","B-R9-Bin12","CTN-B-0049","LOT-B-0001","TWLPC 05 70X150 WT","PICASSO TOWEL","PCS","8907144339411","20","2026-08-13T14:15:10.709Z"
"B","R9","Bin 12","B-R9-Bin12","CTN-B-0050","LOT-B-0001","TWLPC 05 70X150 WT","PICASSO TOWEL","PCS","8907144339411","20","2026-08-13T14:15:46.124Z"
"B","R9","Bin 12","B-R9-Bin12","CTN-B-0051","LOT-B-0001","TWLPC 05 70X150 WT","PICASSO TOWEL","PCS","8907144339411","20","2026-08-13T14:16:10.455Z"
"B","R9","Bin 12","B-R9-Bin12","CTN-B-0052","LOT-B-0001","TWLPC 04 70X150 WT","PICASSO TOWEL","PCS","8907144339350","20","2026-08-13T14:16:52.462Z"
"B","R9","Bin 12","B-R9-Bin12","CTN-B-0053","LOT-B-0001","TWLPC 02 70X150 LBR","PICASSO TOWEL","PCS","8907144339107","20","2026-08-18T12:15:32.547Z"
"B","R9","Bin 12","B-R9-Bin12","CTN-B-0054","LOT-B-0001","TWLPC 03 70X150 BG","PICASSO TOWEL","PCS","8907144339190","20","2026-08-18T12:16:17.536Z"
"B","R9","Bin 13","B-R9-Bin13","CTN-B-0019","LOT-B-0001","TWLPC 04 70X150 WT","PICASSO TOWEL","PCS","8907144339350","20","2026-08-13T13:50:52.829Z"
"B","R9","Bin 13","B-R9-Bin13","CTN-B-0020","LOT-B-0001","TWLPC 04 70X150 WT","PICASSO TOWEL","PCS","8907144339350","20","2026-08-13T13:51:33.381Z"
"B","R9","Bin 13","B-R9-Bin13","CTN-B-0021","LOT-B-0001","TWLPC 06 70X150 GY","PICASSO TOWEL","PCS","8907144339459","20","2026-08-13T13:52:14.210Z"
"B","R9","Bin 13","B-R9-Bin13","CTN-B-0022","LOT-B-0001","TWLPC 06 70X150 GY","PICASSO TOWEL","PCS","8907144339459","20","2026-08-13T13:52:47.522Z"
"B","R9","Bin 13","B-R9-Bin13","CTN-B-0023","LOT-B-0001","TWLPC 06 70X150 GY","PICASSO TOWEL","PCS","8907144339459","20","2026-08-13T13:53:17.522Z"
"B","R9","Bin 13","B-R9-Bin13","CTN-B-0024","LOT-B-0001","TWLPC 06 70X150 GY","PICASSO TOWEL","PCS","8907144339459","20","2026-08-13T13:53:53.268Z"
"B","R9","Bin 13","B-R9-Bin13","CTN-B-0025","LOT-B-0001","TWLPC 06 70X150 GY","PICASSO TOWEL","PCS","8907144339459","20","2026-08-13T13:54:22.900Z"
"B","R9","Bin 13","B-R9-Bin13","CTN-B-0026","LOT-B-0581","TWLPC 05 70X150 BST","PICASSO TOWEL","PCS","8907144339381","20","2026-08-13T13:54:54.865Z"
"B","R9","Bin 13","B-R9-Bin13","CTN-B-0027","LOT-B-0001","TWLPC 05 70X150 BST","PICASSO TOWEL","PCS","8907144339381","20","2026-08-13T13:55:29.156Z"
"B","R9","Bin 13","B-R9-Bin13","CTN-B-0028","LOT-B-0001","TWLPC 05 70X150 BST","PICASSO TOWEL","PCS","8907144339381","20","2026-08-13T13:55:59.739Z"
"B","R9","Bin 13","B-R9-Bin13","CTN-B-0029","LOT-B-0001","TWLPC 05 70X150 BST","PICASSO TOWEL","PCS","8907144339381","20","2026-08-13T13:56:32.752Z"
"B","R9","Bin 13","B-R9-Bin13","CTN-B-0030","LOT-B-0001","TWLPC 05 70X150 ANT","PICASSO TOWEL","PCS","8907144339367","20","2026-08-13T13:57:04.144Z"
"B","R9","Bin 13","B-R9-Bin13","CTN-B-0031","LOT-B-0001","TWLPC 05 70X150 ANT","PICASSO TOWEL","PCS","8907144339367","20","2026-08-13T13:57:39.691Z"
"B","R9","Bin 13","B-R9-Bin13","CTN-B-0033","LOT-B-0001","TWLPC 05 70X150 ANT","PICASSO TOWEL","PCS","8907144339367","20","2026-08-13T13:58:49.535Z"
"B","R9","Bin 13","B-R9-Bin13","CTN-B-0032","LOT-B-0001","TWLPC 03 70X150 GY","PICASSO TOWEL","PCS","8907144339213","20","2026-08-13T13:59:45.999Z"
"B","R9","Bin 13","B-R9-Bin13","CTN-B-0034","LOT-B-0001","TWLPC 06 70X150 BG","PICASSO TOWEL","PCS","8907144339435","20","2026-08-13T14:00:38.977Z"
"B","R9","Bin 13","B-R9-Bin13","CTN-B-0035","LOT-B-0001","TWLPC 06 70X150 BG","PICASSO TOWEL","PCS","8907144339435","20","2026-08-13T14:01:18.111Z"
"B","R9","Bin 13","B-R9-Bin13","CTN-B-0036","LOT-B-0001","TWLPC 06 70X150 BST","PICASSO TOWEL","PCS","8907144339442","20","2026-08-13T14:01:59.119Z"
"B","R9","Bin 14","B-R9-Bin14","CTN-B-0168","LOT-B-0001","TWLPC 04 70X150 BST","PICASSO TOWEL","PCS","8907144339329","20","2026-08-20T13:55:52.612Z"
"B","R9","Bin 14","B-R9-Bin14","CTN-B-0171","LOT-B-0001","TWLPC 04 70X150 WT","PICASSO TOWEL","PCS","8907144339350","20","2026-08-20T13:56:28.149Z"
"B","R9","Bin 14","B-R9-Bin14","CTN-B-0170","LOT-B-0001","TWLPC 06 70X150 WT","PICASSO TOWEL","PCS","8907144339473","20","2026-08-20T13:57:20.844Z"
"B","R9","Bin 14","B-R9-Bin14","CTN-B-0172","LOT-B-0001","TWLPC 04 70X150 BG","PICASSO TOWEL","PCS","8907144339312","20","2026-08-21T13:13:10.346Z"
"B","R9","Bin 14","B-R9-Bin14","CTN-B-0173","LOT-B-0001","TWLPC 05 70X150 WT","PICASSO TOWEL","PCS","8907144339411","20","2026-08-21T13:13:53.658Z"
"B","R9","Bin 14","B-R9-Bin14","CTN-B-0174","LOT-B-0001","TWLPC 06 70X150 WT","PICASSO TOWEL","PCS","8907144339473","20","2026-08-21T13:14:46.060Z"
"B","R9","Bin 14","B-R9-Bin14","CTN-B-0169","LOT-B-0001","TWLPC 02 70X150 ANT","PICASSO TOWEL","PCS","8907144339060","20","2026-08-21T13:15:27.243Z"
"B","R9","Bin 14","B-R9-Bin14","CTN-B-0175","LOT-B-0001","TWLPC 03 70X150 BST","PICASSO TOWEL","PCS","8907144339206","20","2026-08-21T13:16:02.258Z"
"B","R9","Bin 14","B-R9-Bin14","CTN-B-0177","LOT-B-0001","TWLPC 04 70X150 BG","PICASSO TOWEL","PCS","8907144339312","20","2026-08-21T13:17:27.746Z"
"B","R9","Bin 14","B-R9-Bin14","CTN-B-0176","LOT-B-0001","TWLPC 02 70X150 ANT","PICASSO TOWEL","PCS","8907144339060","20","2026-08-21T13:18:06.338Z"
"B","R9","Bin 14","B-R9-Bin14","CTN-B-0178","LOT-B-0001","TWLPC 04 70X150 LBR","PICASSO TOWEL","PCS","8907144339343","20","2026-08-21T13:18:41.317Z"
"B","R9","Bin 14","B-R9-Bin14","CTN-B-0179","LOT-B-0001","TWLPC 06 70X150 ANT","PICASSO TOWEL","PCS","8907144339428","19","2026-08-21T13:19:45.269Z"
"B","R9","Bin 14","B-R9-Bin14","CTN-B-0180","LOT-B-0001","TWLPC 02 70X150 BST","PICASSO TOWEL","PCS","8907144339084","20","2026-08-21T13:20:20.690Z"
"B","R9","Bin 14","B-R9-Bin14","CTN-B-0181","LOT-B-0001","TWLPC 01 70X150 BG","PICASSO TOWEL","PCS","8907144338964","20","2026-08-21T13:20:53.986Z"
"B","R9","Bin 14","B-R9-Bin14","CTN-B-0182","LOT-B-0001","TWLPC 02 70X150 LBR","PICASSO TOWEL","PCS","8907144339107","20","2026-08-21T13:21:34.216Z"
"B","R9","Bin 14","B-R9-Bin14","CTN-B-0183","LOT-B-0001","TWLPC 04 70X150 GY","PICASSO TOWEL","PCS","8907144339336","20","2026-08-21T13:22:50.506Z"
"B","R9","Bin 14","B-R9-Bin14","CTN-B-0184","LOT-B-0001","TWLPC 04 70X150 GY","PICASSO TOWEL","PCS","8907144339336","20","2026-08-21T13:23:33.201Z"
"B","R9","Bin 14","B-R9-Bin14","CTN-B-0185","LOT-B-0001","TWLPC 06 70X150 ANT","PICASSO TOWEL","PCS","8907144339428","20","2026-08-21T13:24:18.537Z"
"B","R9","Bin 14","B-R9-Bin14","CTN-B-0186","LOT-B-0001","TWLPC 01 70X150 ANT","PICASSO TOWEL","PCS","8907144338995","20","2026-08-21T13:25:48.905Z"
"B","R9","Bin 14","B-R9-Bin14","CTN-B-0187","LOT-B-0001","TWLPC 01 70X150 BST","PICASSO TOWEL","PCS","8907144338957","20","2026-08-21T13:27:24.057Z"
"B","R9","Bin 14","B-R9-Bin14","CTN-B-0188","LOT-B-0001","TWLPC 01 70X150 LBR","PICASSO TOWEL","PCS","8907144338971","20","2026-08-21T13:28:11.721Z"
"B","R9","Bin 14","B-R9-Bin14","CTN-B-0189","LOT-B-0001","TWLPC 01 70X150 LBR","PICASSO TOWEL","PCS","8907144338971","20","2026-08-21T13:29:02.913Z"
"B","R9","Bin 14","B-R9-Bin14","CTN-B-0199","LOT-B-0001","TWLPC 01 70X150 BG","PICASSO TOWEL","PCS","8907144338964","20","2026-08-21T13:46:09.424Z"
"B","R9","Bin 15","B-R9-Bin15","CTN-B-0211","LOT-B-0001","TWLPC 04 70X150 BST","PICASSO TOWEL","PCS","8907144339329","20","2026-08-21T13:54:08.874Z"
"B","R9","Bin 15","B-R9-Bin15","CTN-B-0224","LOT-B-0001","TWLPC 02 70X150 BG","PICASSO TOWEL","PCS","8907144339077","20","2026-08-22T06:26:17.527Z"
"B","R9","Bin 15","B-R9-Bin15","CTN-B-0225","LOT-B-0001","TWLPC 03 70X150 ANT","PICASSO TOWEL","PCS","8907144339183","20","2026-08-22T06:26:52.176Z"
"B","R9","Bin 15","B-R9-Bin15","CTN-B-0226","LOT-B-0001","TWLPC 03 70X150 WT","PICASSO TOWEL","PCS","8907144339237","20","2026-08-22T06:27:23.883Z"
"B","R9","Bin 15","B-R9-Bin15","CTN-B-0227","LOT-B-0001","TWLPC 03 70X150 BG","PICASSO TOWEL","PCS","8907144339190","20","2026-08-22T06:27:58.251Z"
"B","R9","Bin 15","B-R9-Bin15","CTN-B-0228","LOT-B-0001","TWLPC 02 70X150 WT","PICASSO TOWEL","PCS","8907144339114","20","2026-08-22T06:28:35.607Z"
"B","R9","Bin 15","B-R9-Bin15","CTN-B-0229","LOT-B-0001","TWLPC 01 70X150 BST","PICASSO TOWEL","PCS","8907144338957","20","2026-08-22T06:29:09.964Z"
"B","R9","Bin 15","B-R9-Bin15","CTN-B-0230","LOT-B-0001","TWLPC 02 70X150 LBR","PICASSO TOWEL","PCS","8907144339107","20","2026-08-22T06:29:53.354Z"
"B","R9","Bin 15","B-R9-Bin15","CTN-B-0231","LOT-B-0001","TWLPC 01 70X150 BG","PICASSO TOWEL","PCS","8907144338964","20","2026-08-22T06:30:26.819Z"
"B","R9","Bin 15","B-R9-Bin15","CTN-B-0232","LOT-B-0001","TWLPC 03 70X150 ANT","PICASSO TOWEL","PCS","8907144339183","20","2026-08-22T06:31:28.411Z"
"B","R9","Bin 15","B-R9-Bin15","CTN-B-0233","LOT-B-0001","TWLPC 02 70X150 BG","PICASSO TOWEL","PCS","8907144339077","20","2026-08-22T06:32:00.446Z"
"B","R9","Bin 15","B-R9-Bin15","CTN-B-0236","LOT-B-0001","TWLPC 02 70X150 BG","PICASSO TOWEL","PCS","8907144339077","20","2026-08-22T06:34:00.275Z"
"B","R9","Bin 15","B-R9-Bin15","CTN-B-0234","LOT-B-0001","TWLPC 01 70X150 BG","PICASSO TOWEL","PCS","8907144338964","20","2026-08-22T06:33:45.337Z"
"B","R9","Bin 15","B-R9-Bin15","CTN-B-0235","LOT-B-0001","TWLPC 01 70X150 BG","PICASSO TOWEL","PCS","8907144338964","20","2026-08-22T06:34:46.659Z"
"B","R9","Bin 15","B-R9-Bin15","CTN-B-0237","LOT-B-0001","TWLPC 01 70X150 BST","PICASSO TOWEL","PCS","8907144338957","20","2026-08-22T06:36:12.363Z"
"B","R9","Bin 15","B-R9-Bin15","CTN-B-0238","LOT-B-0001","TWLPC 04 70X150 GY","PICASSO TOWEL","PCS","8907144339336","20","2026-08-22T06:36:43.027Z"
"B","R9","Bin 15","B-R9-Bin15","CTN-B-0239","LOT-B-0001","TWLPC 02 70X150 WT","PICASSO TOWEL","PCS","8907144339114","20","2026-08-22T06:37:24.955Z"
"B","R9","Bin 15","B-R9-Bin15","CTN-B-0241","LOT-B-0001","TWLPC 03 70X150 ANT","PICASSO TOWEL","PCS","8907144339183","20","2026-08-22T06:38:01.707Z"
"B","R9","Bin 15","B-R9-Bin15","CTN-B-0240","LOT-B-0001","TWLPC 01 70X150 GY","PICASSO TOWEL","PCS","8907144338988","20","2026-08-22T06:38:45.188Z"
"B","R9","Bin 15","B-R9-Bin15","CTN-B-0242","LOT-B-0001","TWLPC 03 70X150 BG","PICASSO TOWEL","PCS","8907144339190","20","2026-08-22T06:39:20.075Z"
"B","R9","Bin 15","B-R9-Bin15","CTN-B-0243","LOT-B-0001","TWLPC 01 70X150 BST","PICASSO TOWEL","PCS","8907144338957","20","2026-08-22T06:40:34.587Z"
"B","R9","Bin 15","B-R9-Bin15","CTN-B-0244","LOT-B-0001","TWLPC 01 70X150 GY","PICASSO TOWEL","PCS","8907144338988","20","2026-08-22T06:41:08.290Z"
"B","R9","Bin 15","B-R9-Bin15","CTN-B-0245","LOT-B-0001","TWLPC 03 70X150 BG","PICASSO TOWEL","PCS","8907144339190","20","2026-08-22T06:41:42.348Z"
"B","R9","Bin 16","B-R9-Bin16","CTN-B-0206","LOT-B-0001","TWLPC 01 70X150 BST","PICASSO TOWEL","PCS","8907144338957","20","2026-08-21T13:51:42.218Z"
"B","R9","Bin 16","B-R9-Bin16","CTN-B-0207","LOT-B-0001","TWLPC 02 70X150 ANT","PICASSO TOWEL","PCS","8907144339060","20","2026-08-21T13:52:12.145Z"
"B","R9","Bin 16","B-R9-Bin16","CTN-B-0209","LOT-B-0001","TWLPC 01 70X150 BST","PICASSO TOWEL","PCS","8907144338957","20","2026-08-21T13:52:40.242Z"
"B","R9","Bin 16","B-R9-Bin16","CTN-B-0208","LOT-B-0001","TWLPC 02 70X150 ANT","PICASSO TOWEL","PCS","8907144339060","20","2026-08-21T13:53:08.317Z"
"B","R9","Bin 16","B-R9-Bin16","CTN-B-0210","LOT-B-0001","TWLPC 01 70X150 ANT","PICASSO TOWEL","PCS","8907144338995","20","2026-08-21T13:53:37.138Z"
"B","R9","Bin 16","B-R9-Bin16","CTN-B-0212","LOT-B-0001","TWLPC 03 70X150 WT","PICASSO TOWEL","PCS","8907144339237","20","2026-08-21T13:54:45.762Z"
"B","R9","Bin 16","B-R9-Bin16","CTN-B-0213","LOT-B-0001","TWLPC 02 70X150 WT","PICASSO TOWEL","PCS","8907144339114","20","2026-08-21T13:56:18.325Z"
"B","R9","Bin 16","B-R9-Bin16","CTN-B-0214","LOT-B-0001","TWLPC 03 70X150 LBR","PICASSO TOWEL","PCS","8907144339220","20","2026-08-21T13:57:48.614Z"
"B","R9","Bin 16","B-R9-Bin16","CTN-B-0215","LOT-B-0001","TWLPC 03 70X150 ANT","PICASSO TOWEL","PCS","8907144339183","20","2026-08-21T13:58:20.138Z"
"B","R9","Bin 16","B-R9-Bin16","CTN-B-0216","LOT-B-0001","TWLPC 03 70X150 BST","PICASSO TOWEL","PCS","8907144339206","20","2026-08-21T14:00:52.577Z"
"B","R9","Bin 16","B-R9-Bin16","CTN-B-0217","LOT-B-0001","TWLPC 02 70X150 GY","PICASSO TOWEL","PCS","8907144339091","20","2026-08-21T14:02:02.545Z"
"B","R9","Bin 16","B-R9-Bin16","CTN-B-0218","LOT-B-0001","TWLPC 03 70X150 WT","PICASSO TOWEL","PCS","8907144339237","20","2026-08-21T14:10:59.228Z"
"B","R9","Bin 16","B-R9-Bin16","CTN-B-0219","LOT-B-0001","TWLPC 01 70X150 ANT","PICASSO TOWEL","PCS","8907144338995","20","2026-08-22T06:23:14.528Z"
"B","R9","Bin 16","B-R9-Bin16","CTN-B-0220","LOT-B-0001","TWLPC 01 70X150 GY","PICASSO TOWEL","PCS","8907144338988","20","2026-08-22T06:23:46.291Z"
"B","R9","Bin 16","B-R9-Bin16","CTN-B-0221","LOT-B-0001","TWLPC 03 70X150 GY","PICASSO TOWEL","PCS","8907144339213","20","2026-08-22T06:24:24.987Z"
"B","R9","Bin 16","B-R9-Bin16","CTN-B-0222","LOT-B-0001","TWLPC 02 70X150 ANT","PICASSO TOWEL","PCS","8907144339060","20","2026-08-22T06:25:01.540Z"
"B","R9","Bin 16","B-R9-Bin16","CTN-B-0223","LOT-B-0001","TWLPC 02 70X150 GY","PICASSO TOWEL","PCS","8907144339091","20","2026-08-22T06:25:40.436Z"
"B","R9","Bin 17","B-R9-Bin17","CTN-B-0004","LOT-B-0001","TWLPC 05 70X150 LBR","PICASSO TOWEL","PCS","8907144339404","20","2026-08-13T11:32:52.658Z"
"B","R9","Bin 17","B-R9-Bin17","CTN-B-0190","LOT-B-0001","TWLPC 03 70X150 BG","PICASSO TOWEL","PCS","8907144339190","20","2026-08-21T13:29:45.750Z"
"B","R9","Bin 17","B-R9-Bin17","CTN-B-0191","LOT-B-0001","TWLPC 02 70X150 BG","PICASSO TOWEL","PCS","8907144339077","20","2026-08-21T13:38:22.028Z"
"B","R9","Bin 17","B-R9-Bin17","CTN-B-0192","LOT-B-0001","TWLPC 03 70X150 GY","PICASSO TOWEL","PCS","8907144339213","20","2026-08-21T13:39:45.233Z"
"B","R9","Bin 17","B-R9-Bin17","CTN-B-0193","LOT-B-0001","TWLPC 05 70X150 GY","PICASSO TOWEL","PCS","8907144339398","20","2026-08-21T13:39:27.345Z"
"B","R9","Bin 17","B-R9-Bin17","CTN-B-0194","LOT-B-0001","TWLPC 01 70X150 ANT","PICASSO TOWEL","PCS","8907144338995","20","2026-08-21T13:39:55.884Z"
"B","R9","Bin 17","B-R9-Bin17","CTN-B-0195","LOT-B-0001","TWLPC 04 70X150 GY","PICASSO TOWEL","PCS","8907144339336","20","2026-08-21T13:40:07.376Z"
"B","R9","Bin 17","B-R9-Bin17","CTN-B-0196","LOT-B-0001","TWLPC 02 70X150 BST","PICASSO TOWEL","PCS","8907144339084","20","2026-08-21T13:44:00.592Z"
"B","R9","Bin 17","B-R9-Bin17","CTN-B-0197","LOT-B-0001","TWLPC 02 70X150 BST","PICASSO TOWEL","PCS","8907144339084","20","2026-08-21T13:44:31.249Z"
"B","R9","Bin 17","B-R9-Bin17","CTN-B-0198","LOT-B-0001","TWLPC 03 70X150 LBR","PICASSO TOWEL","PCS","8907144339220","20","2026-08-21T13:45:19.376Z"
"B","R9","Bin 17","B-R9-Bin17","CTN-B-0200","LOT-B-0001","TWLPC 03 70X150 ANT","PICASSO TOWEL","PCS","8907144339183","20","2026-08-21T13:46:48.017Z"
"B","R9","Bin 17","B-R9-Bin17","CTN-B-0201","LOT-B-0001","TWLPC 03 70X150 WT","PICASSO TOWEL","PCS","8907144339237","20","2026-08-21T13:47:27.856Z"
"B","R9","Bin 17","B-R9-Bin17","CTN-B-0202","LOT-B-0001","TWLPC 03 70X150 WT","PICASSO TOWEL","PCS","8907144339237","20","2026-08-21T13:48:07.872Z"
"B","R9","Bin 17","B-R9-Bin17","CTN-B-0203","LOT-B-0001","TWLPC 03 70X150 BST","PICASSO TOWEL","PCS","8907144339206","20","2026-08-21T13:48:45.844Z"
"B","R9","Bin 17","B-R9-Bin17","CTN-B-0204","LOT-B-0001","TWLPC 03 70X150 BST","PICASSO TOWEL","PCS","8907144339206","20","2026-08-21T13:49:24.722Z"
"B","R9","Bin 18","B-R9-Bin18","CTN-B-0001","LOT-B-0001","TWLPC 06 70X150 WT","PICASSO TOWEL","PCS","8907144339473","20","2026-08-13T11:30:19.978Z"
"B","R9","Bin 18","B-R9-Bin18","CTN-B-0002","LOT-B-0001","TWLPC 06 70X150 WT","PICASSO TOWEL","PCS","8907144339473","20","2026-08-13T11:31:10.713Z"
"B","R9","Bin 18","B-R9-Bin18","CTN-B-0003","LOT-B-0001","TWLPC 05 70X150 LBR","PICASSO TOWEL","PCS","8907144339404","20","2026-08-13T11:32:14.424Z"
"B","R9","Bin 18","B-R9-Bin18","CTN-B-0005","LOT-B-0001","TWLPC 05 70X150 LBR","PICASSO TOWEL","PCS","8907144339404","20","2026-08-13T11:33:30.389Z"
"B","R9","Bin 18","B-R9-Bin18","CTN-B-0006","LOT-B-0001","TWLPC 05 70X150 LBR","PICASSO TOWEL","PCS","8907144339404","20","2026-08-13T11:34:09.161Z"
"B","R9","Bin 18","B-R9-Bin18","CTN-B-0007","LOT-B-0001","TWLPC 05 70X150 LBR","PICASSO TOWEL","PCS","8907144339404","20","2026-08-13T11:34:42.840Z"
"B","R9","Bin 18","B-R9-Bin18","CTN-B-0008","LOT-B-0001","TWLPC 06 70X150 LBR","PICASSO TOWEL","PCS","8907144339466","20","2026-08-13T11:35:24.424Z"
"B","R9","Bin 18","B-R9-Bin18","CTN-B-0009","LOT-B-0001","TWLPC 06 70X150 LBR","PICASSO TOWEL","PCS","8907144339466","20","2026-08-13T11:36:13.056Z"
"B","R9","Bin 18","B-R9-Bin18","CTN-B-0010","LOT-B-0001","TWLPC 06 70X150 BST","PICASSO TOWEL","PCS","8907144339442","20","2026-08-13T11:36:51.181Z"
"B","R9","Bin 18","B-R9-Bin18","CTN-B-0011","LOT-B-0001","TWLPC 06 70X150 BST","PICASSO TOWEL","PCS","8907144339442","20","2026-08-13T11:37:21.265Z"
"B","R9","Bin 18","B-R9-Bin18","CTN-B-0012","LOT-B-0001","TWLPC 06 70X150 BST","PICASSO TOWEL","PCS","8907144339442","15","2026-08-13T11:38:01.504Z"
"B","R9","Bin 18","B-R9-Bin18","CTN-B-0013","LOT-B-0001","TWLPC 06 70X150 BST","PICASSO TOWEL","PCS","8907144339442","20","2026-08-13T11:38:29.616Z"
"B","R9","Bin 18","B-R9-Bin18","CTN-B-0014","LOT-B-0001","TWLPC 05 70X150 ANT","PICASSO TOWEL","PCS","8907144339367","20","2026-08-13T11:49:44.543Z"
"B","R9","Bin 18","B-R9-Bin18","CTN-B-0015","LOT-B-0001","TWLPC 05 70X150 ANT","PICASSO TOWEL","PCS","8907144339367","18","2026-08-13T11:50:39.823Z"
"B","R9","Bin 18","B-R9-Bin18","CTN-B-0017","LOT-B-0001","TWLPC 05 70X150 ANT","PICASSO TOWEL","PCS","8907144339367","20","2026-08-13T11:52:02.752Z"
"B","R9","Bin 18","B-R9-Bin18","CTN-B-0016","LOT-B-0001","TWLPC 06 70X150 BG","PICASSO TOWEL","PCS","8907144339435","20","2026-08-13T11:55:23.990Z"
"B","R9","Bin 18","B-R9-Bin18","CTN-B-0018","LOT-B-0001","TWLPC 06 70X150 BG","PICASSO TOWEL","PCS","8907144339435","18","2026-08-13T11:56:00.840Z"
"B","R9","Bin 2","B-R9-Bin2","CTN-B-0107","LOT-B-0001","TWLPC 04 70X150 BST","PICASSO TOWEL","PCS","8907144339329","20","2026-08-19T13:41:33.452Z"
"B","R9","Bin 2","B-R9-Bin2","CTN-B-0106","LOT-B-0001","TWLPC 06 70X150 ANT","PICASSO TOWEL","PCS","8907144339428","20","2026-08-20T12:09:59.520Z"
"B","R9","Bin 2","B-R9-Bin2","CTN-B-0105","LOT-B-0001","TWLPC 05 70X150 ANT","PICASSO TOWEL","PCS","8907144339367","20","2026-08-20T12:10:36.047Z"
"B","R9","Bin 2","B-R9-Bin2","CTN-B-0108","LOT-B-0001","TWLPC 01 70X150 WT","PICASSO TOWEL","PCS","8907144338940","20","2026-08-20T12:11:20.607Z"
"B","R9","Bin 2","B-R9-Bin2","CTN-B-0109","LOT-B-0001","TWLPC 05 70X150 GY","PICASSO TOWEL","PCS","8907144339398","20","2026-08-20T12:11:54.208Z"
"B","R9","Bin 2","B-R9-Bin2","CTN-B-0110","LOT-B-0001","TWLPC 03 70X150 BG","PICASSO TOWEL","PCS","8907144339190","20","2026-08-20T12:12:27.599Z"
"B","R9","Bin 2","B-R9-Bin2","CTN-B-0111","LOT-B-0001","TWLPC 03 70X150 ANT","PICASSO TOWEL","PCS","8907144339183","20","2026-08-20T12:12:58.975Z"
"B","R9","Bin 2","B-R9-Bin2","CTN-B-0112","LOT-B-0001","TWLPC 03 70X150 LBR","PICASSO TOWEL","PCS","8907144339220","20","2026-08-20T12:13:30.611Z"
"B","R9","Bin 2","B-R9-Bin2","CTN-B-0113","LOT-B-0001","TWLPC 02 70X150 GY","PICASSO TOWEL","PCS","8907144339091","20","2026-08-20T12:14:07.087Z"
"B","R9","Bin 2","B-R9-Bin2","CTN-B-0114","LOT-B-0001","TWLPC 03 70X150 GY","PICASSO TOWEL","PCS","8907144339213","15","2026-08-20T12:16:29.856Z"
"B","R9","Bin 2","B-R9-Bin2","CTN-B-0115","LOT-B-0001","TWLPC 01 70X150 WT","PICASSO TOWEL","PCS","8907144338940","20","2026-08-20T12:17:29.009Z"
"B","R9","Bin 2","B-R9-Bin2","CTN-B-0116","LOT-B-0001","TWLPC 04 70X150 ANT","PICASSO TOWEL","PCS","8907144339305","20","2026-08-20T12:18:01.336Z"
"B","R9","Bin 2","B-R9-Bin2","CTN-B-0117","LOT-B-0001","TWLPC 04 70X150 WT","PICASSO TOWEL","PCS","8907144339350","20","2026-08-20T12:18:41.695Z"
"B","R9","Bin 2","B-R9-Bin2","CTN-B-0118","LOT-B-0001","TWLPC 03 70X150 BST","PICASSO TOWEL","PCS","8907144339206","20","2026-08-20T12:19:18.903Z"
"B","R9","Bin 2","B-R9-Bin2","CTN-B-0119","LOT-B-0001","TWLPC 02 70X150 WT","PICASSO TOWEL","PCS","8907144339114","20","2026-08-20T12:19:56.505Z"
"B","R9","Bin 2","B-R9-Bin2","CTN-B-0120","LOT-B-0001","TWLPC 02 70X150 GY","PICASSO TOWEL","PCS","8907144339091","20","2026-08-20T12:20:38.151Z"
"B","R9","Bin 2","B-R9-Bin2","CTN-B-0121","LOT-B-0001","TWLPC 04 70X150 BST","PICASSO TOWEL","PCS","8907144339329","20","2026-08-20T12:21:16.095Z"
"B","R9","Bin 2","B-R9-Bin2","CTN-B-0122","LOT-B-0001","TWLPC 06 70X150 WT","PICASSO TOWEL","PCS","8907144339473","20","2026-08-20T12:21:58.850Z"
"B","R9","Bin 3","B-R9-Bin3","CTN-B-0036","LOT-B-0001","TWLPC 01 40X60 BG","PICASSO TOWEL","PCS","8907144339022","100","2026-08-22T13:49:06.803Z"
"B","R9","Bin 3","B-R9-Bin3","CTN-B-0038","LOT-B-0001","TWLPC 05 40X60 GY","PICASSO TOWEL","PCS","8907144339572","100","2026-08-22T13:50:15.699Z"
"B","R9","Bin 3","B-R9-Bin3","CTN-B-0042","LOT-B-0001","TWLPC 06 40X60 GY","PICASSO TOWEL","PCS","8907144339633","99","2026-08-22T13:51:04.211Z"
"B","R9","Bin 3","B-R9-Bin3","CTN-B-0039","LOT-B-0001","TWLPC 02 40X60 BST","PICASSO TOWEL","PCS","8907144339145","100","2026-08-22T13:51:36.787Z"
"B","R9","Bin 3","B-R9-Bin3","CTN-B-0040","LOT-B-0001","TWLPC 04 40X60 ANT","PICASSO TOWEL","PCS","8907144339480","100","2026-08-22T13:53:05.199Z"
"B","R9","Bin 3","B-R9-Bin3","CTN-B-0041","LOT-B-0001","TWLPC 06 40X60 BG","PICASSO TOWEL","PCS","8907144339619","100","2026-08-22T13:53:42.563Z"
"B","R9","Bin 3","B-R9-Bin3","CTN-B-0043","LOT-B-0001","TWLPC 06 40X60 ANT","PICASSO TOWEL","PCS","8907144339602","100","2026-08-22T13:54:49.122Z"
"B","R9","Bin 3","B-R9-Bin3","CTN-B-0044","LOT-B-0001","TWLPC 05 40X60 WT","PICASSO TOWEL","PCS","8907144339596","100","2026-08-22T13:55:21.540Z"
"B","R9","Bin 3","B-R9-Bin3","CTN-B-0047","LOT-B-0001","TWLPC 05 40X60 LBR","PICASSO TOWEL","PCS","8907144339589","100","2026-08-22T13:56:10.162Z"
"B","R9","Bin 3","B-R9-Bin3","CTN-B-0046","LOT-B-0001","TWLPC 06 40X60 ANT","PICASSO TOWEL","PCS","8907144339602","100","2026-08-22T13:57:45.104Z"
"B","R9","Bin 3","B-R9-Bin3","CTN-B-0045","LOT-B-0001","TWLPC 01 40X60 WT","PICASSO TOWEL","PCS","8907144339008","100","2026-08-22T13:58:18.306Z"
"B","R9","Bin 3","B-R9-Bin3","CTN-B-0050","LOT-B-0001","TWLPC 06 40X60 BST","PICASSO TOWEL","PCS","8907144339626","100","2026-08-22T13:58:54.135Z"
"B","R9","Bin 3","B-R9-Bin3","CTN-B-0049","LOT-B-0001","TWLPC 04 40X60 WT","PICASSO TOWEL","PCS","8907144339534","100","2026-08-22T13:59:26.770Z"
"B","R9","Bin 3","B-R9-Bin3","CTN-B-0048","LOT-B-0001","TWLPC 03 40X60 WT","PICASSO TOWEL","PCS","8907144339299","100","2026-08-22T14:00:13.074Z"
"B","R9","Bin 4","B-R9-Bin4","CTN-B-0022","LOT-B-0001","TWLPC 02 40X60 BST","PICASSO TOWEL","PCS","8907144339145","100","2026-08-22T13:37:03.092Z"
"B","R9","Bin 4","B-R9-Bin4","CTN-B-0023","LOT-B-0001","TWLPC 04 40X60 WT","PICASSO TOWEL","PCS","8907144339534","100","2026-08-22T13:38:13.731Z"
"B","R9","Bin 4","B-R9-Bin4","CTN-B-0024","LOT-B-0001","TWLPC 05 40X60 ANT","PICASSO TOWEL","PCS","8907144339541","100","2026-08-22T13:38:51.852Z"
"B","R9","Bin 4","B-R9-Bin4","CTN-B-0025","LOT-B-0001","TWLPC 03 40X60 WT","PICASSO TOWEL","PCS","8907144339299","100","2026-08-22T13:40:01.452Z"
"B","R9","Bin 4","B-R9-Bin4","CTN-B-0026","LOT-B-0001","TWLPC 02 40X60 BG","PICASSO TOWEL","PCS","8907144339138","100","2026-08-22T13:40:59.867Z"
"B","R9","Bin 4","B-R9-Bin4","CTN-B-0027","LOT-B-0001","TWLPC 02 40X60 GY","PICASSO TOWEL","PCS","8907144339152","100","2026-08-22T13:42:18.851Z"
"B","R9","Bin 4","B-R9-Bin4","CTN-B-0028","LOT-B-0001","TWLPC 03 40X60 BG","PICASSO TOWEL","PCS","8907144339251","100","2026-08-22T13:43:11.108Z"
"B","R9","Bin 4","B-R9-Bin4","CTN-B-0029","LOT-B-0001","TWLPC 05 40X60 LBR","PICASSO TOWEL","PCS","8907144339589","100","2026-08-22T13:43:59.123Z"
"B","R9","Bin 4","B-R9-Bin4","CTN-B-0030","LOT-B-0001","TWLPC 06 40X60 WT","PICASSO TOWEL","PCS","8907144339657","100","2026-08-22T13:44:59.659Z"
"B","R9","Bin 4","B-R9-Bin4","CTN-B-0031","LOT-B-0001","TWLPC 02 40X60 ANT","PICASSO TOWEL","PCS","8907144339121","100","2026-08-22T13:45:41.931Z"
"B","R9","Bin 4","B-R9-Bin4","CTN-B-0032","LOT-B-0001","TWLPC 04 40X60 BST","PICASSO TOWEL","PCS","8907144339503","100","2026-08-22T13:46:20.876Z"
"B","R9","Bin 4","B-R9-Bin4","CTN-B-0033","LOT-B-0001","TWLPC 02 40X60 BG","PICASSO TOWEL","PCS","8907144339138","100","2026-08-22T13:47:02.598Z"
"B","R9","Bin 4","B-R9-Bin4","CTN-B-0034","LOT-B-0001","TWLPC 05 40X60 ANT","PICASSO TOWEL","PCS","8907144339541","100","2026-08-22T13:47:56.302Z"
"B","R9","Bin 4","B-R9-Bin4","CTN-B-0035","LOT-B-0001","TWLPC 06 40X60 GY","PICASSO TOWEL","PCS","8907144339633","100","2026-08-22T13:48:30.266Z"
"B","R9","Bin 5","B-R9-Bin5","CTN-B-0123","LOT-B-0001","TWLPC 03 70X150 LBR","PICASSO TOWEL","PCS","8907144339220","20","2026-08-20T12:25:26.784Z"
"B","R9","Bin 5","B-R9-Bin5","CTN-B-0125","LOT-B-0001","TWLPC 03 70X150 WT","PICASSO TOWEL","PCS","8907144339237","20","2026-08-20T12:26:12.192Z"
"B","R9","Bin 5","B-R9-Bin5","CTN-B-0126","LOT-B-0001","TWLPC 03 70X150 LBR","PICASSO TOWEL","PCS","8907144339220","20","2026-08-20T12:26:46.417Z"
"B","R9","Bin 5","B-R9-Bin5","CTN-B-0127","LOT-B-0001","TWLPC 04 70X150 BG","PICASSO TOWEL","PCS","8907144339312","20","2026-08-20T12:27:27.035Z"
"B","R9","Bin 5","B-R9-Bin5","CTN-B-0124","LOT-B-0001","TWLPC 04 70X150 GY","PICASSO TOWEL","PCS","8907144339336","20","2026-08-20T12:28:02.466Z"
"B","R9","Bin 5","B-R9-Bin5","CTN-B-0128","LOT-B-0001","TWLPC 02 70X150 GY","PICASSO TOWEL","PCS","8907144339091","20","2026-08-20T12:28:50.552Z"
"B","R9","Bin 5","B-R9-Bin5","CTN-B-0129","LOT-B-0001","TWLPC 03 70X150 WT","PICASSO TOWEL","PCS","8907144339237","20","2026-08-20T12:31:24.485Z"
"B","R9","Bin 5","B-R9-Bin5","CTN-B-0130","LOT-B-0001","TWLPC 02 70X150 LBR","PICASSO TOWEL","PCS","8907144339107","20","2026-08-20T12:32:42.840Z"
"B","R9","Bin 5","B-R9-Bin5","CTN-B-0131","LOT-B-0001","TWLPC 05 70X150 GY","PICASSO TOWEL","PCS","8907144339398","20","2026-08-20T12:33:28.561Z"
"B","R9","Bin 5","B-R9-Bin5","CTN-B-0132","LOT-B-0001","TWLPC 01 70X150 ANT","PICASSO TOWEL","PCS","8907144338995","20","2026-08-20T12:34:04.171Z"
"B","R9","Bin 5","B-R9-Bin5","CTN-B-0133","LOT-B-0001","TWLPC 05 70X150 GY","PICASSO TOWEL","PCS","8907144339398","20","2026-08-20T12:34:34.824Z"
"B","R9","Bin 5","B-R9-Bin5","CTN-B-0134","LOT-B-0001","TWLPC 02 70X150 WT","PICASSO TOWEL","PCS","8907144339114","20","2026-08-20T12:36:10.705Z"
"B","R9","Bin 5","B-R9-Bin5","CTN-B-0135","LOT-B-0001","TWLPC 03 70X150 BST","PICASSO TOWEL","PCS","8907144339206","20","2026-08-20T12:36:43.408Z"
"B","R9","Bin 5","B-R9-Bin5","CTN-B-0136","LOT-B-0001","TWLPC 04 70X150 WT","PICASSO TOWEL","PCS","8907144339350","20","2026-08-20T12:39:59.336Z"
"B","R9","Bin 5","B-R9-Bin5","CTN-B-0137","LOT-B-0001","TWLPC 03 70X150 GY","PICASSO TOWEL","PCS","8907144339213","20","2026-08-20T12:40:29.808Z"
"B","R9","Bin 5","B-R9-Bin5","CTN-B-0138","LOT-B-0001","TWLPC 04 70X150 ANT","PICASSO TOWEL","PCS","8907144339305","20","2026-08-20T12:41:06.544Z"
"B","R9","Bin 5","B-R9-Bin5","CTN-B-0139","LOT-B-0001","TWLPC 03 70X150 LBR","PICASSO TOWEL","PCS","8907144339220","20","2026-08-20T12:41:37.912Z"
"B","R9","Bin 5","B-R9-Bin5","CTN-B-0140","LOT-B-0001","TWLPC 03 70X150 LBR","PICASSO TOWEL","PCS","8907144339220","20","2026-08-20T12:42:13.597Z"
"B","R9","Bin 6","B-R9-Bin6","CTN-B-0072","LOT-B-0001","TWLPC 05 70X150 LBR","PICASSO TOWEL","PCS","8907144339404","20","2026-08-18T13:41:40.240Z"
"B","R9","Bin 6","B-R9-Bin6","CTN-B-0071","LOT-B-0001","TWLPC 01 70X150 GY","PICASSO TOWEL","PCS","8907144338988","20","2026-08-18T13:41:53.399Z"
"B","R9","Bin 6","B-R9-Bin6","CTN-B-0070","LOT-B-0001","TWLPC 01 70X150 ANT","PICASSO TOWEL","PCS","8907144338995","20","2026-08-18T13:41:59.488Z"
"B","R9","Bin 6","B-R9-Bin6","CTN-B-0085","LOT-B-0001","TWLPC 01 70X150 ANT","PICASSO TOWEL","PCS","8907144338995","20","2026-08-18T13:42:39.639Z"
"B","R9","Bin 6","B-R9-Bin6","CTN-B-0079","LOT-B-0001","TWLPC 05 70X150 BG","PICASSO TOWEL","PCS","8907144339374","20","2026-08-18T13:43:22.009Z"
"B","R9","Bin 6","B-R9-Bin6","CTN-B-0084","LOT-B-0001","TWLPC 01 70X150 WT","PICASSO TOWEL","PCS","8907144338940","20","2026-08-18T13:49:47.034Z"
"B","R9","Bin 6","B-R9-Bin6","CTN-B-0087","LOT-B-0001","TWLPC 03 70X150 BG","PICASSO TOWEL","PCS","8907144339190","20","2026-08-18T13:50:31.416Z"
"B","R9","Bin 6","B-R9-Bin6","CTN-B-0075","LOT-B-0001","TWLPC 03 70X150 ANT","PICASSO TOWEL","PCS","8907144339183","20","2026-08-19T07:22:42.008Z"
"B","R9","Bin 6","B-R9-Bin6","CTN-B-0074","LOT-B-0001","TWLPC 03 70X150 GY","PICASSO TOWEL","PCS","8907144339213","20","2026-08-19T07:23:17.672Z"
"B","R9","Bin 6","B-R9-Bin6","CTN-B-0073","LOT-B-0001","TWLPC 05 70X150 GY","PICASSO TOWEL","PCS","8907144339398","20","2026-08-19T07:24:30.640Z"
"B","R9","Bin 6","B-R9-Bin6","CTN-B-0080","LOT-B-0001","TWLPC 02 70X150 GY","PICASSO TOWEL","PCS","8907144339091","20","2026-08-19T07:25:10.777Z"
"B","R9","Bin 6","B-R9-Bin6","CTN-B-0083","LOT-B-0001","TWLPC 03 70X150 ANT","PICASSO TOWEL","PCS","8907144339183","20","2026-08-19T07:25:50.239Z"
"B","R9","Bin 6","B-R9-Bin6","CTN-B-0076","LOT-B-0001","TWLPC 04 70X150 LBR","PICASSO TOWEL","PCS","8907144339343","20","2026-08-19T07:26:26.272Z"
"B","R9","Bin 6","B-R9-Bin6","CTN-B-0077","LOT-B-0001","TWLPC 02 70X150 GY","PICASSO TOWEL","PCS","8907144339091","20","2026-08-19T07:27:08.794Z"
"B","R9","Bin 6","B-R9-Bin6","CTN-B-0078","LOT-B-0001","TWLPC 02 70X150 BG","PICASSO TOWEL","PCS","8907144339077","20","2026-08-19T07:28:09.192Z"
"B","R9","Bin 6","B-R9-Bin6","CTN-B-0081","LOT-B-0001","TWLPC 06 70X150 LBR","PICASSO TOWEL","PCS","8907144339466","20","2026-08-19T07:28:50.620Z"
"B","R9","Bin 6","B-R9-Bin6","CTN-B-0082","LOT-B-0001","TWLPC 02 70X150 ANT","PICASSO TOWEL","PCS","8907144339060","20","2026-08-19T07:29:36.832Z"
"B","R9","Bin 7","B-R9-Bin7","CTN-B-0057","LOT-B-0001","TWLPC 06 70X150 BG","PICASSO TOWEL","PCS","8907144339435","20","2026-08-18T12:17:09.616Z"
"B","R9","Bin 7","B-R9-Bin7","CTN-B-0056","LOT-B-0001","TWLPC 01 70X150 WT","PICASSO TOWEL","PCS","8907144338940","20","2026-08-18T12:18:08.217Z"
"B","R9","Bin 7","B-R9-Bin7","CTN-B-0055","LOT-B-0001","TWLPC 04 70X150 BG","PICASSO TOWEL","PCS","8907144339312","20","2026-08-18T12:18:43.359Z"
"B","R9","Bin 7","B-R9-Bin7","CTN-B-0058","LOT-B-0001","TWLPC 01 70X150 BG","PICASSO TOWEL","PCS","8907144338964","20","2026-08-18T12:19:23.780Z"
"B","R9","Bin 7","B-R9-Bin7","CTN-B-0059","LOT-B-0001","TWLPC 01 70X150 LBR","PICASSO TOWEL","PCS","8907144338971","20","2026-08-18T12:20:07.984Z"
"B","R9","Bin 7","B-R9-Bin7","CTN-B-0060","LOT-B-0001","TWLPC 02 70X150 WT","PICASSO TOWEL","PCS","8907144339114","20","2026-08-18T12:20:54.385Z"
"B","R9","Bin 7","B-R9-Bin7","CTN-B-0063","LOT-B-0001","TWLPC 02 70X150 BG","PICASSO TOWEL","PCS","8907144339077","20","2026-08-18T13:31:49.256Z"
"B","R9","Bin 7","B-R9-Bin7","CTN-B-0062","LOT-B-0001","TWLPC 02 70X150 LBR","PICASSO TOWEL","PCS","8907144339107","20","2026-08-18T13:32:38.994Z"
"B","R9","Bin 7","B-R9-Bin7","CTN-B-0061","LOT-B-0001","TWLPC 04 70X150 LBR","PICASSO TOWEL","PCS","8907144339343","20","2026-08-18T13:33:19.576Z"
"B","R9","Bin 7","B-R9-Bin7","CTN-B-0066","LOT-B-0001","TWLPC 04 70X150 LBR","PICASSO TOWEL","PCS","8907144339343","20","2026-08-18T13:33:52.520Z"
"B","R9","Bin 7","B-R9-Bin7","CTN-B-0065","LOT-B-0001","TWLPC 05 70X150 BG","PICASSO TOWEL","PCS","8907144339374","20","2026-08-18T13:34:32.888Z"
"B","R9","Bin 7","B-R9-Bin7","CTN-B-0064","LOT-B-0001","TWLPC 02 70X150 GY","PICASSO TOWEL","PCS","8907144339091","20","2026-08-18T13:35:52.042Z"
"B","R9","Bin 7","B-R9-Bin7","CTN-B-0067","LOT-B-0001","TWLPC 02 70X150 WT","PICASSO TOWEL","PCS","8907144339114","20","2026-08-18T13:36:28.880Z"
"B","R9","Bin 7","B-R9-Bin7","CTN-B-0068","LOT-B-0001","TWLPC 02 70X150 ANT","PICASSO TOWEL","PCS","8907144339060","20","2026-08-18T13:37:17.235Z"
"B","R9","Bin 7","B-R9-Bin7","CTN-B-0069","LOT-B-0001","TWLPC 04 70X150 GY","PICASSO TOWEL","PCS","8907144339336","20","2026-08-18T13:37:55.949Z"
"B","R9","Bin 8","B-R9-Bin8","CTN-B-0141","LOT-B-0001","TWLPC 04 70X150 GY","PICASSO TOWEL","PCS","8907144339336","20","2026-08-20T13:02:04.337Z"
"B","R9","Bin 8","B-R9-Bin8","CTN-B-0142","LOT-B-0001","TWLPC 01 70X150 WT","PICASSO TOWEL","PCS","8907144338940","20","2026-08-20T13:02:41.375Z"
"B","R9","Bin 8","B-R9-Bin8","CTN-B-0143","LOT-B-0001","TWLPC 04 70X150 ANT","PICASSO TOWEL","PCS","8907144339305","20","2026-08-20T13:03:34.134Z"
"B","R9","Bin 8","B-R9-Bin8","CTN-B-0144","LOT-B-0001","TWLPC 04 70X150 ANT","PICASSO TOWEL","PCS","8907144339305","20","2026-08-20T13:04:50.225Z"
"B","R9","Bin 8","B-R9-Bin8","CTN-B-0145","LOT-B-0001","TWLPC 02 70X150 GY","PICASSO TOWEL","PCS","8907144339091","20","2026-08-20T13:05:47.689Z"
"B","R9","Bin 8","B-R9-Bin8","CTN-B-0146","LOT-B-0001","TWLPC 01 70X150 GY","PICASSO TOWEL","PCS","8907144338988","20","2026-08-20T13:06:20.449Z"
"B","R9","Bin 8","B-R9-Bin8","CTN-B-0147","LOT-B-0001","TWLPC 04 70X150 LBR","PICASSO TOWEL","PCS","8907144339343","20","2026-08-20T13:06:57.370Z"
"B","R9","Bin 8","B-R9-Bin8","CTN-B-0148","LOT-B-0001","TWLPC 01 70X150 WT","PICASSO TOWEL","PCS","8907144338940","20","2026-08-20T13:07:56.966Z"
"B","R9","Bin 8","B-R9-Bin8","CTN-B-0149","LOT-B-0001","TWLPC 06 70X150 WT","PICASSO TOWEL","PCS","8907144339473","20","2026-08-20T13:08:29.361Z"
"B","R9","Bin 8","B-R9-Bin8","CTN-B-0150","LOT-B-0001","TWLPC 05 70X150 GY","PICASSO TOWEL","PCS","8907144339398","20","2026-08-20T13:09:15.999Z"
"B","R9","Bin 8","B-R9-Bin8","CTN-B-0151","LOT-B-0001","TWLPC 05 70X150 GY","PICASSO TOWEL","PCS","8907144339398","20","2026-08-20T13:09:40.843Z"
"B","R9","Bin 8","B-R9-Bin8","CTN-B-0152","LOT-B-0001","TWLPC 05 70X150 BST","PICASSO TOWEL","PCS","8907144339381","20","2026-08-20T13:10:15.802Z"
"B","R9","Bin 8","B-R9-Bin8","CTN-B-0205","LOT-B-0001","TWLPC 01 70X150 WT","PICASSO TOWEL","PCS","8907144338940","20","2026-08-20T13:10:57.682Z"
"B","R9","Bin 8","B-R9-Bin8","CTN-B-0255","LOT-B-0001","TWLPC 02 70X150 ANT","PICASSO TOWEL","PCS","8907144339060","20","2026-08-20T13:11:31.242Z"
"B","R9","Bin 9","B-R9-Bin9","CTN-B-0009","LOT-B-0001","TWLPC 05 40X60 WT","PICASSO TOWEL","PCS","8907144339596","100","2026-08-22T08:57:14.363Z"
"B","R9","Bin 9","B-R9-Bin9","CTN-B-0008","LOT-B-0001","TWLPC 06 40X60 LBR","PICASSO TOWEL","PCS","8907144339640","100","2026-08-22T08:58:26.060Z"
"B","R9","Bin 9","B-R9-Bin9","CTN-B-0011","LOT-B-0001","TWLPC 05 40X60 LBR","PICASSO TOWEL","PCS","8907144339589","100","2026-08-22T08:59:10.115Z"
"B","R9","Bin 9","B-R9-Bin9","CTN-B-0010","LOT-B-0001","TWLPC 03 40X60 BST","PICASSO TOWEL","PCS","8907144339268","81","2026-08-22T10:22:25.537Z"
"B","R9","Bin 9","B-R9-Bin9","CTN-B-0012","LOT-B-0001","TWLPC 01 40X60 GY","PICASSO TOWEL","PCS","8907144339046","100","2026-08-22T10:23:16.230Z"
"B","R9","Bin 9","B-R9-Bin9","CTN-B-0014","LOT-B-0001","TWLPC 05 40X60 ANT","PICASSO TOWEL","PCS","8907144339541","82","2026-08-22T10:24:03.910Z"
"B","R9","Bin 9","B-R9-Bin9","CTN-B-0013","LOT-B-0001","TWLPC 03 40X60 BG","PICASSO TOWEL","PCS","8907144339251","100","2026-08-22T10:25:00.779Z"
"B","R9","Bin 9","B-R9-Bin9","CTN-B-0015","LOT-B-0001","TWLPC 05 40X60 BG","PICASSO TOWEL","PCS","8907144339558","100","2026-08-22T10:26:57.166Z"
"B","R9","Bin 9","B-R9-Bin9","CTN-B-0016","LOT-B-0001","TWLPC 03 40X60 LBR","PICASSO TOWEL","PCS","8907144339282","100","2026-08-22T10:27:39.350Z"
"B","R9","Bin 9","B-R9-Bin9","CTN-B-0018","LOT-B-0001","TWLPC 02 40X60 LBR","PICASSO TOWEL","PCS","8907144339169","100","2026-08-22T10:29:54.126Z"
"B","R9","Bin 9","B-R9-Bin9","CTN-B-0017","LOT-B-0001","TWLPC 02 40X60 WT","PICASSO TOWEL","PCS","8907144339176","100","2026-08-22T13:32:02.076Z"
"B","R9","Bin 9","B-R9-Bin9","CTN-B-0019","LOT-B-0001","TWLPC 01 40X60 ANT","PICASSO TOWEL","PCS","8907144339053","100","2026-08-22T13:34:53.124Z"
"B","R9","Bin 9","B-R9-Bin9","CTN-B-0020","LOT-B-0001","TWLPC 01 40X60 ANT","PICASSO TOWEL","PCS","8907144339053","100","2026-08-22T13:34:48.564Z"
Add Lot No. column to zone table
